Name,Team,O-Swing%,Z-Swing%,Swing%,O-Contact%,Z-Contact%,Contact%,Zone%,F-Strike%,SwStr%,CStr%,CSW%,NameASCII,PlayerId,MLBAMID
"Joey Wendle","NYM",0.41176471,0.51515152,0.46268657,0.53571429,0.94117647,0.75806452,0.49253731,0.81081081,0.1119403,0.2761194,0.3880597,"Joey Wendle",13853,621563
"Eric Haase","MIL",0.31818182,0.70689655,0.48518519,0.44897959,0.75609756,0.64122137,0.42962963,0.68115942,0.17407407,0.20740741,0.38148148,"Eric Haase",14111,606992
"Eguy Rosario","SDP",0.37956204,0.58426966,0.46017699,0.36538462,0.82692308,0.59615385,0.39380531,0.63157895,0.18584071,0.19469027,0.38053097,"Eguy Rosario",19964,666703
"Bobby Dalbec","BOS",0.31404959,0.69005848,0.46973366,0.55263158,0.63559322,0.60309278,0.41404358,0.64516129,0.18554217,0.19036145,0.37590361,"Bobby Dalbec",19966,666915
"Coby Mayo","BAL",0.32075472,0.68292683,0.4787234,0.38235294,0.67857143,0.56666667,0.43617021,0.58695652,0.20744681,0.15957447,0.36702128,"Coby Mayo",28312,691723
"Jose Siri","TBR",0.38512869,0.67117727,0.5033557,0.48267327,0.69959677,0.60222222,0.41331096,0.68080357,0.2,0.16536313,0.36536313,"Jose Siri",17452,642350
"Niko Kavadas","LAA",0.18897638,0.63507109,0.39139785,0.39583333,0.78358209,0.68131868,0.45376344,0.68867925,0.12473118,0.23870968,0.36344086,"Niko Kavadas",29782,694359
"David Villar","SFG",0.28,0.6557377,0.44852941,0.38095238,0.825,0.67213115,0.44852941,0.72972973,0.14705882,0.21323529,0.36029412,"David Villar",24782,681584
"Martín Maldonado","CHW",0.34228188,0.6627907,0.49100719,0.42156863,0.80116959,0.65934066,0.46402878,0.72789116,0.16666667,0.19354839,0.36021505,"Martin Maldonado",6887,455117
"David Hensley","MIA",0.20805369,0.52475248,0.336,0.4516129,0.83018868,0.69047619,0.404,0.60344828,0.10358566,0.25498008,0.35856574,"David Hensley",25111,682073
"Jonathan Ornelas","TEX",0.28888889,0.67123288,0.4601227,0.46153846,0.85714286,0.72,0.44785276,0.675,0.12883436,0.22699387,0.35582822,"Jonathan Ornelas",24597,680716
"Billy Cook","PIT",0.39393939,0.8,0.58152174,0.35897436,0.75,0.60747664,0.46195652,0.65306122,0.22826087,0.125,0.35326087,"Billy Cook",29573,695257
"Jared Walsh","TEX",0.22535211,0.64166667,0.41603053,0.4375,0.67532468,0.60550459,0.45801527,0.53333333,0.16412214,0.1870229,0.35114504,"Jared Walsh",18607,665120
"Seby Zavala","SEA",0.35483871,0.65384615,0.49122807,0.51515152,0.74509804,0.6547619,0.45614035,0.76744186,0.16959064,0.18128655,0.35087719,"Seby Zavala",18887,664874
"Tristan Gray","- - -",0.36486486,0.75510204,0.5203252,0.44444444,0.62162162,0.546875,0.39837398,0.61290323,0.23577236,0.11382114,0.3495935,"Tristan Gray",19877,656484
"Kyle McCann","OAK",0.27900552,0.69708029,0.4591195,0.34653465,0.68586387,0.56849315,0.43081761,0.59872611,0.19811321,0.1509434,0.3490566,"Kyle McCann",25575,668832
"Forrest Wall","- - -",0.27692308,0.6875,0.48062016,0.27777778,0.75,0.61290323,0.49612403,0.68571429,0.18604651,0.1627907,0.34883721,"Forrest Wall",16496,657088
"Tom Murphy","SFG",0.29069767,0.60606061,0.42763158,0.4,0.825,0.66153846,0.43421053,0.68421053,0.14379085,0.20261438,0.34640523,"Tom Murphy",13499,608596
"Oliver Dunn","MIL",0.24186047,0.65024631,0.44019139,0.42307692,0.79545455,0.69021739,0.48564593,0.59615385,0.13636364,0.20813397,0.34449761,"Oliver Dunn",26295,686554
"Jacob Amaya","- - -",0.23837209,0.53488372,0.3654485,0.46341463,0.88405797,0.72727273,0.42857143,0.72222222,0.09933775,0.24503311,0.34437086,"Jacob Amaya",23296,676070
"Niko Goodrum","- - -",0.26829268,0.62068966,0.41428571,0.54545455,0.75,0.67241379,0.41428571,0.54545455,0.13571429,0.20714286,0.34285714,"Niko Goodrum",12092,592348
"Grant McCray","SFG",0.34,0.78538813,0.52793834,0.37254902,0.73255814,0.59854015,0.42196532,0.60769231,0.21153846,0.13076923,0.34230769,"Grant McCray",25690,687529
"Tyler Locklear","SEA",0.3852459,0.71621622,0.51020408,0.42553191,0.8490566,0.65,0.37755102,0.75510204,0.17857143,0.16326531,0.34183673,"Tyler Locklear",31396,682988
"Chadwick Tromp","ATL",0.45192308,0.65384615,0.53846154,0.5106383,0.80392157,0.66326531,0.42857143,0.62962963,0.18131868,0.15934066,0.34065934,"Chadwick Tromp",16953,644433
"Mason McCoy","SDP",0.35384615,0.55882353,0.44396552,0.54347826,0.87719298,0.72815534,0.43965517,0.77192982,0.12068966,0.21982759,0.34051724,"Mason McCoy",22232,669200
"Sam Hilliard","COL",0.33420366,0.65660377,0.46604938,0.4375,0.73563218,0.60927152,0.40895062,0.55063291,0.18153846,0.15692308,0.33846154,"Sam Hilliard",17954,656541
"Gary Sánchez","MIL",0.29799427,0.57173913,0.40673575,0.60096154,0.81749049,0.72186837,0.39723661,0.58571429,0.11312608,0.22452504,0.33765112,"Gary Sanchez",11442,596142
"Justyn-Henry Malloy","DET",0.24460432,0.68505747,0.43794147,0.44117647,0.77181208,0.66820276,0.43895055,0.59565217,0.14501511,0.19234642,0.33736153,"Justyn-Henry Malloy",29606,669234
"Jahmai Jones","NYY",0.30120482,0.5942029,0.43421053,0.48,0.82926829,0.6969697,0.45394737,0.63829787,0.13157895,0.20394737,0.33552632,"Jahmai Jones",18872,663330
"Estevan Florial","CLE",0.30566038,0.78918919,0.50444444,0.43209877,0.67123288,0.58590308,0.41111111,0.59459459,0.20842572,0.12638581,0.33481153,"Estevan Florial",19151,664314
"Jhonkensy Noel","CLE",0.4688172,0.67181467,0.54143646,0.51376147,0.8908046,0.68112245,0.35773481,0.7020202,0.17217631,0.16253444,0.33471074,"Jhonkensy Noel",24257,678877
"Daniel Vogelbach","TOR",0.17391304,0.47586207,0.29829545,0.72222222,0.94202899,0.86666667,0.41193182,0.48101266,0.04143646,0.29281768,0.33425414,"Daniel Vogelbach",14130,596129
"Michael A. Taylor","PIT",0.32416787,0.70450098,0.48585691,0.41071429,0.76111111,0.62671233,0.42512479,0.66333333,0.18076285,0.15257048,0.33333333,"Michael A. Taylor",11489,572191
"David Bote","CHC",0.44680851,0.75,0.57407407,0.54761905,0.78431373,0.67741935,0.41975309,0.66666667,0.18518519,0.14814815,0.33333333,"David Bote",14593,623520
"James Outman","LAD",0.30458221,0.7148289,0.47476341,0.45132743,0.79255319,0.66445183,0.4148265,0.67307692,0.15905512,0.17322835,0.33228346,"James Outman",24770,681546
"Jack López","LAA",0.44680851,0.67669173,0.55839416,0.50793651,0.83333333,0.69934641,0.48540146,0.70422535,0.16788321,0.16423358,0.33211679,"Jack Lopez",13663,605346
"Alex Jackson","TBR",0.3984375,0.72083333,0.5224359,0.49673203,0.74566474,0.62883436,0.38461538,0.69032258,0.19298246,0.13875598,0.33173844,"Alex Jackson",17276,656577
"Luis De Los Santos","TOR",0.32051282,0.65116279,0.43801653,0.56,0.89285714,0.73584906,0.3553719,0.64516129,0.11570248,0.21487603,0.33057851,"Luis De Los Santos",21682,665782
"Mitch Garver","SEA",0.23724008,0.59577279,0.38677686,0.52988048,0.8248337,0.71937322,0.41707989,0.61860465,0.10853994,0.2214876,0.33002755,"Mitch Garver",15161,641598
"Nolan Gorman","STL",0.34657837,0.72278665,0.50909091,0.46496815,0.74297189,0.63546798,0.43197492,0.62686567,0.18534753,0.14464621,0.32999374,"Nolan Gorman",22263,669357
"René Pinto","TBR",0.33628319,0.73611111,0.49189189,0.44736842,0.69811321,0.59340659,0.38918919,0.48979592,0.2,0.12972973,0.32972973,"Rene Pinto",19859,650907
"Oneil Cruz","PIT",0.33473096,0.65578947,0.46283074,0.53235908,0.78170144,0.67332123,0.39899202,0.63772955,0.1509434,0.17819706,0.32914046,"Oneil Cruz",21711,665833
"Jhonny Pereda","MIA",0.35294118,0.5890411,0.46202532,0.63333333,0.86046512,0.76712329,0.46202532,0.775,0.10759494,0.22151899,0.32911392,"Jhonny Pereda",19802,640902
"Kris Bryant","COL",0.34933333,0.68240343,0.47697368,0.50381679,0.78616352,0.65862069,0.38322368,0.61935484,0.16282895,0.16611842,0.32894737,"Kris Bryant",15429,592178
"Derek Hill","- - -",0.39820359,0.71272727,0.54022989,0.44360902,0.82142857,0.66869301,0.45155993,0.65697674,0.17898194,0.14942529,0.32840722,"Derek Hill",16947,656537
"James Wood","WSN",0.22911392,0.57980456,0.38247863,0.51933702,0.83707865,0.72998138,0.43732194,0.62202381,0.10327635,0.22507123,0.32834758,"James Wood",29518,695578
"Trey Cabbage","HOU",0.38536585,0.7480916,0.52678571,0.36708861,0.80612245,0.61016949,0.38988095,0.61538462,0.20535714,0.12202381,0.32738095,"Trey Cabbage",21078,663550
"Zack Gelof","OAK",0.32838428,0.74505495,0.51289538,0.45478723,0.76253687,0.65275142,0.44282238,0.65447898,0.17801556,0.14737354,0.32538911,"Zack Gelof",29766,680869
"Yan Gomes","CHC",0.43981481,0.78616352,0.58666667,0.49473684,0.816,0.67727273,0.424,0.63541667,0.18882979,0.1356383,0.32446809,"Yan Gomes",9627,543228
"Garrett Cooper","- - -",0.36090226,0.61956522,0.46666667,0.61458333,0.83333333,0.73333333,0.40888889,0.63793103,0.12444444,0.2,0.32444444,"Garrett Cooper",15279,643265
"Elly De La Cruz","CIN",0.29652227,0.62410072,0.42893493,0.49794239,0.8054755,0.67881356,0.40421665,0.61925287,0.13761801,0.18663762,0.32425563,"Elly De La Cruz",26668,682829
"Aaron Hicks","LAA",0.28143713,0.65811966,0.43661972,0.57446809,0.77922078,0.7016129,0.41197183,0.6031746,0.13028169,0.19366197,0.32394366,"Aaron Hicks",5297,543305
"Austin Shenton","TBR",0.2173913,0.60824742,0.39622642,0.56,0.74576271,0.69047619,0.45754717,0.58,0.12206573,0.20187793,0.32394366,"Austin Shenton",25425,668853
"Marco Luciano","SFG",0.18823529,0.67096774,0.41846154,0.46875,0.82692308,0.74264706,0.47692308,0.71604938,0.10769231,0.21538462,0.32307692,"Marco Luciano",25616,682617
"Jerar Encarnacion","SFG",0.38028169,0.62621359,0.48367347,0.59259259,0.86046512,0.73839662,0.42040816,0.72268908,0.12653061,0.19591837,0.32244898,"Jerar Encarnacion",21871,666464
"Zach Dezenzo","HOU",0.34848485,0.7079646,0.51428571,0.60869565,0.75,0.6984127,0.46122449,0.56923077,0.15510204,0.16734694,0.32244898,"Zach Dezenzo",31562,701305
"Sean Bouchard","COL",0.24596774,0.68306011,0.43155452,0.52459016,0.784,0.69892473,0.42459397,0.67592593,0.12962963,0.19212963,0.32175926,"Sean Bouchard",21270,656248
"Bryan Ramos","CHW",0.26495726,0.65217391,0.4354067,0.56451613,0.80833333,0.72527473,0.44019139,0.65740741,0.11904762,0.20238095,0.32142857,"Bryan Ramos",25621,682868
"Esteury Ruiz","OAK",0.35915493,0.68269231,0.49593496,0.47058824,0.85915493,0.69672131,0.42276423,0.63076923,0.1504065,0.17073171,0.32113821,"Esteury Ruiz",21780,665923
"Brandon Crawford","STL",0.33333333,0.73611111,0.51401869,0.38983051,0.82075472,0.66666667,0.44859813,0.6875,0.17133956,0.14953271,0.32087227,"Brandon Crawford",5343,543063
"Junior Caminero","TBR",0.38574939,0.64414414,0.47694754,0.60509554,0.81118881,0.70333333,0.35294118,0.62711864,0.14126984,0.17936508,0.32063492,"Junior Caminero",28163,691406
"Blake Perkins","MIL",0.27336683,0.59810555,0.41176471,0.60661765,0.84162896,0.75210084,0.42618224,0.64746544,0.10201729,0.2184438,0.3204611,"Blake Perkins",19921,663368
"Dane Myers","MIA",0.30396476,0.57575758,0.43058824,0.65217391,0.78947368,0.73770492,0.46588235,0.57407407,0.11294118,0.20705882,0.32,"Dane Myers",22054,667472
"Cavan Biggio","- - -",0.19521912,0.58057395,0.37801047,0.56122449,0.87072243,0.7867036,0.47434555,0.66071429,0.08054393,0.23849372,0.31903766,"Cavan Biggio",19252,624415
"Jake Rogers","DET",0.30640669,0.70185185,0.47615262,0.51363636,0.79683377,0.69282137,0.42925278,0.60534125,0.14614774,0.17235902,0.31850675,"Jake Rogers",19452,668670
"Michael Siani","STL",0.32492582,0.64006515,0.47515528,0.5890411,0.81424936,0.73366013,0.47670807,0.65568862,0.12645462,0.19162141,0.31807603,"Michael Siani",22557,672279
"Davis Wendzel","TEX",0.40449438,0.64197531,0.51764706,0.69444444,0.78846154,0.75,0.47647059,0.63265306,0.12941176,0.18823529,0.31764706,"Davis Wendzel",26469,673995
"Dominic Canzone","SEA",0.40677966,0.68904594,0.52155172,0.54166667,0.81025641,0.68595041,0.4066092,0.70744681,0.1637931,0.15373563,0.31752874,"Dominic Canzone",26438,686527
"Giancarlo Stanton","NYY",0.34375,0.6509434,0.46830601,0.55347594,0.78467909,0.68378063,0.40546448,0.583878,0.14784506,0.16966721,0.31751227,"Giancarlo Stanton",4949,519317
"Tucker Barnhart","ARI",0.25118483,0.57926829,0.39466667,0.60377358,0.81052632,0.73648649,0.43733333,0.63541667,0.104,0.21333333,0.31733333,"Tucker Barnhart",10200,571466
"Nolan Jones","COL",0.25945946,0.5828877,0.3989239,0.61979167,0.85015291,0.76493256,0.43120676,0.60606061,0.093702,0.2235023,0.3172043,"Nolan Jones",20529,666134
"Jordan Beck","COL",0.37958115,0.75090253,0.53566009,0.55172414,0.79326923,0.69405099,0.42033384,0.66304348,0.16388467,0.15326252,0.31714719,"Jordan Beck",31431,687597
"Trey Sweeney","DET",0.35887097,0.675,0.5,0.42696629,0.83703704,0.67410714,0.44642857,0.6302521,0.16294643,0.15401786,0.31696429,"Trey Sweeney",29575,700242
"Ben Gamel","- - -",0.20560748,0.60479042,0.38057743,0.40909091,0.8019802,0.68275862,0.43832021,0.52525253,0.12041885,0.19633508,0.31675393,"Ben Gamel",12160,592325
"Will Benson","CIN",0.26247289,0.73978202,0.47403382,0.40495868,0.74769797,0.64203822,0.44323671,0.60309278,0.1694813,0.14716526,0.31664656,"Will Benson",21853,666181
"Gabriel Arias","CLE",0.43962848,0.80784314,0.60207612,0.47183099,0.75242718,0.63793103,0.44117647,0.69565217,0.21799308,0.09861592,0.316609,"Gabriel Arias",22563,672356
"Matt Thaiss","LAA",0.24884793,0.715625,0.4469496,0.43518519,0.71615721,0.62611276,0.42440318,0.61290323,0.16688742,0.14966887,0.31655629,"Matt Thaiss",19318,642136
"Colton Cowser","BAL",0.27638573,0.66297787,0.44266551,0.5,0.82852807,0.71163245,0.43011683,0.58110517,0.12753999,0.18849978,0.31603978,"Colton Cowser",29591,681297
"Joey Gallo","WSN",0.24878049,0.72391304,0.45209302,0.45751634,0.71771772,0.63580247,0.42790698,0.58461538,0.16449814,0.15148699,0.31598513,"Joey Gallo",14128,608336
"Joey Loperfido","- - -",0.37244898,0.72389791,0.52109912,0.49771689,0.80128205,0.67608286,0.42296369,0.65648855,0.17131474,0.14442231,0.31573705,"Joey Loperfido",29630,694388
"Triston Casas","BOS",0.28136201,0.65588915,0.44500505,0.56687898,0.75704225,0.6893424,0.43693239,0.58024691,0.13810484,0.17741935,0.31552419,"Triston Casas",22514,671213
"Sean Murphy","ATL",0.30588235,0.64605544,0.45582707,0.57142857,0.81848185,0.7257732,0.44078947,0.66287879,0.12476548,0.19043152,0.315197,"Sean Murphy",19352,669221
"Miguel Sanó","LAA",0.30543933,0.68711656,0.460199,0.39726027,0.78571429,0.63243243,0.40547264,0.58947368,0.16873449,0.14640199,0.31513648,"Miguel Sano",12164,593934
"Tyler Fitzgerald","SFG",0.29372497,0.68846816,0.46616541,0.52272727,0.8,0.7016129,0.43684211,0.65102639,0.13899324,0.17580766,0.3148009,"Tyler Fitzgerald",26208,666149
"Ryan Noda","OAK",0.21708185,0.67889908,0.41883768,0.42622951,0.7972973,0.68899522,0.43687375,0.55855856,0.13026052,0.18436874,0.31462926,"Ryan Noda",23312,676116
"Michael Toglia","COL",0.29148753,0.69220608,0.44947917,0.45722714,0.80343511,0.66743917,0.39427083,0.60917031,0.14947917,0.16458333,0.3140625,"Michael Toglia",25845,669911
"Addison Barger","TOR",0.35416667,0.59366755,0.45983702,0.63529412,0.85777778,0.76202532,0.44121071,0.64,0.10930233,0.20465116,0.31395349,"Addison Barger",24598,680718
"Randy Arozarena","- - -",0.27299881,0.61727273,0.40951694,0.64551422,0.78497791,0.72887324,0.39653929,0.625,0.11095101,0.2028098,0.31376081,"Randy Arozarena",19290,668227
"José Caballero","TBR",0.37706342,0.67250674,0.49286846,0.5921659,0.84769539,0.72883173,0.39197042,0.66252588,0.13343882,0.17985232,0.31329114,"Jose Caballero",23401,676609
"Edouard Julien","MIN",0.22585227,0.64218456,0.4048583,0.49056604,0.82111437,0.716,0.42995951,0.61129568,0.11488673,0.19822006,0.3131068,"Edouard Julien",27534,666397
"Leo Jiménez","TOR",0.31368421,0.65053763,0.46162928,0.60402685,0.82231405,0.73913043,0.43919717,0.65238095,0.12042503,0.19244392,0.31286895,"Leo Jimenez",23782,677870
"Leo Rivas","SEA",0.16336634,0.6035503,0.3638814,0.48484848,0.83333333,0.74814815,0.45552561,0.58139535,0.0916442,0.22102426,0.31266846,"Leo Rivas",21009,660844
"Luis Robert Jr.","CHW",0.38917263,0.74920635,0.53014295,0.49081365,0.81355932,0.66940211,0.39154755,0.70352941,0.17526414,0.13735239,0.31261653,"Luis Robert Jr.",20043,673357
"Jarred Kelenic","ATL",0.33097166,0.71168831,0.49772469,0.50458716,0.79927007,0.68914286,0.43799772,0.65701559,0.15472127,0.15756542,0.31228669,"Jarred Kelenic",22558,672284
"Pablo Reyes","- - -",0.25547445,0.6,0.41269841,0.8,0.84057971,0.82692308,0.45634921,0.671875,0.07114625,0.24110672,0.31225296,"Pablo Reyes",16357,622569
"Drew Romo","COL",0.44117647,0.68965517,0.55555556,0.53333333,0.86666667,0.72380952,0.46031746,0.77358491,0.15343915,0.15873016,0.31216931,"Drew Romo",27763,691011
"Harold Ramírez","- - -",0.48628885,0.68787879,0.56214367,0.60526316,0.83259912,0.70993915,0.37628278,0.69918699,0.16287016,0.14920273,0.31207289,"Harold Ramirez",14387,623912
"Adrian Del Castillo","ARI",0.34158416,0.73134328,0.49702381,0.5942029,0.80612245,0.71856287,0.39880952,0.64367816,0.13946588,0.17210682,0.3115727,"Adrian Del Castillo",29554,680728
"Davis Schneider","TOR",0.25675676,0.68164313,0.42536933,0.55921053,0.80602637,0.71616766,0.39684157,0.57929515,0.12050633,0.19088608,0.31139241,"Davis Schneider",23565,676914
"Akil Baddoo","DET",0.31693989,0.68148148,0.47169811,0.5,0.81521739,0.69333333,0.4245283,0.62195122,0.14465409,0.16666667,0.31132075,"Akil Baddoo",22168,668731
"Trent Grisham","NYY",0.15659955,0.59213759,0.36416862,0.52857143,0.85477178,0.78135048,0.4765808,0.61722488,0.07953216,0.23157895,0.31111111,"Trent Grisham",18564,663757
"Mark Vientos","NYM",0.35874878,0.69535519,0.4991453,0.53678474,0.78388998,0.6803653,0.41709402,0.64757709,0.1594533,0.15148064,0.31093394,"Mark Vientos",22184,668901
"Jordan Walker","STL",0.34771574,0.70909091,0.49626308,0.48905109,0.84615385,0.69879518,0.41106129,0.66292135,0.14947683,0.16143498,0.31091181,"Jordan Walker",27475,691023
"Matt Wallner","MIN",0.28874388,0.75539568,0.4776699,0.48022599,0.72380952,0.63617886,0.40485437,0.61302682,0.17361785,0.13676043,0.31037827,"Matt Wallner",26466,670242
"Josh Jung","TEX",0.37817259,0.70568562,0.51948052,0.55704698,0.81990521,0.71111111,0.43145743,0.67553191,0.15007215,0.16017316,0.31024531,"Josh Jung",26299,673962
"Jon Singleton","HOU",0.25809822,0.61883408,0.40651907,0.53441296,0.82608696,0.71709531,0.41143911,0.5654321,0.11486486,0.1953317,0.31019656,"Jon Singleton",10441,572138
"Justin Foscue","TEX",0.35779817,0.69230769,0.4973262,0.56410256,0.83333333,0.72043011,0.4171123,0.63636364,0.13903743,0.17112299,0.31016043,"Justin Foscue",27501,679822
"Brian Serven","TOR",0.31724138,0.68141593,0.47674419,0.65217391,0.83116883,0.76422764,0.4379845,0.5915493,0.1124031,0.19767442,0.31007752,"Brian Serven",19422,661531
"Rece Hinds","CIN",0.44537815,0.765625,0.55737705,0.43396226,0.87755102,0.64705882,0.34972678,0.70588235,0.19565217,0.11413043,0.30978261,"Rece Hinds",27493,677956
"Zach Remillard","CHW",0.20987654,0.52857143,0.35761589,0.64705882,0.86486486,0.7962963,0.46357616,0.53846154,0.07236842,0.23684211,0.30921053,"Zach Remillard",19788,621545
"Javier Báez","DET",0.44,0.67027027,0.52352941,0.60839161,0.84677419,0.71910112,0.3627451,0.66782007,0.14771623,0.16132167,0.3090379,"Javier Baez",12979,595879
"Jackson Holliday","BAL",0.30573248,0.65633803,0.45641646,0.52083333,0.81545064,0.70291777,0.42978208,0.59615385,0.13542926,0.17291415,0.30834341,"Jackson Holliday",31781,702616
"Tyler O'Neill","BOS",0.28870293,0.68441065,0.44606855,0.52173913,0.77777778,0.6779661,0.39768145,0.61310782,0.14357683,0.16423174,0.30780856,"Tyler O'Neill",15711,641933
"Ben Rortvedt","TBR",0.30534351,0.59194396,0.42593957,0.5875,0.85207101,0.74221453,0.42078113,0.56097561,0.10972018,0.19808542,0.3078056,"Ben Rortvedt",20287,666163
"Armando Alvarez","OAK",0.35294118,0.62962963,0.46043165,0.83333333,0.82352941,0.828125,0.38848921,0.71794872,0.07857143,0.22857143,0.30714286,"Armando Alvarez",19292,669137
"Graham Pauley","SDP",0.28358209,0.7260274,0.51428571,0.47368421,0.8490566,0.75,0.52142857,0.5625,0.12857143,0.17857143,0.30714286,"Graham Pauley",31363,688363
"Adam Duvall","ATL",0.36906377,0.66407767,0.49041534,0.59558824,0.8625731,0.74429967,0.41134185,0.63939394,0.12519936,0.18181818,0.30701754,"Adam Duvall",10950,594807
"Yasmani Grandal","PIT",0.30155642,0.52283105,0.40336134,0.74193548,0.86462882,0.81510417,0.46008403,0.57613169,0.07457983,0.23214286,0.30672269,"Yasmani Grandal",11368,518735
"Max Schuemann","OAK",0.24639076,0.6419598,0.41798365,0.53515625,0.84148728,0.73924381,0.43378747,0.60784314,0.10893246,0.19771242,0.30664488,"Max Schuemann",24488,680474
"Kyle Manzardo","CLE",0.3125,0.6584507,0.46698113,0.54545455,0.84491979,0.73400673,0.44654088,0.66025641,0.12421384,0.18238994,0.30660377,"Kyle Manzardo",29794,700932
"Mitch Haniger","SEA",0.26785714,0.672,0.44027304,0.51481481,0.79563492,0.69767442,0.42662116,0.62174941,0.1331058,0.17292378,0.30602958,"Mitch Haniger",14274,571745
"Steward Berroa","TOR",0.2300885,0.55714286,0.35519126,0.65384615,0.76923077,0.72307692,0.38251366,0.48888889,0.09836066,0.20765027,0.30601093,"Steward Berroa",22766,672642
"Kyle Higashioka","SDP",0.31456954,0.64847162,0.45856874,0.6,0.85521886,0.75564682,0.43126177,0.60456274,0.11194732,0.19379116,0.30573848,"Kyle Higashioka",5517,543309
"Matt Carpenter","STL",0.23746702,0.66206897,0.42152466,0.53333333,0.83333333,0.73758865,0.43348281,0.53503185,0.11028316,0.195231,0.30551416,"Matt Carpenter",8090,572761
"Evan Carter","TEX",0.21590909,0.58108108,0.38271605,0.55263158,0.87790698,0.77822581,0.45679012,0.59876543,0.08474576,0.22033898,0.30508475,"Evan Carter",27790,694497
"Jonah Bride","MIA",0.25846154,0.53648915,0.38029386,0.76190476,0.89705882,0.84545455,0.43820225,0.65808824,0.05872193,0.24525043,0.30397237,"Jonah Bride",24703,681146
"Harrison Bader","NYM",0.36036961,0.61812779,0.4656952,0.63247863,0.89423077,0.77444589,0.40862174,0.61098398,0.10491207,0.19890843,0.3038205,"Harrison Bader",18030,664056
"Andrew McCutchen","PIT",0.2160596,0.67853403,0.42024965,0.55938697,0.80864198,0.73707371,0.44151641,0.62912621,0.11039261,0.19307159,0.3034642,"Andrew McCutchen",9847,457705
"Jace Jung","DET",0.31140351,0.66455696,0.45595855,0.56338028,0.81904762,0.71590909,0.40932642,0.54255319,0.12953368,0.17357513,0.30310881,"Jace Jung",31437,690291
"Garrett Mitchell","MIL",0.22664016,0.70618557,0.43546577,0.42982456,0.7810219,0.67783505,0.43546577,0.61607143,0.14029181,0.1627385,0.3030303,"Garrett Mitchell",27555,669003
"Johnathan Rodriguez","CLE",0.33333333,0.70689655,0.45714286,0.53846154,0.68292683,0.6125,0.33142857,0.675,0.17714286,0.12571429,0.30285714,"Johnathan Rodriguez",22530,671286
"Tomás Nido","- - -",0.44169611,0.80269058,0.60079051,0.528,0.7877095,0.68092105,0.44071146,0.72142857,0.1916996,0.11067194,0.30237154,"Tomas Nido",13755,621512
"Logan O'Hoppe","LAA",0.37873754,0.7403599,0.52068618,0.53289474,0.80729167,0.68604651,0.3925328,0.64176245,0.16322418,0.13904282,0.302267,"Logan O'Hoppe",24729,681351
"Tommy Pham","- - -",0.22105263,0.62414579,0.4050962,0.6017316,0.8649635,0.78690629,0.45657826,0.61924686,0.08632345,0.21580863,0.30213209,"Tommy Pham",2967,502054
"Johan Rojas","PHI",0.35657895,0.62741652,0.47253574,0.68634686,0.86554622,0.78821656,0.42814146,0.7107438,0.10007524,0.20165538,0.30173062,"Johan Rojas",24336,679032
"Thomas Saggese","STL",0.44859813,0.65853659,0.53968254,0.6875,0.87037037,0.78431373,0.43386243,0.75,0.11640212,0.18518519,0.3015873,"Thomas Saggese",27883,695336
"Kyle Schwarber","PHI",0.24014337,0.62648557,0.3997195,0.52238806,0.80216802,0.70350877,0.41304348,0.56213873,0.11838879,0.18318739,0.30157618,"Kyle Schwarber",16478,656941
"Willson Contreras","STL",0.33004926,0.73637961,0.4974656,0.44402985,0.81384248,0.66957787,0.41202028,0.60614525,0.16413594,0.1373825,0.30151844,"Willson Contreras",11609,575929
"Jake Burger","MIA",0.41306058,0.69839308,0.52403846,0.57142857,0.84778761,0.7146789,0.38894231,0.65803109,0.14930389,0.15218435,0.30148824,"Jake Burger",22275,669394
"Alek Thomas","ARI",0.33168317,0.67647059,0.48924731,0.58208955,0.85217391,0.75274725,0.45698925,0.6407767,0.12096774,0.18010753,0.30107527,"Alek Thomas",23792,677950
"Miles Mastrobuoni","CHC",0.29357798,0.57668712,0.41469816,0.71875,0.87234043,0.81012658,0.42782152,0.56603774,0.07853403,0.22251309,0.30104712,"Miles Mastrobuoni",20017,670156
"Weston Wilson","PHI",0.30769231,0.67088608,0.4591029,0.44117647,0.86792453,0.70114943,0.41688654,0.58163265,0.13720317,0.16358839,0.30079156,"Weston Wilson",19358,642215
"Danny Mendick","CHW",0.30927835,0.6746988,0.47777778,0.67777778,0.77380952,0.74031008,0.46111111,0.60992908,0.12361624,0.17712177,0.30073801,"Danny Mendick",18889,664901
"Jamie Westbrook","BOS",0.33613445,0.62962963,0.455,0.525,0.84313725,0.7032967,0.405,0.64583333,0.135,0.165,0.3,"Jamie Westbrook",15504,642197
"Casey Schmitt","SFG",0.40825688,0.68589744,0.52406417,0.60674157,0.88785047,0.76020408,0.4171123,0.7079646,0.12566845,0.17379679,0.29946524,"Casey Schmitt",27577,669477
"Francisco Alvarez","NYM",0.32220796,0.6557971,0.46055597,0.56972112,0.84530387,0.7324633,0.41472577,0.62573099,0.12303076,0.17629407,0.29932483,"Francisco Alvarez",26121,682626
"Austin Hedges","CLE",0.32068966,0.76653696,0.53016453,0.4516129,0.79187817,0.68275862,0.46983547,0.63013699,0.16788321,0.13138686,0.29927007,"Austin Hedges",12976,595978
"Corey Julks","CHW",0.33860045,0.62037037,0.45762712,0.62,0.86567164,0.76068376,0.42242503,0.62962963,0.10923277,0.18985696,0.29908973,"Corey Julks",20311,667452
"Donovan Solano","SDP",0.33238636,0.64499121,0.47211312,0.62393162,0.89100817,0.78702163,0.44697565,0.63430421,0.10047096,0.19858713,0.29905808,"Donovan Solano",8623,456781
"Nick Yorke","PIT",0.31775701,0.71641791,0.47126437,0.55882353,0.8125,0.70731707,0.38505747,0.76190476,0.13793103,0.16091954,0.29885057,"Nick Yorke",27504,694377
"Ali Sánchez","MIA",0.34502924,0.64071856,0.49112426,0.6779661,0.85981308,0.79518072,0.49408284,0.70833333,0.10059172,0.19822485,0.29881657,"Ali Sanchez",18551,645305
"Nelson Velázquez","KCR",0.29143898,0.73446328,0.46511628,0.45,0.81538462,0.67619048,0.39202658,0.6173913,0.15044248,0.14823009,0.29867257,"Nelson Velazquez",23359,676369
"Oscar Colás","CHW",0.41860465,0.65517241,0.51388889,0.63888889,0.86842105,0.75675676,0.40277778,0.71052632,0.125,0.17361111,0.29861111,"Oscar Colas",30162,693049
"Joey Bart","PIT",0.2977707,0.60843373,0.43516874,0.58823529,0.86138614,0.75714286,0.44227353,0.64539007,0.10512367,0.1934629,0.29858657,"Joey Bart",21524,663698
"Rhys Hoskins","MIL",0.28060413,0.61522843,0.42755239,0.66572238,0.83168317,0.77059437,0.439144,0.61508704,0.09803922,0.20053476,0.29857398,"Rhys Hoskins",16472,656555
"José Abreu","HOU",0.37847222,0.70707071,0.51234568,0.64220183,0.84285714,0.75502008,0.40740741,0.60833333,0.1255144,0.17283951,0.29835391,"Jose Abreu",15676,547989
"Paul Goldschmidt","STL",0.32308698,0.67199327,0.47571744,0.65587045,0.80600751,0.74864656,0.43745401,0.63914373,0.11948529,0.17867647,0.29816176,"Paul Goldschmidt",9218,502671
"Tim Anderson","MIA",0.41449814,0.71990172,0.54603175,0.60538117,0.79180887,0.71124031,0.43068783,0.63485477,0.15750529,0.14059197,0.29809725,"Tim Anderson",15172,641313
"Mark Canha","- - -",0.26569609,0.61157025,0.41623844,0.72945205,0.84555985,0.8037037,0.4352518,0.61255411,0.08162218,0.2161191,0.29774127,"Mark Canha",11445,592192
"Pedro Pagés","STL",0.38105263,0.67112299,0.50883392,0.61325967,0.87649402,0.7662037,0.44051826,0.69266055,0.11882353,0.17882353,0.29764706,"Pedro Pages",25782,686780
"Christopher Morel","- - -",0.2965368,0.71917098,0.47001276,0.54987835,0.76368876,0.6841629,0.41046363,0.64157119,0.14838435,0.14923469,0.29761905,"Christopher Morel",21897,666624
"Robbie Grossman","- - -",0.17979452,0.60178971,0.36275461,0.67619048,0.84758364,0.79946524,0.43355965,0.5877551,0.07267442,0.2248062,0.29748062,"Robbie Grossman",5254,543257
"Jose Trevino","NYY",0.31588785,0.53462604,0.40401786,0.74556213,0.9119171,0.83425414,0.40290179,0.64957265,0.06681514,0.23051225,0.29732739,"Jose Trevino",16725,624431
"Lars Nootbaar","STL",0.20441989,0.5729443,0.37191079,0.71891892,0.8912037,0.83954619,0.45449066,0.56296296,0.0596745,0.23749247,0.29716697,"Lars Nootbaar",21454,663457
"Christian Encarnacion-Strand","CIN",0.43703704,0.74033149,0.55875831,0.57627119,0.86567164,0.73015873,0.40133038,0.63414634,0.15077605,0.14634146,0.29711752,"Christian Encarnacion-Strand",30011,687952
"Henry Davis","PIT",0.27540984,0.74074074,0.46833013,0.53571429,0.75,0.67622951,0.41458733,0.62295082,0.151341,0.14559387,0.29693487,"Henry Davis",29617,680779
"Ryan Bliss","SEA",0.26241135,0.76271186,0.49034749,0.45945946,0.74444444,0.66141732,0.45559846,0.67605634,0.16538462,0.13076923,0.29615385,"Ryan Bliss",29547,669208
"Brandon Marsh","PHI",0.26847291,0.63117871,0.41106129,0.56574924,0.86746988,0.74787879,0.39312407,0.59663866,0.10348259,0.19253731,0.2960199,"Brandon Marsh",20202,669016
"J.D. Davis","- - -",0.30031949,0.75912409,0.51448041,0.56382979,0.75961538,0.6986755,0.46678024,0.65605096,0.15449915,0.14091681,0.29541596,"J.D. Davis",16219,605204
"Jose Herrera","ARI",0.24363636,0.61061947,0.40918164,0.6119403,0.87681159,0.7902439,0.4510978,0.5877193,0.08582834,0.20958084,0.29540918,"Jose Herrera",17040,645444
"Dominic Fletcher","CHW",0.34108527,0.63802083,0.46777778,0.71590909,0.88163265,0.81235154,0.42666667,0.66390041,0.08768036,0.20754717,0.29522752,"Dominic Fletcher",26149,666150
"Ceddanne Rafaela","BOS",0.49548811,0.78705882,0.61527308,0.58443709,0.79671151,0.69599372,0.41082649,0.70402802,0.18695652,0.10821256,0.29516908,"Ceddanne Rafaela",24262,678882
"Rob Refsnyder","BOS",0.27534039,0.68391867,0.45923461,0.56043956,0.83513514,0.74456522,0.45008319,0.64169381,0.11720698,0.17788861,0.29509559,"Rob Refsnyder",13770,608701
"Alex Kirilloff","MIN",0.31887755,0.72982456,0.49187592,0.52,0.83653846,0.71771772,0.42097489,0.58426966,0.13864307,0.15634218,0.29498525,"Alex Kirilloff",20325,666135
"Paul DeJong","- - -",0.38588008,0.82619339,0.5802269,0.4962406,0.7762963,0.67225326,0.44138304,0.63278008,0.19016748,0.10480821,0.29497569,"Paul DeJong",18015,657557
"Austin Slater","- - -",0.22782258,0.6761658,0.42403628,0.61061947,0.77394636,0.72459893,0.43764172,0.61792453,0.11678005,0.17800454,0.29478458,"Austin Slater",16153,596103
"Luke Raley","SEA",0.32786885,0.76662144,0.51663748,0.44375,0.79823009,0.6700565,0.43023935,0.61098901,0.17036173,0.12427071,0.29463244,"Luke Raley",19354,670042
"Michael Stefanic","LAA",0.26104418,0.56652361,0.40871369,0.73846154,0.98484848,0.9035533,0.48340249,0.66935484,0.03941909,0.25518672,0.29460581,"Michael Stefanic",25353,683021
"Eugenio Suárez","ARI",0.30480167,0.68959276,0.47206924,0.50684932,0.85564304,0.72833333,0.43469709,0.6515625,0.12819505,0.16633897,0.29453401,"Eugenio Suarez",12552,553993
"Enmanuel Valdez","BOS",0.29962547,0.62857143,0.43743199,0.66875,0.88016529,0.7960199,0.41893362,0.62780269,0.08903366,0.20521173,0.29424539,"Enmanuel Valdez",21716,665839
"Seiya Suzuki","CHC",0.23565159,0.62743191,0.39617377,0.62750716,0.85736434,0.77665996,0.40972499,0.57606838,0.0883758,0.2058121,0.2941879,"Seiya Suzuki",30116,673548
"Kevin Kiermaier","- - -",0.34635879,0.77876106,0.53891626,0.49230769,0.77272727,0.67276051,0.4453202,0.64768683,0.17745098,0.11666667,0.29411765,"Kevin Kiermaier",11038,595281
"Adolis García","TEX",0.37091608,0.75950668,0.52012628,0.5388601,0.78755074,0.67830046,0.3839779,0.64521193,0.16732439,0.12667719,0.29400158,"Adolis Garcia",19287,666969
"Teoscar Hernández","LAD",0.32848645,0.76347032,0.51111963,0.51307847,0.78708134,0.68492123,0.41986196,0.64417178,0.16091954,0.13295019,0.29386973,"Teoscar Hernandez",13066,606192
"Joey Ortiz","MIL",0.26649958,0.55507559,0.39236929,0.73667712,0.92217899,0.85114046,0.43617522,0.58317025,0.05829807,0.23554302,0.29384109,"Joey Ortiz",25493,687401
"Taylor Ward","LAA",0.23347107,0.68439407,0.43247403,0.56932153,0.84840764,0.76423488,0.44132359,0.61387632,0.10188389,0.19184929,0.29373318,"Taylor Ward",17548,621493
"Bo Naylor","CLE",0.31236203,0.6643454,0.4679803,0.60070671,0.81551363,0.73552632,0.44211823,0.61182519,0.12376847,0.16995074,0.29371921,"Bo Naylor",21865,666310
"Rowdy Tellez","PIT",0.29530917,0.60851648,0.43217287,0.60649819,0.90970655,0.79305556,0.43697479,0.57007126,0.08911483,0.20454545,0.29366029,"Rowdy Tellez",15679,642133
"Noelvi Marte","CIN",0.40699816,0.75516224,0.54081633,0.54751131,0.859375,0.7148847,0.38435374,0.65289256,0.15419501,0.13945578,0.29365079,"Noelvi Marte",26517,682622
"Max Muncy","LAD",0.24204703,0.65154639,0.40645695,0.52,0.81012658,0.70672098,0.40149007,0.58361775,0.1191067,0.1745244,0.2936311,"Max Muncy",13301,571970
"Jackson Chourio","MIL",0.34035383,0.68092105,0.48832778,0.5990099,0.86151369,0.75804878,0.43449262,0.64746946,0.11775878,0.17568851,0.29344729,"Jackson Chourio",28806,694192
"Jacob Stallings","COL",0.2875817,0.670282,0.45200373,0.57386364,0.84142395,0.7443299,0.42963653,0.60854093,0.11545624,0.17783985,0.29329609,"Jacob Stallings",13723,607732
"Korey Lee","CHW",0.38261997,0.82522796,0.58642407,0.48135593,0.7679558,0.66706444,0.46046186,0.69035533,0.1951049,0.0979021,0.29300699,"Korey Lee",25543,686676
"Jake Bauers","MIL",0.23057953,0.7189729,0.45701058,0.43315508,0.83928571,0.72937771,0.46362434,0.62716763,0.12367725,0.16931217,0.29298942,"Jake Bauers",15194,641343
"Xander Bogaerts","SDP",0.28985507,0.61939394,0.44165271,0.69285714,0.91193738,0.83438685,0.46063652,0.66522678,0.07306191,0.21974345,0.29280535,"Xander Bogaerts",12161,593428
"Vaughn Grissom","BOS",0.3256705,0.63736264,0.4537246,0.65882353,0.89655172,0.7960199,0.41083521,0.55263158,0.09234234,0.20045045,0.29279279,"Vaughn Grissom",26031,687093
"Ryan Kreidler","DET",0.25827815,0.71428571,0.45247148,0.58974359,0.775,0.71428571,0.42585551,0.67692308,0.12927757,0.1634981,0.29277567,"Ryan Kreidler",25867,668952
"Ryan McMahon","COL",0.30359521,0.67076167,0.46823357,0.57017544,0.80708181,0.72235294,0.4484025,0.60310078,0.12981298,0.16281628,0.29262926,"Ryan McMahon",15112,641857
"J.D. Martinez","NYM",0.3198681,0.71990465,0.4834308,0.46649485,0.85264901,0.7016129,0.4088694,0.64646465,0.14410906,0.14849075,0.29259981,"J.D. Martinez",6184,502110
"Daz Cameron","OAK",0.28496042,0.70833333,0.48391608,0.4537037,0.85714286,0.73121387,0.46993007,0.59677419,0.12952646,0.16295265,0.29247911,"Daz Cameron",18353,663662
"Patrick Wisdom","CHC",0.28496042,0.73291925,0.49072753,0.46296296,0.82627119,0.7122093,0.45934379,0.63793103,0.14122682,0.15121255,0.29243937,"Patrick Wisdom",13602,621550
"Trevor Story","BOS",0.40740741,0.68152866,0.5227882,0.53409091,0.87850467,0.72307692,0.42091153,0.66037736,0.14477212,0.14745308,0.2922252,"Trevor Story",12564,596115
"Chas McCormick","HOU",0.35559265,0.77372263,0.52574257,0.60093897,0.76415094,0.69868173,0.40693069,0.60674157,0.15825915,0.13353116,0.29179031,"Chas McCormick",19599,676801
"Alika Williams","PIT",0.3372093,0.67073171,0.5,0.63793103,0.85454545,0.7797619,0.48809524,0.72916667,0.11011905,0.18154762,0.29166667,"Alika Williams",27604,675961
"Hunter Renfroe","KCR",0.29749478,0.64697406,0.44430993,0.64912281,0.86414254,0.78065395,0.42009685,0.60613208,0.09739867,0.19419238,0.29159105,"Hunter Renfroe",15464,592669
"Ramón Laureano","- - -",0.35022355,0.75049116,0.52288136,0.53191489,0.81413613,0.70664506,0.43135593,0.66990291,0.15338983,0.13813559,0.29152542,"Ramon Laureano",17128,657656
"Austin Hays","- - -",0.38771186,0.74262735,0.5443787,0.53551913,0.85198556,0.72608696,0.44142012,0.67843137,0.14893617,0.14184397,0.29078014,"Austin Hays",19363,669720
"Reese McGuire","BOS",0.32681564,0.62549801,0.4499179,0.5982906,0.9044586,0.77372263,0.41215107,0.60759494,0.10180624,0.18883415,0.29064039,"Reese McGuire",15674,624512
"Trevor Larnach","MIN",0.28148959,0.66063348,0.44098985,0.49805447,0.87899543,0.7381295,0.42068528,0.5525,0.11548223,0.1751269,0.29060914,"Trevor Larnach",21501,663616
"Ha-Seong Kim","SDP",0.21461187,0.58060879,0.37840565,0.7787234,0.89514563,0.85866667,0.44752775,0.6106383,0.05345436,0.23701462,0.29046899,"Ha-Seong Kim",27506,673490
"Elehuris Montero","COL",0.42534722,0.73198847,0.54062839,0.53061224,0.87795276,0.70741483,0.375948,0.65587045,0.15800866,0.13203463,0.29004329,"Elehuris Montero",20543,660707
"Pavin Smith","ARI",0.21944444,0.60147601,0.38351823,0.59493671,0.88957055,0.79338843,0.42947702,0.55696203,0.0792393,0.21077655,0.29001585,"Pavin Smith",19892,656976
"Cristian Pache","- - -",0.27186761,0.74242424,0.47808765,0.54782609,0.75510204,0.68888889,0.43824701,0.64480874,0.14814815,0.14153439,0.28968254,"Cristian Pache",19948,665506
"David Hamilton","BOS",0.28072838,0.65725047,0.4487395,0.54594595,0.89111748,0.77153558,0.44621849,0.6466877,0.10243493,0.18723762,0.28967254,"David Hamilton",27531,666152
"Dylan Carlson","- - -",0.27955272,0.73913043,0.47971145,0.58285714,0.77591036,0.71240602,0.4355275,0.68301887,0.13758993,0.15197842,0.28956835,"Dylan Carlson",20126,666185
"Jordyn Adams","LAA",0.36842105,0.73015873,0.51265823,0.57142857,0.84782609,0.72839506,0.39873418,0.68421053,0.13836478,0.1509434,0.28930818,"Jordyn Adams",23788,677941
"Zach Neto","LAA",0.35022355,0.67793031,0.48580166,0.59361702,0.85046729,0.74190647,0.41371778,0.62126246,0.12521815,0.16404887,0.28926702,"Zach Neto",31347,687263
"Andruw Monasterio","MIL",0.23497268,0.65480427,0.41731066,0.62790698,0.8423913,0.77407407,0.43431221,0.61971831,0.0942813,0.19474498,0.28902628,"Andruw Monasterio",19455,655316
"Starling Marte","NYM",0.33034571,0.70440252,0.49823571,0.5503876,0.859375,0.74645892,0.44883557,0.65945946,0.12614517,0.1627907,0.28893587,"Starling Marte",9241,516782
"Brent Rooker","OAK",0.34120917,0.74760383,0.50168209,0.46232179,0.83903134,0.68398994,0.39486964,0.63517915,0.15853659,0.13036165,0.28889823,"Brent Rooker",19627,667670
"Pete Alonso","NYM",0.29447115,0.62903226,0.42877698,0.61836735,0.88034188,0.77265101,0.40143885,0.57266187,0.09737693,0.19151994,0.28889687,"Pete Alonso",19251,624413
"Luken Baker","STL",0.31092437,0.65853659,0.45273632,0.56756757,0.85185185,0.73626374,0.4079602,0.59183673,0.11940299,0.16915423,0.28855721,"Luken Baker",21497,663609
"Jorge Soler","- - -",0.29803647,0.66524064,0.44345616,0.53882353,0.85691318,0.7277937,0.39601864,0.58710801,0.12071156,0.16772554,0.2884371,"Jorge Soler",14221,624585
"Travis Jankowski","TEX",0.24537037,0.66408269,0.44322344,0.60377358,0.88715953,0.80440771,0.47252747,0.61835749,0.08669109,0.2014652,0.28815629,"Travis Jankowski",13768,608671
"Joc Pederson","ARI",0.3151184,0.61938202,0.43480663,0.68208092,0.84580499,0.77382465,0.39337017,0.51447661,0.098234,0.18984547,0.28807947,"Joc Pederson",11899,592626
"Jordan Westburg","BAL",0.33655914,0.73721591,0.50917993,0.57188498,0.84200385,0.74038462,0.43084455,0.64653244,0.13202934,0.15586797,0.28789731,"Jordan Westburg",27815,676059
"Garrett Stubbs","PHI",0.34106729,0.66666667,0.47855228,0.63945578,0.86190476,0.77030812,0.42225201,0.68983957,0.10977242,0.17804552,0.28781794,"Garrett Stubbs",18067,596117
"Jorge Polanco","SEA",0.2885789,0.67083855,0.44552929,0.59516616,0.82276119,0.73587082,0.41058582,0.59701493,0.11761685,0.17000514,0.28762198,"Jorge Polanco",13152,593871
"Nick Ahmed","- - -",0.39207048,0.71032746,0.54054054,0.68539326,0.81205674,0.76304348,0.46650999,0.71491228,0.12793427,0.15962441,0.28755869,"Nick Ahmed",12147,605113
"Eli White","ATL",0.25974026,0.69879518,0.4875,0.55,0.89655172,0.80769231,0.51875,0.73809524,0.09375,0.19375,0.2875,"Eli White",19346,642201
"Nick Sogard","BOS",0.32642487,0.67741935,0.48275862,0.58730159,0.86666667,0.76190476,0.4454023,0.68604651,0.11494253,0.17241379,0.28735632,"Nick Sogard",25483,686765
"Stuart Fairchild","CIN",0.29387755,0.76033058,0.49237984,0.45833333,0.79347826,0.67857143,0.42555686,0.61802575,0.15826495,0.12895662,0.28722157,"Stuart Fairchild",20321,656413
"Ezequiel Tovar","COL",0.48118812,0.82625864,0.61946203,0.52400549,0.83512545,0.69029374,0.40071203,0.67913669,0.19177541,0.09529458,0.28706999,"Ezequiel Tovar",24064,678662
"Dillon Dingler","DET",0.40860215,0.72413793,0.54682779,0.67105263,0.82857143,0.76243094,0.43806647,0.66666667,0.12990937,0.1570997,0.28700906,"Dillon Dingler",27464,693307
"Lane Thomas","- - -",0.26728499,0.66479821,0.43792108,0.65299685,0.87015177,0.79450549,0.4292589,0.62310606,0.08990385,0.19663462,0.28653846,"Lane Thomas",16939,657041
"Tyrone Taylor","NYM",0.36069987,0.66493955,0.49394856,0.64925373,0.89090909,0.79173047,0.43797277,0.6173913,0.10279667,0.18367347,0.28647014,"Tyrone Taylor",13675,621438
"Nick Senzel","- - -",0.27787934,0.69650655,0.46865672,0.59868421,0.85893417,0.77494692,0.45572139,0.62921348,0.10536779,0.18091451,0.28628231,"Nick Senzel",19293,669222
"Kyle Stowers","- - -",0.3747495,0.809375,0.54456654,0.52406417,0.76833977,0.66591928,0.39072039,0.61244019,0.18148599,0.1047503,0.2862363,"Kyle Stowers",26151,669065
"Garrett Hampson","KCR",0.28510638,0.66504854,0.46258503,0.63432836,0.86861314,0.79166667,0.46712018,0.62337662,0.0960452,0.18983051,0.28587571,"Garrett Hampson",19262,641658
"Mike Yastrzemski","SFG",0.26727273,0.65847953,0.43836317,0.6122449,0.8401421,0.76196033,0.43734015,0.56329114,0.10429448,0.18149284,0.28578732,"Mike Yastrzemski",14854,573262
"Will Wagner","TOR",0.31651376,0.69863014,0.46978022,0.60869565,0.95098039,0.8128655,0.4010989,0.61627907,0.08791209,0.1978022,0.28571429,"Will Wagner",29634,695238
"Nacho Alvarez Jr.","ATL",0.31818182,0.66037736,0.47058824,0.71428571,0.85714286,0.80357143,0.44537815,0.6875,0.09243697,0.19327731,0.28571429,"Nacho Alvarez Jr.",31765,805373
"Parker Meadows","DET",0.28613139,0.66918715,0.45304778,0.53061224,0.86723164,0.74727273,0.43574959,0.60067114,0.11440329,0.17119342,0.28559671,"Parker Meadows",23800,678009
"Dairon Blanco","KCR",0.3245283,0.75773196,0.50762527,0.51162791,0.78911565,0.68669528,0.42265795,0.61363636,0.15904139,0.12636166,0.28540305,"Dairon Blanco",19779,680118
"Shea Langeliers","OAK",0.34438776,0.71113831,0.49473156,0.58765432,0.83648881,0.73427992,0.40993477,0.64606742,0.13132832,0.15388471,0.28521303,"Shea Langeliers",25816,669127
"Anthony Volpe","NYY",0.32375979,0.65901899,0.47532189,0.66935484,0.86434574,0.79157261,0.45207439,0.61103048,0.09896392,0.18613791,0.28510182,"Anthony Volpe",27647,683011
"Braden Shewmake","CHW",0.42735043,0.67010309,0.53738318,0.62,0.87692308,0.76521739,0.45327103,0.62686567,0.12616822,0.1588785,0.28504673,"Braden Shewmake",25817,669699
"Edmundo Sosa","PHI",0.44012442,0.76167076,0.5647619,0.56537102,0.82903226,0.70320405,0.38761905,0.6459854,0.16761905,0.11714286,0.2847619,"Edmundo Sosa",17022,624641
"Iván Herrera","STL",0.29381443,0.61674009,0.43532819,0.6374269,0.875,0.78492239,0.43822394,0.64092664,0.09362934,0.19111969,0.28474903,"Ivan Herrera",20599,671056
"Yuli Gurriel","KCR",0.28402367,0.65178571,0.43060498,0.64583333,0.89041096,0.79338843,0.39857651,0.52307692,0.08896797,0.19572954,0.28469751,"Yuli Gurriel",19198,493329
"Connor Joe","PIT",0.24602333,0.6779661,0.43125379,0.57758621,0.86458333,0.77106742,0.42883101,0.64182692,0.09872804,0.18594791,0.28467595,"Connor Joe",16572,656582
"DJ Stewart","NYM",0.18678815,0.70552147,0.40784314,0.45121951,0.81304348,0.71794872,0.42614379,0.59793814,0.11488251,0.16971279,0.2845953,"DJ Stewart",17766,621466
"Michael Conforto","SFG",0.28924162,0.6654633,0.44834606,0.64329268,0.84810127,0.77185017,0.42290076,0.59631148,0.10213415,0.1824187,0.28455285,"Michael Conforto",16376,624424
"Kerry Carpenter","DET",0.36157337,0.70394737,0.50134288,0.54811715,0.84735202,0.71964286,0.40823635,0.625,0.14045936,0.14399293,0.2844523,"Kerry Carpenter",25961,681481
"Byron Buxton","MIN",0.36804734,0.77814029,0.54046639,0.52411576,0.80503145,0.69416244,0.42043896,0.66237113,0.16518163,0.11925977,0.2844414,"Byron Buxton",14161,621439
"Enrique Hernández","LAD",0.29964328,0.72230428,0.48814229,0.65079365,0.85071575,0.78272605,0.44598155,0.63867684,0.10599078,0.17840685,0.28439763,"Enrique Hernandez",10472,571771
"Gabriel Moreno","ARI",0.26450116,0.60149254,0.4118799,0.73684211,0.89081886,0.83518225,0.43733681,0.56125356,0.06779661,0.21642764,0.28422425,"Gabriel Moreno",22664,672515
"Jake Meyers","HOU",0.32803738,0.71084337,0.48541552,0.53276353,0.88323917,0.74376417,0.41111723,0.6920078,0.12424409,0.15997801,0.2842221,"Jake Meyers",20308,676694
"Matt Chapman","SFG",0.27718833,0.65776294,0.44567627,0.68660287,0.84898477,0.79270315,0.44271988,0.64142195,0.09225092,0.19188192,0.28413284,"Matt Chapman",16505,656305
"Travis d'Arnaud","ATL",0.31666667,0.76829268,0.50812408,0.58299595,0.77777778,0.70784884,0.4239291,0.65982405,0.14823009,0.13569322,0.2839233,"Travis d'Arnaud",7739,518595
"Emmanuel Rivera","- - -",0.32267442,0.72354212,0.48392702,0.54954955,0.85373134,0.73249551,0.40225891,0.63576159,0.12945265,0.15377932,0.28323197,"Emmanuel Rivera",19890,656896
"Hunter Goodman","COL",0.43647541,0.78761062,0.58041112,0.54929577,0.83520599,0.70833333,0.40991536,0.64285714,0.16908213,0.11352657,0.2826087,"Hunter Goodman",29715,696100
"Wilyer Abreu","BOS",0.31412104,0.70196078,0.47840532,0.617737,0.81191806,0.73842593,0.42358804,0.61073826,0.12513843,0.1572536,0.28239203,"Wilyer Abreu",23772,677800
"Mickey Moniak","LAA",0.42185792,0.76252019,0.55932203,0.61917098,0.81355932,0.72610723,0.40352021,0.67703349,0.15319426,0.12907432,0.28226858,"Mickey Moniak",19956,666160
"Spencer Torkelson","DET",0.26674365,0.69413408,0.46017699,0.54112554,0.861167,0.75961538,0.45259166,0.60629921,0.11097179,0.17115987,0.28213166,"Spencer Torkelson",27465,679529
"Connor Norby","- - -",0.38888889,0.82262997,0.57575758,0.5297619,0.79182156,0.69107551,0.43083004,0.7371134,0.17786561,0.10408432,0.28194993,"Connor Norby",29592,681393
"Luke Maile","CIN",0.2974359,0.69230769,0.45054945,0.52586207,0.88304094,0.73867596,0.3877551,0.58441558,0.11737089,0.16431925,0.28169014,"Luke Maile",13355,571912
"Ryan Jeffers","MIN",0.36808118,0.65927978,0.48449612,0.67418546,0.87184874,0.78171429,0.39977852,0.62365591,0.10564159,0.17588496,0.28152655,"Ryan Jeffers",24618,680777
"Jesús Sánchez","MIA",0.39212469,0.74740933,0.52988448,0.57322176,0.83362218,0.71563981,0.38774485,0.67039106,0.15052684,0.1304566,0.28098344,"Jesus Sanchez",19913,660821
"Eddie Rosario","- - -",0.3701016,0.72891566,0.52064027,0.62745098,0.82093664,0.74110032,0.41954507,0.5862069,0.13456686,0.14634146,0.28090833,"Eddie Rosario",12155,592696
"Riley Greene","DET",0.26353791,0.68266405,0.44139651,0.60547945,0.83213773,0.75423729,0.42435578,0.60273973,0.11009934,0.1705298,0.28062914,"Riley Greene",25976,682985
"James McCann","BAL",0.36734694,0.7038961,0.51542857,0.57777778,0.84501845,0.7383592,0.44,0.61802575,0.1345496,0.14595211,0.28050171,"James McCann",12859,543510
"Jonathan Aranda","TBR",0.29022082,0.65625,0.45375218,0.66304348,0.89285714,0.81153846,0.44677138,0.71328671,0.08536585,0.19512195,0.2804878,"Jonathan Aranda",21837,666018
"Thairo Estrada","SFG",0.39370079,0.67641682,0.5118411,0.66333333,0.91891892,0.80447761,0.41787624,0.69291339,0.10007639,0.1802903,0.28036669,"Thairo Estrada",16426,642731
"Bryan De La Cruz","- - -",0.37050106,0.77151639,0.53405767,0.60952381,0.81142098,0.728482,0.40785625,0.64630225,0.14488518,0.13528184,0.28016701,"Bryan De La Cruz",19600,650559
"Gavin Sheets","CHW",0.35251799,0.62440191,0.46142789,0.6984127,0.8697318,0.79127726,0.40057499,0.57285429,0.09621829,0.18382001,0.2800383,"Gavin Sheets",19901,657757
"Jake Cave","COL",0.38569604,0.71886121,0.52490706,0.63245033,0.82673267,0.74362606,0.41784387,0.63294798,0.13437268,0.14550854,0.27988122,"Jake Cave",14477,595909
"Darell Hernaiz","OAK",0.29602888,0.66523605,0.46470588,0.63414634,0.86451613,0.78481013,0.45686275,0.57037037,0.09980431,0.18003914,0.27984344,"Darell Hernaiz",26224,687231
"Brandon Drury","LAA",0.29449424,0.68506494,0.46671439,0.64782609,0.84597156,0.77607362,0.44094488,0.65,0.10443491,0.17525036,0.27968526,"Brandon Drury",11615,592273
"Jacob Young","WSN",0.28571429,0.59668508,0.42966752,0.72,0.89444444,0.83214286,0.4629156,0.64491363,0.07208589,0.20756646,0.27965235,"Jacob Young",29931,696285
"Heliot Ramos","SFG",0.3302521,0.75395859,0.50323222,0.5394402,0.84975767,0.72924901,0.4082546,0.61196911,0.13625062,0.14321233,0.27946295,"Heliot Ramos",22515,671218
"Connor Wong","BOS",0.33269045,0.74123337,0.5139485,0.54492754,0.84176183,0.7348643,0.44366953,0.65092402,0.13619303,0.14316354,0.27935657,"Connor Wong",19896,657136
"Willi Castro","MIN",0.35907859,0.73088093,0.51215624,0.53962264,0.86754967,0.73229572,0.41171782,0.6503937,0.13699721,0.14217443,0.27917164,"Willi Castro",17338,650489
"DJ LeMahieu","NYY",0.32196162,0.59574468,0.44378698,0.70860927,0.94642857,0.85066667,0.44497041,0.60964912,0.06619385,0.21276596,0.27895981,"DJ LeMahieu",9874,518934
"Jazz Chisholm Jr.","- - -",0.31589814,0.67754319,0.46693387,0.62309368,0.79886686,0.72961373,0.41763527,0.5958132,0.12605042,0.15286114,0.27891156,"Jazz Chisholm Jr.",20454,665862
"Andy Ibáñez","DET",0.36397749,0.75,0.52562704,0.56185567,0.84375,0.73029046,0.41875682,0.5942623,0.1416122,0.1372549,0.2788671,"Andy Ibanez",18819,628451
"Zack Short","- - -",0.16019417,0.65945946,0.39641944,0.66666667,0.76229508,0.74193548,0.47314578,0.64772727,0.10230179,0.17647059,0.27877238,"Zack Short",19562,670097
"Travis Blankenhorn","WSN",0.4556962,0.65116279,0.52459016,0.66666667,0.92857143,0.78125,0.35245902,0.65625,0.1147541,0.16393443,0.27868852,"Travis Blankenhorn",18395,663905
"Jonathan India","CIN",0.21279461,0.59811482,0.38235294,0.67088608,0.8982808,0.82741617,0.44004525,0.59811617,0.06596306,0.21258952,0.27855258,"Jonathan India",21523,663697
"Chuckie Robinson","CHW",0.4010989,0.78448276,0.55033557,0.61643836,0.81318681,0.72560976,0.38926174,0.68421053,0.15100671,0.12751678,0.27852349,"Chuckie Robinson",19824,642020
"Cole Tucker","LAA",0.2519084,0.66037736,0.43459916,0.45454545,0.88571429,0.74757282,0.44725738,0.59649123,0.10970464,0.16877637,0.27848101,"Cole Tucker",17326,657061
"Griffin Conine","MIA",0.35294118,0.74829932,0.52694611,0.60606061,0.83636364,0.75,0.44011976,0.59550562,0.13173653,0.14670659,0.27844311,"Griffin Conine",21626,665052
"Dylan Crews","WSN",0.29508197,0.66046512,0.44615385,0.6,0.88732394,0.77586207,0.41346154,0.59090909,0.09980806,0.17850288,0.27831094,"Dylan Crews",33541,686611
"Dylan Moore","SEA",0.2234252,0.68020305,0.422949,0.59471366,0.85820896,0.77981651,0.4368071,0.60544218,0.09307479,0.18504155,0.27811634,"Dylan Moore",18042,664238
"Dansby Swanson","CHC",0.28197227,0.73982971,0.48747346,0.57650273,0.80179028,0.72996516,0.44883227,0.61888702,0.13141162,0.14667232,0.27808393,"Dansby Swanson",18314,621020
"Josh Lowe","TBR",0.36803365,0.70319001,0.51255981,0.61428571,0.8086785,0.72928821,0.4312201,0.58914729,0.13867304,0.13927077,0.27794381,"Josh Lowe",19953,666139
"Romy Gonzalez","BOS",0.40365112,0.77477477,0.55326877,0.56281407,0.85658915,0.72866521,0.4031477,0.69907407,0.14975845,0.12801932,0.27777778,"Romy Gonzalez",21562,663853
"Jacob Hurtubise","CIN",0.26797386,0.6171875,0.42704626,0.75609756,0.86075949,0.825,0.45551601,0.73529412,0.0747331,0.20284698,0.27758007,"Jacob Hurtubise",27599,674441
"Kyle Farmer","MIN",0.34279919,0.66580977,0.48526077,0.65680473,0.9034749,0.80607477,0.44104308,0.6322314,0.0938914,0.18325792,0.27714932,"Kyle Farmer",14813,571657
"Rafael Marchán","PHI",0.2755102,0.64948454,0.46153846,0.7037037,0.92063492,0.85555556,0.4974359,0.64285714,0.06666667,0.21025641,0.27692308,"Rafael Marchan",21646,665561
"Matt Vierling","DET",0.25558122,0.64940239,0.42726878,0.6746988,0.90184049,0.82520325,0.4359531,0.57848325,0.07525952,0.20155709,0.27681661,"Matt Vierling",21558,663837
"Nick Martini","CIN",0.3372434,0.68551237,0.49519231,0.64347826,0.87628866,0.78964401,0.45352564,0.65644172,0.104,0.1728,0.2768,"Nick Martini",12005,605361
"Nick Gordon","MIA",0.44957265,0.79669031,0.5952381,0.5513308,0.82195846,0.70333333,0.41964286,0.68,0.1765873,0.10019841,0.27678571,"Nick Gordon",16337,624503
"Jack Suwinski","PIT",0.26058632,0.714,0.46409336,0.55,0.85434174,0.76015474,0.44883303,0.59566787,0.11131059,0.16517056,0.27648115,"Jack Suwinski",22244,669261
"Luis Torrens","NYM",0.29757785,0.67873303,0.4627451,0.65116279,0.88666667,0.80084746,0.43333333,0.59230769,0.09215686,0.18431373,0.27647059,"Luis Torrens",15905,620443
"Lawrence Butler","OAK",0.30812854,0.71164021,0.47629548,0.61042945,0.83828996,0.75231481,0.41675854,0.57206208,0.11784141,0.15859031,0.27643172,"Lawrence Butler",22542,671732
"Dominic Smith","- - -",0.30367232,0.6640159,0.45334434,0.65116279,0.85329341,0.77413479,0.41535921,0.65798046,0.10231023,0.17409241,0.27640264,"Dominic Smith",15653,642086
"Chris Taylor","LAD",0.24871355,0.75809935,0.47418738,0.55172414,0.76068376,0.69959677,0.44263862,0.65853659,0.14244742,0.13384321,0.27629063,"Chris Taylor",13757,621035
"Tyler Soderstrom","OAK",0.32126697,0.71036585,0.48701299,0.50704225,0.84549356,0.71733333,0.42597403,0.61502347,0.13748379,0.1387808,0.27626459,"Tyler Soderstrom",27467,691016
"Tyler Black","MIL",0.23741007,0.7,0.43096234,0.63636364,0.85714286,0.78640777,0.41841004,0.61403509,0.09205021,0.18410042,0.27615063,"Tyler Black",29949,672012
"Tyler Nevin","OAK",0.29606299,0.71648352,0.47155963,0.61702128,0.86503067,0.77431907,0.41743119,0.57553957,0.10642202,0.16972477,0.27614679,"Tyler Nevin",17893,663527
"Josh Rojas","SEA",0.25579151,0.68518519,0.45105263,0.56603774,0.86824324,0.7747958,0.45473684,0.63445378,0.10147213,0.1745531,0.27602524,"Josh Rojas",19734,668942
"Carson Kelly","- - -",0.27883212,0.70502092,0.45399828,0.60209424,0.89317507,0.78787879,0.41100602,0.61341853,0.09540034,0.18057922,0.27597956,"Carson Kelly",13620,608348
"Brendan Rodgers","COL",0.32006774,0.7212932,0.49326275,0.56349206,0.87944359,0.76292683,0.43166506,0.66419295,0.11682692,0.15913462,0.27596154,"Brendan Rodgers",17907,663898
"Aledmys Díaz","- - -",0.47619048,0.67924528,0.56896552,0.66666667,0.94444444,0.81818182,0.45689655,0.76470588,0.10344828,0.17241379,0.27586207,"Aledmys Diaz",15937,649557
"Isiah Kiner-Falefa","- - -",0.32842105,0.62583222,0.45972957,0.7724359,0.94042553,0.87340153,0.441505,0.60685484,0.0578609,0.21800117,0.27586207,"Isiah Kiner-Falefa",16512,643396
"LaMonte Wade Jr.","SFG",0.23182297,0.65072464,0.40817572,0.54545455,0.89532294,0.78026906,0.42098841,0.5361596,0.08968883,0.18608908,0.27577791,"LaMonte Wade Jr.",18126,664774
"Trey Lipscomb","WSN",0.35214447,0.70623145,0.50512821,0.6025641,0.87394958,0.76649746,0.43205128,0.66824645,0.11794872,0.15769231,0.27564103,"Trey Lipscomb",31567,702358
"Nick Allen","OAK",0.31521739,0.65697674,0.48033708,0.62068966,0.92035398,0.81871345,0.48314607,0.60952381,0.08707865,0.18820225,0.2752809,"Nick Allen",22277,669397
"Andrew Knizner","TEX",0.43835616,0.72340426,0.55,0.67708333,0.8627451,0.77272727,0.39166667,0.72043011,0.125,0.15,0.275,"Andrew Knizner",19514,668800
"Riley Adams","WSN",0.34768212,0.68558952,0.49340866,0.6,0.85987261,0.75572519,0.43126177,0.56923077,0.12052731,0.15442561,0.27495292,"Riley Adams",19864,656180
"Aaron Schunk","COL",0.45045045,0.75167785,0.57142857,0.62,0.83035714,0.73113208,0.40161725,0.67346939,0.15363881,0.1212938,0.27493261,"Aaron Schunk",25524,668845
"Jared Triolo","PIT",0.29141717,0.7152231,0.4744898,0.56164384,0.84770642,0.7479092,0.43197279,0.67713004,0.11954674,0.15524079,0.27478754,"Jared Triolo",25807,669707
"Alan Trejo","COL",0.40310078,0.80434783,0.57013575,0.57692308,0.87837838,0.75396825,0.41628959,0.67164179,0.13963964,0.13513514,0.27477477,"Alan Trejo",20056,676701
"Brett Baty","NYM",0.36553525,0.68150685,0.50222222,0.64285714,0.85929648,0.7699115,0.43259259,0.6374269,0.11521418,0.15952733,0.27474151,"Brett Baty",26123,683146
"Sal Frelick","MIL",0.29594478,0.56257046,0.4115347,0.80174927,0.93987976,0.88361045,0.43352884,0.61068702,0.04787494,0.22667318,0.27454812,"Sal Frelick",29622,686217
"David Dahl","PHI",0.41566265,0.75,0.54135338,0.49275362,0.86666667,0.6875,0.37593985,0.58064516,0.16917293,0.10526316,0.27443609,"David Dahl",13744,621311
"Colt Keith","DET",0.32693984,0.69791667,0.48632521,0.608,0.89552239,0.78527607,0.429637,0.61690647,0.10479486,0.16955017,0.27434503,"Colt Keith",27899,690993
"Kyle Isbel","KCR",0.34330011,0.60972018,0.45764855,0.68387097,0.94202899,0.83149171,0.42920354,0.59389671,0.07692308,0.19735183,0.27427491,"Kyle Isbel",21614,664728
"Zach DeLoach","CHW",0.26666667,0.72972973,0.4966443,0.425,0.86111111,0.74324324,0.4966443,0.64,0.1270903,0.14715719,0.27424749,"Zach DeLoach",27471,676113
"Danny Jansen","- - -",0.23667906,0.64604811,0.40820734,0.65968586,0.89095745,0.81305115,0.41900648,0.62037037,0.07776163,0.19622093,0.27398256,"Danny Jansen",16535,643376
"Brenton Doyle","COL",0.33719136,0.77030162,0.51019462,0.51029748,0.87048193,0.72752044,0.39944393,0.64344942,0.13901761,0.13484708,0.27386469,"Brenton Doyle",25479,686668
"Brett Harris","OAK",0.22695035,0.62559242,0.39756592,0.625,0.87121212,0.79081633,0.42799189,0.61788618,0.0831643,0.19066937,0.27383367,"Brett Harris",29788,695391
"Adley Rutschman","BAL",0.3239813,0.61004566,0.44483025,0.77731959,0.89670659,0.84648742,0.4224537,0.59561129,0.06823439,0.20547417,0.27370856,"Adley Rutschman",26288,668939
"Bryson Stott","PHI",0.32052267,0.59145129,0.43866493,0.79856115,0.89411765,0.85474308,0.43606415,0.62872154,0.06363636,0.20995671,0.27359307,"Bryson Stott",26294,681082
"Michael Busch","CHC",0.27446809,0.70964361,0.4500846,0.55555556,0.85376662,0.74530075,0.4035533,0.60846561,0.11458774,0.1589852,0.27357294,"Michael Busch",26319,683737
"Ian Happ","CHC",0.27148438,0.70042194,0.45828739,0.60191847,0.81686747,0.74498797,0.43550165,0.61187215,0.11674009,0.15675477,0.27349486,"Ian Happ",17919,664023
"Jeimer Candelario","CIN",0.37061611,0.73167358,0.51743532,0.6112532,0.82797732,0.73586957,0.40663667,0.64578834,0.13636364,0.1369248,0.27328844,"Jeimer Candelario",13621,600869
"Christian Bethancourt","- - -",0.48407643,0.78217822,0.60077519,0.61184211,0.81012658,0.71290323,0.39147287,0.72108844,0.17248062,0.10077519,0.27325581,"Christian Bethancourt",10028,542194
"Luke Williams","ATL",0.33333333,0.75,0.51744186,0.5625,0.84210526,0.74157303,0.44186047,0.65384615,0.13372093,0.13953488,0.27325581,"Luke Williams",19931,663897
"Marcell Ozuna","ATL",0.2962963,0.74862385,0.46796657,0.54924242,0.81372549,0.70982143,0.37952646,0.57703488,0.13555787,0.13764338,0.27320125,"Marcell Ozuna",10324,542303
"Luis Urías","SEA",0.33834586,0.65053763,0.46681416,0.73333333,0.84297521,0.79620853,0.41150442,0.65137615,0.09471366,0.1784141,0.27312775,"Luis Urias",16622,649966
"José Tena","- - -",0.33866667,0.69798658,0.49777117,0.62204724,0.88461538,0.78507463,0.44279346,0.64285714,0.10682493,0.16617211,0.27299703,"Jose Tena",23691,677588
"Eloy Jiménez","- - -",0.3713491,0.69917012,0.50291424,0.61423221,0.89317507,0.76986755,0.40133222,0.63896848,0.1156406,0.15723794,0.27287854,"Eloy Jimenez",17484,650391
"Adam Frazier","KCR",0.3045388,0.68181818,0.46903386,0.67307692,0.90555556,0.82042254,0.4360033,0.61564626,0.08422791,0.18827415,0.27250206,"Adam Frazier",15223,624428
"Jonatan Clase","- - -",0.31818182,0.69911504,0.47940075,0.65306122,0.84810127,0.7734375,0.42322097,0.72727273,0.10820896,0.1641791,0.27238806,"Jonatan Clase",26599,682729
"J.P. Crawford","SEA",0.21631879,0.64836449,0.40994764,0.71491228,0.87207207,0.82630907,0.44816754,0.60310421,0.07116693,0.20094192,0.27210884,"J.P. Crawford",15491,641487
"José Fermín","STL",0.25730994,0.54901961,0.39506173,0.86363636,0.94047619,0.9140625,0.47222222,0.58227848,0.03395062,0.23765432,0.27160494,"Jose Fermin",21746,665877
"Wyatt Langford","TEX",0.26972201,0.6572973,0.42863475,0.68523677,0.86019737,0.79524302,0.41001773,0.60682226,0.08772707,0.1838724,0.27159947,"Wyatt Langford",33333,694671
"Kyren Paris","LAA",0.22962963,0.71717172,0.43589744,0.48387097,0.85915493,0.74509804,0.42307692,0.61016949,0.11016949,0.16101695,0.27118644,"Kyren Paris",26420,677347
"Victor Scott II","STL",0.32278481,0.69444444,0.48767606,0.54901961,0.87428571,0.75451264,0.44366197,0.6516129,0.11971831,0.15140845,0.27112676,"Victor Scott II",31349,687363
"Michael Harris II","ATL",0.42600423,0.70731707,0.54928741,0.66997519,0.83908046,0.76540541,0.43824228,0.64255319,0.12863071,0.14226437,0.27089508,"Michael Harris II",25931,671739
"Yoán Moncada","CHW",0.25925926,0.69047619,0.44791667,0.46428571,0.89655172,0.75581395,0.4375,0.6,0.109375,0.16145833,0.27083333,"Yoan Moncada",17232,660162
"Spencer Steer","CIN",0.28655738,0.66697164,0.44537815,0.60183066,0.90260631,0.78987993,0.41749427,0.60365854,0.09329779,0.17745621,0.270754,"Spencer Steer",26323,668715
"Daniel Schneemann","CLE",0.29063098,0.76719577,0.49056604,0.57894737,0.80344828,0.72624434,0.41953385,0.64253394,0.13414634,0.13636364,0.27050998,"Daniel Schneemann",25180,682177
"Jo Adell","LAA",0.34498208,0.73066298,0.49673913,0.58701299,0.81852552,0.72100656,0.39347826,0.62971175,0.13851168,0.13199348,0.27050516,"Jo Adell",20220,666176
"Kevin Pillar","- - -",0.39166667,0.71604938,0.52238806,0.62765957,0.90517241,0.78095238,0.40298507,0.61464968,0.11442786,0.15588723,0.27031509,"Kevin Pillar",12434,607680
"Angel Martínez","CLE",0.36934673,0.64157706,0.48153619,0.72789116,0.90502793,0.82515337,0.41211226,0.63905325,0.08419498,0.18611521,0.27031019,"Angel Martinez",26540,682657
"Daulton Varsho","TOR",0.29502573,0.71363116,0.47425208,0.64244186,0.82664526,0.76111686,0.42815105,0.62573099,0.11365854,0.15658537,0.2702439,"Daulton Varsho",19918,662139
"Anthony Rendon","LAA",0.21941748,0.60520607,0.40163934,0.7699115,0.94265233,0.89285714,0.47233607,0.69327731,0.04298874,0.2272262,0.27021494,"Anthony Rendon",12861,543685
"JJ Bleday","OAK",0.28407557,0.6983017,0.45106726,0.58907363,0.86981402,0.76428571,0.40314136,0.61370717,0.10610932,0.16398714,0.27009646,"JJ Bleday",26368,668709
"Heston Kjerstad","BAL",0.38554217,0.79885057,0.55555556,0.52083333,0.86330935,0.72340426,0.41134752,0.62280702,0.1536643,0.11583924,0.26950355,"Heston Kjerstad",31166,677008
"Julio Rodríguez","SEA",0.40546075,0.76278564,0.5432047,0.58585859,0.82168331,0.71351351,0.38548658,0.61990212,0.15549036,0.11399832,0.26948868,"Julio Rodriguez",23697,677594
"Gavin Lux","LAD",0.27445652,0.68427371,0.45069695,0.64026403,0.87192982,0.79152348,0.43004646,0.63039014,0.0937661,0.17568264,0.26944874,"Gavin Lux",19955,666158
"Willy Adames","MIL",0.31518258,0.73208191,0.49396268,0.57113821,0.83566434,0.73925926,0.42883278,0.59593023,0.12865497,0.14071637,0.26937135,"Willy Adames",15986,642715
"David Peralta","SDP",0.34745763,0.73349057,0.50887574,0.57073171,0.87459807,0.75387597,0.41814596,0.69615385,0.12524655,0.14398422,0.26923077,"David Peralta",2136,444482
"Kody Clemens","PHI",0.37209302,0.63809524,0.49145299,0.75,0.85074627,0.80869565,0.44871795,0.58333333,0.09401709,0.17521368,0.26923077,"Kody Clemens",20572,665019
"Logan Driscoll","TBR",0.37142857,0.76666667,0.55384615,0.30769231,0.93478261,0.70833333,0.46153846,0.59459459,0.16153846,0.10769231,0.26923077,"Logan Driscoll",25475,686482
"Elias Díaz","- - -",0.37704918,0.77924528,0.53817082,0.57190635,0.85230024,0.73455056,0.40060469,0.65242165,0.14285714,0.12622827,0.26908541,"Elias Diaz",11680,553869
"Shohei Ohtani","LAD",0.30466384,0.70513901,0.4721635,0.5944334,0.81959379,0.73507463,0.41825229,0.60191518,0.12508809,0.14376321,0.2688513,"Shohei Ohtani",19755,660271
"Zach McKinstry","DET",0.30989957,0.67934783,0.47317854,0.65740741,0.888,0.8037225,0.44195356,0.62461538,0.0928,0.176,0.2688,"Zach McKinstry",19392,656716
"Corbin Carroll","ARI",0.2769135,0.61287224,0.40898792,0.71910112,0.88401254,0.81625115,0.39312689,0.56432749,0.07512269,0.19365798,0.26878067,"Corbin Carroll",25878,682998
"Tyler Wade","SDP",0.27647059,0.63157895,0.42589438,0.67021277,0.90384615,0.816,0.42078365,0.61538462,0.07823129,0.19047619,0.26870748,"Tyler Wade",15730,642180
"Ji Hwan Bae","PIT",0.32183908,0.66906475,0.47603834,0.55357143,0.82795699,0.72483221,0.44408946,0.67901235,0.13099042,0.13738019,0.26837061,"Ji Hwan Bae",23818,678225
"Jorge Mateo","BAL",0.36853002,0.70623145,0.50731707,0.61797753,0.89915966,0.77884615,0.41097561,0.62019231,0.11219512,0.15609756,0.26829268,"Jorge Mateo",17273,622761
"Seth Brown","OAK",0.34402655,0.76388889,0.5193299,0.51125402,0.86868687,0.73076923,0.41752577,0.625,0.13954984,0.12861736,0.2681672,"Seth Brown",18171,664913
"Bligh Madris","DET",0.26623377,0.76859504,0.48727273,0.58536585,0.79569892,0.73134328,0.44,0.68,0.13043478,0.13768116,0.26811594,"Bligh Madris",20054,676632
"Ke'Bryan Hayes","PIT",0.31516588,0.62619808,0.44761905,0.69924812,0.93877551,0.84194529,0.42585034,0.62373737,0.0707002,0.1971448,0.267845,"Ke'Bryan Hayes",18577,663647
"Maikel Garcia","KCR",0.24825986,0.65229616,0.4309322,0.73208723,0.9137931,0.85644051,0.45211864,0.65654952,0.0618382,0.20584498,0.26768319,"Maikel Garcia",22715,672580
"Austin Riley","ATL",0.31400966,0.74714104,0.50109769,0.55076923,0.84863946,0.74260679,0.43194292,0.62899787,0.12883772,0.13870614,0.26754386,"Austin Riley",18360,663586
"Andrew Vaughn","CHW",0.36151603,0.68290155,0.49422336,0.65927419,0.90288316,0.7982684,0.41292255,0.64297254,0.09965783,0.16766467,0.2673225,"Andrew Vaughn",26197,683734
"Brett Wisely","SFG",0.32604736,0.69178082,0.48834853,0.62569832,0.90429043,0.80082988,0.443769,0.62132353,0.09716599,0.17004049,0.26720648,"Brett Wisely",27735,689172
"Aaron Judge","NYY",0.21256606,0.71912014,0.42010399,0.48895028,0.80705882,0.7120462,0.40970537,0.51846591,0.12088673,0.1461725,0.26705923,"Aaron Judge",15640,592450
"Masyn Winn","STL",0.32987552,0.64234234,0.46557121,0.7148847,0.91023843,0.83193277,0.4342723,0.62009419,0.07815553,0.1887456,0.26690113,"Masyn Winn",27479,691026
"J.T. Realmuto","PHI",0.3481153,0.71218796,0.50473784,0.61783439,0.87628866,0.7747184,0.43019583,0.61743341,0.11349306,0.15321564,0.2667087,"J.T. Realmuto",11739,592663
"Brandon Lowe","TBR",0.35830619,0.80512091,0.55172414,0.4969697,0.81448763,0.69754464,0.43288177,0.63764706,0.16687192,0.09975369,0.26662562,"Brandon Lowe",18882,664040
"Mike Ford","CIN",0.34586466,0.70833333,0.49781659,0.69565217,0.83823529,0.78070175,0.41921397,0.67741935,0.10917031,0.15720524,0.26637555,"Mike Ford",15585,645801
"Victor Caratini","HOU",0.30136986,0.69230769,0.47256978,0.63068182,0.86984127,0.78411405,0.43792108,0.58394161,0.10192308,0.16442308,0.26634615,"Victor Caratini",14968,605170
"Otto Lopez","MIA",0.35730594,0.71150972,0.51067961,0.63578275,0.90756303,0.79974651,0.43300971,0.65207373,0.10213316,0.16418875,0.26632191,"Otto Lopez",19608,672640
"Leody Taveras","TEX",0.31656548,0.70877193,0.48356574,0.59452055,0.85643564,0.75798146,0.42579681,0.62759924,0.11697362,0.14932802,0.26630164,"Leody Taveras",18900,665750
"Jarren Duran","BOS",0.31238447,0.70819672,0.48223707,0.60157791,0.88657407,0.78118162,0.42912416,0.58503401,0.10533708,0.16081461,0.26615169,"Jarren Duran",24617,680776
"Nasim Nuñez","WSN",0.24210526,0.59854015,0.39143731,0.58695652,0.95121951,0.8203125,0.41896024,0.61538462,0.07033639,0.19571865,0.26605505,"Nasim Nunez",25979,683083
"Josh Smith","TEX",0.30038911,0.66794626,0.46497636,0.65803109,0.87931034,0.80036969,0.44778685,0.64864865,0.09282338,0.17318436,0.26600774,"Josh Smith",26396,669701
"Wenceel Pérez","DET",0.32942326,0.64714086,0.46034483,0.72106825,0.87715517,0.81148564,0.41206897,0.62823529,0.08656036,0.17938497,0.26594533,"Wenceel Perez",22857,672761
"Tyler Stephenson","CIN",0.27369353,0.65318627,0.43290488,0.58899676,0.9043152,0.78859857,0.41953728,0.61941748,0.09137577,0.17453799,0.26591376,"Tyler Stephenson",17988,663886
"Jon Berti","NYY",0.20422535,0.65116279,0.41697417,0.75862069,0.88095238,0.84955752,0.47601476,0.64864865,0.06273063,0.20295203,0.26568266,"Jon Berti",12037,542932
"Christian Vázquez","MIN",0.38753799,0.69151139,0.51621385,0.70980392,0.89820359,0.81663837,0.42331288,0.69206349,0.09465381,0.17090272,0.26555653,"Christian Vazquez",9774,543877
"Rafael Devers","BOS",0.33261339,0.75659229,0.50863158,0.65151515,0.76005362,0.71854305,0.41515789,0.59733777,0.14285714,0.12268908,0.26554622,"Rafael Devers",17350,646240
"Bryan Reynolds","PIT",0.34495641,0.75951904,0.50384025,0.57761733,0.84036939,0.72942073,0.38325653,0.62572254,0.1362241,0.12893323,0.26515733,"Bryan Reynolds",19326,668804
"Orlando Arcia","ATL",0.31222057,0.73131313,0.49013722,0.59665871,0.86187845,0.76465442,0.4245283,0.64451827,0.11535163,0.14965695,0.26500858,"Orlando Arcia",13185,606115
"Amed Rosario","- - -",0.42323651,0.7412731,0.55123967,0.65359477,0.88919668,0.78110945,0.40247934,0.6416185,0.12046205,0.14438944,0.26485149,"Amed Rosario",15518,642708
"Carlos Correa","MIN",0.28553922,0.67799642,0.44509091,0.70815451,0.88126649,0.81535948,0.40654545,0.61852861,0.08218182,0.18254545,0.26472727,"Carlos Correa",14162,621043
"Geraldo Perdomo","ARI",0.22055427,0.60644258,0.39493671,0.79057592,0.94688222,0.89903846,0.45189873,0.62113402,0.03987342,0.22468354,0.26455696,"Geraldo Perdomo",22799,672695
"Gunnar Henderson","BAL",0.26157547,0.68613139,0.44233425,0.62298851,0.85815603,0.7782982,0.42575967,0.55632823,0.09782983,0.16672408,0.26455391,"Gunnar Henderson",26289,683002
"Wilmer Flores","SFG",0.3122807,0.62182741,0.43879668,0.80337079,0.93877551,0.88179669,0.40871369,0.59090909,0.05186722,0.2126556,0.26452282,"Wilmer Flores",5827,527038
"David Fry","CLE",0.32312925,0.72511848,0.49108911,0.62105263,0.86492375,0.77150538,0.41782178,0.62244898,0.1121372,0.15237467,0.26451187,"David Fry",24934,681807
"Royce Lewis","MIN",0.36241611,0.75819672,0.51905921,0.60740741,0.85675676,0.7515625,0.39578264,0.63384615,0.12884927,0.13533225,0.26418152,"Royce Lewis",20437,668904
"Cal Raleigh","SEA",0.36090727,0.76059113,0.52227526,0.58040665,0.81735751,0.71972582,0.40373906,0.63535032,0.1462058,0.11760032,0.26380612,"Cal Raleigh",21534,663728
"Jason Heyward","- - -",0.35392321,0.69411765,0.49511719,0.61792453,0.89491525,0.7790927,0.41503906,0.63178295,0.10926829,0.15414634,0.26341463,"Jason Heyward",4940,518792
"TJ Friedl","CIN",0.27083333,0.63427562,0.43079316,0.68205128,0.92200557,0.83754513,0.44012442,0.55131965,0.06993007,0.19347319,0.26340326,"TJ Friedl",19522,670770
"Lenyn Sosa","CHW",0.41309824,0.68096055,0.5265069,0.74085366,0.88664987,0.82068966,0.42338417,0.63143631,0.0942029,0.16884058,0.26304348,"Lenyn Sosa",22896,672820
"Jeremy Peña","HOU",0.39169139,0.74458874,0.53521127,0.58333333,0.91569767,0.77138158,0.40669014,0.67538462,0.12235915,0.14040493,0.26276408,"Jeremy Pena",21636,665161
"Juan Soto","NYY",0.21299435,0.60084034,0.36891892,0.67374005,0.86433566,0.7985348,0.40202703,0.54137447,0.07409902,0.1886157,0.26271472,"Juan Soto",20123,665742
"MJ Melendez","KCR",0.33022388,0.79042691,0.52303523,0.63841808,0.79378069,0.73678756,0.41897019,0.63192905,0.13766938,0.12466125,0.26233062,"MJ Melendez",22197,669004
"Carlos Santana","MIN",0.27017544,0.667001,0.43352601,0.67012987,0.85413534,0.78666667,0.41164327,0.56565657,0.09240924,0.16955446,0.2619637,"Carlos Santana",2396,467793
"Drew Millas","WSN",0.30718954,0.67676768,0.45238095,0.63829787,0.89552239,0.78947368,0.39285714,0.69354839,0.0952381,0.16666667,0.26190476,"Drew Millas",25643,686452
"Nick Castellanos","PHI",0.40775988,0.82106339,0.58020478,0.53500898,0.85429639,0.72352941,0.41723549,0.69802731,0.16006811,0.10131971,0.26138782,"Nick Castellanos",11737,592206
"César Salazar","HOU",0.33333333,0.75,0.51351351,0.76190476,0.77777778,0.77192982,0.43243243,0.6875,0.11711712,0.14414414,0.26126126,"Cesar Salazar",21587,663967
"Tommy Edman","LAD",0.284375,0.68825911,0.46031746,0.62637363,0.86470588,0.7816092,0.4356261,0.60784314,0.1005291,0.16049383,0.26102293,"Tommy Edman",19470,669242
"Kevin Newman","ARI",0.32094595,0.69246862,0.48691589,0.70526316,0.92145015,0.84261036,0.44672897,0.63022508,0.07663551,0.18411215,0.26074766,"Kevin Newman",17696,621028
"Ryan Vilade","DET",0.4,0.72727273,0.55319149,0.7,0.828125,0.77884615,0.46808511,0.67346939,0.12234043,0.13829787,0.2606383,"Ryan Vilade",22165,668723
"Cody Bellinger","CHC",0.35119048,0.6890849,0.49831973,0.69975787,0.864,0.79865125,0.43542967,0.58347979,0.10028791,0.16026871,0.26055662,"Cody Bellinger",15998,641355
"José Azocar","SDP",0.51428571,0.77586207,0.6185567,0.6,0.86666667,0.73333333,0.39862543,0.64556962,0.16438356,0.09589041,0.26027397,"Jose Azocar",18821,640492
"Brooks Lee","MIN",0.38309859,0.71428571,0.5228013,0.68382353,0.90810811,0.81308411,0.4218241,0.60540541,0.09756098,0.16260163,0.2601626,"Brooks Lee",31595,686797
"Jung Hoo Lee","SFG",0.31023102,0.57894737,0.43585237,0.85106383,0.95454545,0.91532258,0.46748682,0.61392405,0.03690685,0.22319859,0.26010545,"Jung Hoo Lee",33824,808982
"Ramón Urías","BAL",0.30652504,0.75102041,0.49608355,0.64356436,0.81793478,0.75614035,0.42645779,0.66777409,0.12076455,0.13900956,0.25977411,"Ramon Urias",18795,602104
"Alex Verdugo","NYY",0.28342674,0.62854529,0.44449189,0.73728814,0.93158661,0.86551393,0.46669513,0.61996779,0.05970149,0.2,0.25970149,"Alex Verdugo",17027,657077
"Alex Call","WSN",0.23507463,0.64888889,0.42393509,0.77777778,0.8630137,0.83732057,0.45638945,0.6460177,0.06896552,0.19066937,0.25963489,"Alex Call",19296,669743
"CJ Abrams","WSN",0.38762725,0.71719227,0.53097345,0.67878788,0.83687943,0.77166667,0.43495575,0.62790698,0.12113174,0.13837312,0.25950486,"CJ Abrams",25768,682928
"Steven Kwan","CLE",0.22203673,0.5966908,0.38937644,0.83082707,0.97227036,0.92763938,0.44665127,0.58703704,0.02814952,0.23073373,0.25888325,"Steven Kwan",24610,680757
"William Contreras","MIL",0.29082915,0.74261993,0.47384155,0.57235421,0.83726708,0.74053628,0.40508221,0.60382916,0.12289877,0.13559955,0.25849832,"William Contreras",20503,661388
"Jose Iglesias","NYM",0.43687708,0.63636364,0.52465116,0.77946768,0.92358804,0.85638298,0.44,0.63230241,0.07527881,0.1830855,0.25836431,"Jose Iglesias",10231,578428
"Jason Vosler","SEA",0.32857143,0.78,0.51666667,0.69565217,0.79487179,0.75806452,0.41666667,0.7,0.125,0.13333333,0.25833333,"Jason Vosler",16686,613564
"Luis Guillorme","- - -",0.25877193,0.62716763,0.41770574,0.73728814,0.9124424,0.85074627,0.43142145,0.51871658,0.06234414,0.1957606,0.25810474,"Luis Guillorme",16451,641645
"Austin Barnes","LAD",0.23343849,0.73913043,0.4688027,0.56756757,0.8872549,0.80215827,0.46543002,0.61538462,0.09274874,0.16526138,0.25801012,"Austin Barnes",12158,605131
"Gleyber Torres","NYY",0.25995025,0.71723001,0.45657568,0.69617225,0.84252874,0.79503106,0.42998937,0.63007519,0.09355067,0.1644224,0.25797307,"Gleyber Torres",16997,650402
"Andy Pages","LAD",0.33577406,0.72739187,0.5095986,0.63862928,0.85765766,0.77739726,0.44386271,0.63656885,0.11304348,0.14492754,0.25797101,"Andy Pages",24816,681624
"George Springer","TOR",0.28416149,0.75346535,0.49042646,0.6147541,0.84362681,0.76929902,0.43951262,0.65309446,0.11313394,0.14477677,0.25791071,"George Springer",12856,543807
"Nolan Arenado","STL",0.33523132,0.64627151,0.46797226,0.73673036,0.91863905,0.84394071,0.42676459,0.61417323,0.07291242,0.18492872,0.25784114,"Nolan Arenado",9777,571448
"Brayan Rocchio","CLE",0.32571996,0.67824773,0.46554823,0.67073171,0.87082405,0.78635779,0.3966447,0.63574661,0.09946075,0.15817855,0.2576393,"Brayan Rocchio",23690,677587
"Pete Crow-Armstrong","CHC",0.43489254,0.79014308,0.59225352,0.64534884,0.79275654,0.73246136,0.44295775,0.70731707,0.1583392,0.0992259,0.2575651,"Pete Crow-Armstrong",27769,691718
"Manuel Margot","MIN",0.3310992,0.70640569,0.49235474,0.70040486,0.88413098,0.8136646,0.42966361,0.62099125,0.09167303,0.1657754,0.25744843,"Manuel Margot",14712,622534
"Edward Olivares","PIT",0.34651163,0.71301775,0.5078125,0.61073826,0.89211618,0.78461538,0.44010417,0.60204082,0.10909091,0.14805195,0.25714286,"Edward Olivares",19698,658668
"Isaac Paredes","- - -",0.29638273,0.67427568,0.44724851,0.73622047,0.90625,0.83855799,0.39922888,0.62714509,0.0721794,0.18465312,0.25683252,"Isaac Paredes",20036,670623
"Brandon Nimmo","NYM",0.27562062,0.67744681,0.44756009,0.6073903,0.88442211,0.78681855,0.42789512,0.58974359,0.09530738,0.16151328,0.25682066,"Brandon Nimmo",12927,607043
"Ezequiel Duran","TEX",0.41396934,0.75177305,0.55544554,0.62962963,0.87106918,0.76648841,0.41881188,0.67368421,0.12931885,0.12734452,0.25666338,"Ezequiel Duran",23733,677649
"Eric Wagaman","LAA",0.34459459,0.72727273,0.51672862,0.58823529,0.90909091,0.79136691,0.44981413,0.64864865,0.10780669,0.14869888,0.25650558,"Eric Wagaman",23395,676572
"Trea Turner","PHI",0.3830313,0.76357057,0.53744493,0.56344086,0.8957346,0.75500911,0.40577582,0.66604824,0.1316047,0.12475538,0.25636008,"Trea Turner",16252,607208
"Mookie Betts","LAD",0.22930464,0.65435042,0.40351734,0.68592058,0.94899818,0.86077482,0.4098681,0.60852713,0.05615234,0.20019531,0.25634766,"Mookie Betts",13611,605141
"Francisco Lindor","NYM",0.30506246,0.7147651,0.48507188,0.66163793,0.85446009,0.78647416,0.43936602,0.60232221,0.10346097,0.15279823,0.2562592,"Francisco Lindor",12916,596019
"Nathaniel Lowe","TEX",0.27138643,0.639,0.42741935,0.66847826,0.89514867,0.8123138,0.42444822,0.6,0.08018668,0.17607128,0.25625796,"Nathaniel Lowe",19566,663993
"Blake Sabol","SFG",0.31944444,0.78846154,0.51612903,0.39130435,0.92682927,0.734375,0.41935484,0.57894737,0.136,0.12,0.256,"Blake Sabol",25805,666165
"Tyler Freeman","CLE",0.3125,0.66331658,0.46415641,0.74285714,0.92424242,0.8549142,0.43229544,0.62140992,0.06724512,0.18872017,0.25596529,"Tyler Freeman",22532,671289
"Fernando Tatis Jr.","SDP",0.32466063,0.75562219,0.50999355,0.57142857,0.84920635,0.74841972,0.43004513,0.63013699,0.12830432,0.12765957,0.25596389,"Fernando Tatis Jr.",19709,665487
"Taylor Walls","TBR",0.24356775,0.71460674,0.44747082,0.6056338,0.84591195,0.77173913,0.43287938,0.59920635,0.10214008,0.1536965,0.25583658,"Taylor Walls",22458,670764
"Whit Merrifield","- - -",0.27734375,0.6886121,0.45112782,0.69014085,0.90697674,0.83,0.42255639,0.6358209,0.07669173,0.17894737,0.2556391,"Whit Merrifield",11281,593160
"Manny Machado","SDP",0.33456699,0.7519305,0.5157101,0.62610619,0.8703466,0.78066613,0.4340176,0.62986003,0.113018,0.14231896,0.25533696,"Manny Machado",11493,592518
"Spencer Horwitz","TOR",0.30056497,0.6637931,0.46046806,0.7443609,0.88095238,0.83104396,0.4402277,0.59055118,0.07770057,0.17751105,0.25521162,"Spencer Horwitz",26477,687462
"Austin Martin","MIN",0.24224806,0.70813397,0.45074946,0.592,0.90202703,0.80997625,0.44753747,0.62256809,0.0856531,0.16916488,0.25481799,"Austin Martin",27462,668885
"Joey Meneses","WSN",0.36377025,0.71922246,0.50788091,0.63157895,0.9039039,0.78793103,0.40542907,0.61661342,0.10761155,0.14698163,0.25459318,"Joey Meneses",14366,608841
"Austin Wells","NYY",0.2977588,0.75035663,0.49145299,0.59498208,0.84030418,0.7552795,0.42796093,0.59661836,0.12026862,0.13431013,0.25457875,"Austin Wells",27562,669224
"Nolan Schanuel","LAA",0.25473071,0.6395112,0.41511036,0.78857143,0.91242038,0.86809816,0.41680815,0.62273476,0.05473059,0.19983029,0.25456088,"Nolan Schanuel",33189,694384
"Jonny DeLuca","TBR",0.3968059,0.74576271,0.53457249,0.6873065,0.86363636,0.78442281,0.39479554,0.67403315,0.11515602,0.13818722,0.25334324,"Jonny DeLuca",26365,676356
"Gustavo Campero","LAA",0.42574257,0.73684211,0.55932203,0.76744186,0.80357143,0.78787879,0.42937853,0.79166667,0.11797753,0.13483146,0.25280899,"Gustavo Campero",22707,672569
"Jake McCarthy","ARI",0.33400605,0.67421384,0.48544233,0.65861027,0.94216418,0.83391003,0.44512878,0.65454545,0.08053691,0.17225951,0.25279642,"Jake McCarthy",21622,664983
"Lourdes Gurriel Jr.","ARI",0.35376968,0.72488584,0.50984157,0.68149883,0.8992126,0.81167608,0.42054729,0.64195298,0.09592326,0.15683453,0.25275779,"Lourdes Gurriel Jr.",19238,666971
"Ryan Mountcastle","BAL",0.40523466,0.7790404,0.56105263,0.65256125,0.85737439,0.77110694,0.41684211,0.63905325,0.12815126,0.12447479,0.25262605,"Ryan Mountcastle",18373,663624
"Will Smith","LAD",0.2993921,0.68691099,0.46235139,0.71319797,0.88109756,0.81809524,0.42051959,0.60294118,0.08402992,0.16849978,0.2525297,"Will Smith",19197,669257
"Oswaldo Cabrera","NYY",0.33201581,0.68503937,0.47355959,0.68253968,0.92528736,0.82333333,0.40094712,0.58895706,0.08353034,0.16863672,0.25216706,"Oswaldo Cabrera",21707,665828
"Adael Amador","COL",0.50746269,0.73076923,0.60504202,0.67647059,0.89473684,0.79166667,0.43697479,0.72222222,0.12605042,0.12605042,0.25210084,"Adael Amador",27962,691182
"Vladimir Guerrero Jr.","TOR",0.30628803,0.7103139,0.47995374,0.66666667,0.87752525,0.80080321,0.42983809,0.61406026,0.09565886,0.15597388,0.25163273,"Vladimir Guerrero Jr.",19611,665489
"Luis García Jr.","WSN",0.38537906,0.69806452,0.51407329,0.70725995,0.89463956,0.81198347,0.41157727,0.65340909,0.09660297,0.15498938,0.25159236,"Luis Garcia Jr.",20391,671277
"Jesse Winker","- - -",0.2287234,0.67486631,0.43092584,0.66666667,0.87638669,0.81552306,0.45322346,0.61811024,0.07945736,0.17199612,0.25145349,"Jesse Winker",13590,608385
"Ben Rice","NYY",0.25,0.75,0.45994475,0.55238095,0.87280702,0.77177177,0.4198895,0.58426966,0.10482759,0.1462069,0.25103448,"Ben Rice",29576,700250
"Patrick Bailey","SFG",0.27862209,0.72625,0.47901511,0.58545455,0.88296041,0.78738318,0.44767767,0.61830357,0.10167598,0.14916201,0.25083799,"Patrick Bailey",27478,672275
"Miguel Vargas","- - -",0.24659864,0.72209026,0.44499504,0.76551724,0.84210526,0.81737194,0.4172448,0.59915612,0.08126858,0.16947473,0.25074331,"Miguel Vargas",20178,678246
"Blaze Alexander","ARI",0.33649289,0.76712329,0.51260504,0.57042254,0.86607143,0.75136612,0.40896359,0.58378378,0.12745098,0.1232493,0.25070028,"Blaze Alexander",23789,677942
"Anthony Rizzo","NYY",0.36470588,0.67525773,0.49092179,0.69032258,0.93129771,0.82503556,0.40642458,0.6,0.08583391,0.16468946,0.25052338,"Anthony Rizzo",3473,519203
"Brendan Donovan","STL",0.26676385,0.64721724,0.43724859,0.73497268,0.93203883,0.86568537,0.44810941,0.59662577,0.05870527,0.19179735,0.25050261,"Brendan Donovan",24679,680977
"Jose Altuve","HOU",0.39646134,0.69719828,0.51018745,0.70082645,0.88562597,0.79632588,0.37815811,0.64516129,0.10382736,0.1465798,0.25040717,"Jose Altuve",5417,514888
"Salvador Perez","KCR",0.46411483,0.77565632,0.57757497,0.62297496,0.86461538,0.74115877,0.36418948,0.65184049,0.14937039,0.10030395,0.24967434,"Salvador Perez",7304,521692
"Abraham Toro","OAK",0.34814815,0.65753425,0.47776184,0.72695035,0.94010417,0.84984985,0.41893831,0.57142857,0.07168459,0.17777778,0.24946237,"Abraham Toro",19844,647351
"Matt Olson","ATL",0.33333333,0.73200993,0.49694501,0.70120898,0.80677966,0.76502732,0.41038697,0.59854015,0.11664971,0.13224822,0.24889793,"Matt Olson",14344,621566
"Brooks Baldwin","CHW",0.39495798,0.79144385,0.56941176,0.69148936,0.83108108,0.7768595,0.44,0.70247934,0.12676056,0.12206573,0.24882629,"Brooks Baldwin",31394,681460
"Freddy Fermin","KCR",0.35411765,0.73458904,0.50906555,0.64119601,0.8997669,0.79315068,0.40725244,0.6576087,0.10522648,0.14355401,0.24878049,"Freddy Fermin",21840,666023
"Michael Massey","KCR",0.39798489,0.69962687,0.51954887,0.72468354,0.936,0.83936324,0.40300752,0.64606742,0.08339594,0.16528926,0.2486852,"Michael Massey",27684,686681
"Charlie Blackmon","COL",0.33058608,0.67512077,0.47916667,0.72022161,0.89445438,0.82608696,0.43125,0.61923848,0.08320333,0.16536661,0.24856994,"Charlie Blackmon",7859,453568
"Christian Walker","ARI",0.2829912,0.76631579,0.48141746,0.58031088,0.85714286,0.76122083,0.41054451,0.57246377,0.1147541,0.13373598,0.24849008,"Christian Walker",13419,572233
"Jose Miranda","MIN",0.38444924,0.73127036,0.52272727,0.66853933,0.89977728,0.79751553,0.3987013,0.62703963,0.10577547,0.14211551,0.24789098,"Jose Miranda",20538,669304
"Nicky Lopez","CHW",0.32173913,0.68926554,0.48157248,0.68581081,0.90163934,0.82015306,0.43488943,0.63146067,0.08660934,0.16093366,0.247543,"Nicky Lopez",19339,670032
"Randal Grichuk","ARI",0.31012658,0.70175439,0.47426471,0.65306122,0.91875,0.81782946,0.41911765,0.58781362,0.08615949,0.1604033,0.24656279,"Randal Grichuk",10243,545341
"Masataka Yoshida","BOS",0.29171396,0.65589888,0.45448839,0.74708171,0.93576017,0.86878453,0.44695543,0.54394299,0.05959849,0.18632371,0.24592221,"Masataka Yoshida",31837,807799
"Luis Campusano","SDP",0.35294118,0.69978402,0.50976563,0.7020202,0.87962963,0.81226054,0.45214844,0.63879599,0.09560976,0.1502439,0.24585366,"Luis Campusano",22217,669134
"Max Kepler","MIN",0.3559322,0.76019576,0.52136182,0.61269841,0.89270386,0.77976953,0.40921228,0.63157895,0.11474316,0.13075384,0.245497,"Max Kepler",12144,596146
"Curt Casali","SFG",0.23134328,0.68115942,0.42736842,0.72580645,0.87943262,0.83251232,0.43578947,0.672,0.07127883,0.17400419,0.24528302,"Curt Casali",12510,592200
"Miguel Amaya","CHC",0.37651822,0.75729927,0.53840186,0.64157706,0.8939759,0.7925072,0.42513576,0.66115702,0.11136891,0.13379737,0.24516628,"Miguel Amaya",21693,665804
"Andrew Benintendi","CHW",0.27937095,0.71115974,0.47719298,0.71192053,0.87076923,0.82037815,0.45814536,0.6091954,0.08562844,0.15923886,0.2448673,"Andrew Benintendi",17901,643217
"Jake Cronenworth","SDP",0.26534653,0.66774454,0.44622093,0.71393035,0.91404358,0.8485342,0.44949128,0.57926829,0.06751361,0.17676951,0.24428312,"Jake Cronenworth",18036,630105
"Anthony Santander","BAL",0.37515006,0.6875,0.49744339,0.7648,0.87109905,0.82232012,0.39152666,0.61353383,0.08825675,0.15572575,0.24398249,"Anthony Santander",14551,623993
"Ildemaro Vargas","WSN",0.32569558,0.63087248,0.45463138,0.79396985,0.95390071,0.88773389,0.42249527,0.61386139,0.05079962,0.19285042,0.24365005,"Ildemaro Vargas",13324,545121
"Ronald Acuña Jr.","ATL",0.26768642,0.7460733,0.46961326,0.65714286,0.8,0.75294118,0.42209945,0.64414414,0.1160221,0.12707182,0.24309392,"Ronald Acuna Jr.",18401,660670
"Gio Urshela","- - -",0.39834881,0.74130737,0.54443128,0.74870466,0.87429644,0.82154516,0.42594787,0.68329718,0.09681228,0.14580874,0.24262102,"Gio Urshela",10681,570482
"Richie Palacios","TBR",0.26358696,0.73944954,0.46604215,0.62371134,0.85111663,0.77721943,0.42544887,0.59810127,0.10382514,0.1381733,0.24199844,"Richie Palacios",24589,680700
"Justin Turner","- - -",0.28560548,0.67428004,0.45431034,0.768,0.89543446,0.85009488,0.43405172,0.57513915,0.0680155,0.17391304,0.24192854,"Justin Turner",5235,457759
"Alejandro Kirk","TOR",0.30952381,0.69004894,0.46555184,0.76923077,0.92671395,0.86494253,0.41003344,0.62694301,0.06279225,0.17902472,0.24181697,"Alejandro Kirk",22581,672386
"Nico Hoerner","CHC",0.35155657,0.65295888,0.48141746,0.81209503,0.95084485,0.89317774,0.43085566,0.65054602,0.05138169,0.19041451,0.2417962,"Nico Hoerner",21479,663538
"Josh Bell","- - -",0.31415929,0.75056689,0.48614835,0.62206573,0.85951662,0.76654412,0.39410188,0.58706468,0.11349419,0.12734584,0.24084004,"Josh Bell",13145,605137
"Nick Fortes","MIA",0.34330709,0.64354528,0.47833622,0.80733945,0.92215569,0.87681159,0.44974003,0.71343284,0.05887446,0.18181818,0.24069264,"Nick Fortes",21538,663743
"Vidal Bruján","MIA",0.33001658,0.76053215,0.5142315,0.66331658,0.86297376,0.7896679,0.42789374,0.65107914,0.10795455,0.13257576,0.2405303,"Vidal Brujan",20536,660644
"Mike Trout","LAA",0.21405751,0.67816092,0.42508711,0.64179104,0.89830508,0.82786885,0.45470383,0.57936508,0.07317073,0.16724739,0.24041812,"Mike Trout",10155,545361
"Andrés Giménez","CLE",0.40751658,0.74880153,0.55583333,0.66907776,0.87836108,0.7916042,0.43458333,0.62559242,0.1156406,0.12437604,0.24001664,"Andres Gimenez",19950,665926
"Alex Bregman","HOU",0.26544118,0.69119071,0.44922691,0.8033241,0.92717087,0.8855814,0.43167572,0.6340694,0.05137845,0.18838764,0.23976608,"Alex Bregman",17678,608324
"Avisaíl García","MIA",0.4,0.89473684,0.60215054,0.45454545,0.89705882,0.72321429,0.40860215,0.64705882,0.16489362,0.07446809,0.2393617,"Avisail Garcia",5760,541645
"Brice Turang","MIL",0.31676558,0.64438503,0.46558704,0.80562061,0.92392808,0.88,0.45425101,0.62520194,0.05578011,0.18350849,0.2392886,"Brice Turang",22186,668930
"Juan Yepez","WSN",0.35893155,0.73297003,0.5010352,0.69302326,0.89591078,0.80578512,0.37991718,0.60240964,0.09720786,0.14167528,0.23888314,"Juan Yepez",18400,660766
"Miguel Andujar","OAK",0.38439306,0.67701863,0.50468085,0.7481203,0.94801223,0.85834739,0.41106383,0.63322884,0.07136788,0.16737468,0.23874257,"Miguel Andujar",15878,609280
"Yordan Alvarez","HOU",0.33504776,0.6910299,0.4770318,0.68421053,0.90705128,0.81296296,0.39885159,0.58425197,0.0889476,0.14927345,0.23822105,"Yordan Alvarez",19556,670541
"Victor Robles","- - -",0.34602649,0.77644231,0.52156863,0.58851675,0.87306502,0.7612782,0.40784314,0.69830508,0.12438786,0.1136141,0.23800196,"Victor Robles",18363,645302
"Nick Gonzales","PIT",0.38352638,0.7962963,0.56236324,0.59395973,0.8794926,0.769131,0.43326039,0.65891473,0.12973761,0.10787172,0.23760933,"Nick Gonzales",27490,693304
"Shay Whitcomb","HOU",0.29126214,0.7012987,0.46666667,0.7,0.90740741,0.83333333,0.42777778,0.58695652,0.07734807,0.16022099,0.23756906,"Shay Whitcomb",27789,694376
"Ty France","- - -",0.32013479,0.78333333,0.51208683,0.60789474,0.88905775,0.78612717,0.41440553,0.62429907,0.10935961,0.12807882,0.23743842,"Ty France",17982,664034
"Jasson Domínguez","NYY",0.32098765,0.73275862,0.49280576,0.63461538,0.87058824,0.7810219,0.41726619,0.71641791,0.10791367,0.1294964,0.23741007,"Jasson Dominguez",28080,691176
"Ernie Clement","TOR",0.4645006,0.70502431,0.56698895,0.81865285,0.92643678,0.87576127,0.42610497,0.70575221,0.07039337,0.16701173,0.23740511,"Ernie Clement",20352,676391
"Javier Sanoja","MIA",0.40983607,0.70175439,0.55084746,0.72,0.95,0.86153846,0.48305085,0.72222222,0.07627119,0.16101695,0.23728814,"Javier Sanoja",28253,691594
"Yandy Díaz","TBR",0.25624082,0.66545123,0.43879626,0.77077364,0.9260274,0.87581094,0.44611631,0.58293076,0.05444941,0.18203982,0.23648923,"Yandy Diaz",16578,650490
"Bobby Witt Jr.","KCR",0.35448718,0.74783446,0.51173528,0.69981917,0.88416988,0.8075188,0.39976914,0.61495063,0.09838586,0.13797079,0.23635665,"Bobby Witt Jr.",25764,677951
"Joshua Palacios","PIT",0.25414365,0.71428571,0.44299674,0.67391304,0.83333333,0.77941176,0.41042345,0.56410256,0.09708738,0.13915858,0.23624595,"Joshua Palacios",19818,641943
"Yainer Diaz","HOU",0.45747126,0.79586877,0.58834586,0.65494137,0.8870229,0.77635783,0.38674812,0.66882068,0.13151714,0.10427431,0.23579145,"Yainer Diaz",23003,673237
"Ryan O'Hearn","BAL",0.29234973,0.70072993,0.4671875,0.69781931,0.92013889,0.84057971,0.428125,0.55263158,0.07447917,0.16041667,0.23489583,"Ryan O'Hearn",16442,656811
"Nick Loftin","KCR",0.26329787,0.67871486,0.4288,0.68686869,0.95857988,0.85820896,0.3984,0.64912281,0.06060606,0.1738437,0.23444976,"Nick Loftin",27630,679845
"Miguel Rojas","LAD",0.30057803,0.67822736,0.46242775,0.78846154,0.92613636,0.875,0.42857143,0.57863501,0.05766063,0.17627677,0.2339374,"Miguel Rojas",7802,500743
"Christian Yelich","MIL",0.29081633,0.72107438,0.45504732,0.66666667,0.88538682,0.79896014,0.38170347,0.54285714,0.09148265,0.14195584,0.23343849,"Christian Yelich",11477,592885
"Mike Tauchman","CHC",0.25681818,0.73059361,0.45933637,0.68141593,0.86458333,0.80594901,0.42745608,0.62285714,0.08896104,0.14350649,0.23246753,"Mike Tauchman",15274,643565
"Andrés Chaparro","WSN",0.35294118,0.78995434,0.5352381,0.59259259,0.9017341,0.78291815,0.41714286,0.6969697,0.11619048,0.11619048,0.23238095,"Andres Chaparro",21797,665953
"Willie Calhoun","LAA",0.27372263,0.65365854,0.43632568,0.76,0.94029851,0.87559809,0.42797495,0.60629921,0.05422315,0.17726799,0.23149114,"Willie Calhoun",17838,641432
"Curtis Mead","TBR",0.41156463,0.71428571,0.52452026,0.76033058,0.856,0.80894309,0.37313433,0.62121212,0.09957627,0.13135593,0.2309322,"Curtis Mead",23986,678554
"Luis Matos","SFG",0.42532468,0.69491525,0.54227941,0.77099237,0.93902439,0.86440678,0.43382353,0.61538462,0.07326007,0.15750916,0.23076923,"Luis Matos",26467,682641
"Marcus Semien","TEX",0.30314708,0.78671656,0.5,0.64194915,0.90368609,0.80959634,0.40708302,0.60306407,0.09516559,0.13475447,0.22992006,"Marcus Semien",12533,543760
"Josh Naylor","CLE",0.35479256,0.73672316,0.50284713,0.69758065,0.86656442,0.79355401,0.38764783,0.59873618,0.10353866,0.12625601,0.22979467,"Josh Naylor",18839,647304
"Keibert Ruiz","WSN",0.40473738,0.68895349,0.52260398,0.82951654,0.93459916,0.88696655,0.41470766,0.64742268,0.0589651,0.17027677,0.22924188,"Keibert Ruiz",19610,660688
"Nick Madrigal","CHC",0.38317757,0.67361111,0.5,0.82926829,0.94845361,0.89385475,0.40223464,0.59574468,0.05307263,0.17597765,0.22905028,"Nick Madrigal",20521,663611
"Luisangel Acuña","NYM",0.34246575,0.77777778,0.54411765,0.68,0.85714286,0.7972973,0.46323529,0.725,0.11029412,0.11764706,0.22794118,"Luisangel Acuna",26548,682668
"Kyle Tucker","HOU",0.20924262,0.69649123,0.41512231,0.65030675,0.89420655,0.82321429,0.42253521,0.54277286,0.07322485,0.1545858,0.22781065,"Kyle Tucker",18345,663656
"Ketel Marte","ARI",0.29258354,0.73311547,0.48111888,0.67409471,0.87964339,0.80813953,0.42797203,0.58147513,0.09213588,0.13541182,0.2275477,"Ketel Marte",13613,606466
"Bryce Harper","PHI",0.36602564,0.80528053,0.52774403,0.58143608,0.88251366,0.75057559,0.36816525,0.61806656,0.13136621,0.09579628,0.22716249,"Bryce Harper",11579,547180
"Bo Bichette","TOR",0.40520984,0.79089027,0.56388416,0.64642857,0.92146597,0.80513595,0.41141397,0.67261905,0.10933558,0.11774601,0.22708158,"Bo Bichette",19612,666182
"Omar Narváez","NYM",0.3006993,0.75396825,0.51301115,0.76744186,0.88421053,0.84782609,0.46840149,0.62318841,0.07806691,0.14869888,0.2267658,"Omar Narvaez",13338,553882
"Jacob Wilson","OAK",0.38990826,0.66412214,0.49283668,0.82352941,0.94252874,0.88372093,0.37535817,0.63106796,0.05730659,0.16905444,0.22636103,"Jacob Wilson",33266,805779
"Luis Arraez","- - -",0.36818182,0.64748858,0.49482402,0.90740741,0.96614951,0.94225941,0.45341615,0.61011905,0.02853598,0.19768404,0.22622002,"Luis Arraez",18568,650333
"Vinnie Pasquantino","KCR",0.33811802,0.67425968,0.47654784,0.78066038,0.94256757,0.875,0.41181989,0.59566787,0.05945693,0.16573034,0.22518727,"Vinnie Pasquantino",27676,686469
"Jurickson Profar","SDP",0.25997426,0.707173,0.45345016,0.72029703,0.90453461,0.84460548,0.43263965,0.6002994,0.07038658,0.15426696,0.22465354,"Jurickson Profar",10815,595777
"Xavier Edwards","MIA",0.26093514,0.72988506,0.46751055,0.75722543,0.88976378,0.84837545,0.44050633,0.60066007,0.0706476,0.15222876,0.22287637,"Xavier Edwards",22266,669364
"Santiago Espinal","CIN",0.3062201,0.71407186,0.48736702,0.73828125,0.94129979,0.87039563,0.44414894,0.60102302,0.06299735,0.15981432,0.22281167,"Santiago Espinal",19997,669289
"Alec Bohm","PHI",0.31031543,0.7278481,0.49693541,0.70054945,0.92318841,0.84629981,0.44695898,0.60726073,0.07630711,0.14460669,0.2209138,"Alec Bohm",21618,664761
"Bryce Johnson","SDP",0.29411765,0.77272727,0.49429658,0.64444444,0.91764706,0.82307692,0.41825095,0.71232877,0.08745247,0.13307985,0.22053232,"Bryce Johnson",20002,669369
"Jonah Heim","TEX",0.36435644,0.7769131,0.5429534,0.70108696,0.89649416,0.8221303,0.43290286,0.6496945,0.09646663,0.12338755,0.21985418,"Jonah Heim",16930,641680
"Cedric Mullins","BAL",0.30669145,0.73867596,0.49870934,0.68787879,0.89465409,0.82401656,0.44450181,0.61523046,0.0877193,0.13054696,0.21826625,"Cedric Mullins",17929,656775
"Luis Rengifo","LAA",0.40153846,0.79723502,0.5599631,0.65900383,0.89017341,0.7907743,0.400369,0.67105263,0.11694291,0.10128913,0.21823204,"Luis Rengifo",19858,650859
"José Ramírez","CLE",0.34830769,0.70630631,0.49360146,0.78268551,0.92219388,0.8637037,0.40585009,0.54545455,0.06715328,0.15,0.21715328,"Jose Ramirez",13510,608070
"Will Brennan","CLE",0.38848921,0.75140187,0.54634146,0.77037037,0.89054726,0.8422619,0.43495935,0.64589235,0.08610885,0.13078798,0.21689683,"Will Brennan",25660,686823
"Mauricio Dubón","HOU",0.44522968,0.81530782,0.59862069,0.78835979,0.86938776,0.83410138,0.41448276,0.6635514,0.09931034,0.1137931,0.21310345,"Mauricio Dubon",16530,643289
"Alec Burleson","STL",0.3869637,0.78232044,0.55597544,0.74200426,0.88841808,0.83007647,0.42749173,0.63529412,0.09442871,0.1170916,0.2115203,"Alec Burleson",27615,676475
"Freddie Freeman","LAD",0.3067649,0.76482021,0.49365583,0.75327511,0.86022872,0.82088353,0.40800952,0.59717868,0.08835182,0.12242472,0.21077655,"Freddie Freeman",5361,518692
"Jackson Merrill","SDP",0.3832,0.80685358,0.56755535,0.70146138,0.87644788,0.80971338,0.4351559,0.65430017,0.10794941,0.10207769,0.2100271,"Jackson Merrill",29490,701538
"Jake Fraley","CIN",0.36551724,0.83636364,0.57969925,0.67924528,0.86166008,0.79896239,0.45488722,0.67277487,0.11636637,0.09309309,0.20945946,"Jake Fraley",19260,641584
"Corey Seager","TEX",0.31734317,0.82360406,0.53044872,0.58430233,0.89060092,0.78449144,0.42094017,0.61726079,0.11431624,0.09241453,0.20673077,"Corey Seager",13624,608369
"Ozzie Albies","ATL",0.37040816,0.85052317,0.56519102,0.7107438,0.86818981,0.80686695,0.40570042,0.62988506,0.10902483,0.09024833,0.19927317,"Ozzie Albies",16556,645277
"Jeff McNeil","NYM",0.3490566,0.80184941,0.54938632,0.7027027,0.91598023,0.84042553,0.44243133,0.6059322,0.08746356,0.11078717,0.19825073,"Jeff McNeil",15362,643446
"Nathan Lukes","TOR",0.33990148,0.73202614,0.50842697,0.82608696,0.89285714,0.86740331,0.42977528,0.64835165,0.06741573,0.12640449,0.19382022,"Nathan Lukes",18123,664770