Name,Team,PA,FA%,FT%,FC%,FS%,FO%,SI%,SL%,CU%,KC%,EP%,CH%,SC%,KN%,UN%,NameASCII,PlayerId,MLBAMID
"David Peralta","SDP",260,0.34645669,,0.09055118,0.03641732,,0.14862205,0.17322835,0.07677165,0.01574803,0.0019685,0.11023622,,,,"David Peralta",2136,444482
"Carlos Santana","MIN",594,0.30045398,,0.09286009,0.05901775,,0.10647957,0.19314899,0.07841519,0.02022286,,0.1469253,,0.00247627,,"Carlos Santana",2396,467793
"Tommy Pham","- - -",478,0.30213209,,0.07436297,0.02236089,,0.18200728,0.2574103,0.06656266,0.01144046,,0.08372335,,,,"Tommy Pham",2967,502054
"Anthony Rizzo","NYY",375,0.30726257,,0.07821229,0.04539106,,0.14455307,0.20879888,0.08589385,0.01187151,0.00069832,0.11731844,,,,"Anthony Rizzo",3473,519203
"Jason Heyward","- - -",258,0.33496094,,0.1015625,0.04394531,0.00488281,0.12597656,0.17871094,0.06640625,0.00683594,0.00195313,0.1328125,,0.00195313,,"Jason Heyward",4940,518792
"Giancarlo Stanton","NYY",459,0.32148715,,0.07162384,0.02405686,,0.15308912,0.2602515,0.06014215,0.0082012,0.00328048,0.09786769,,,,"Giancarlo Stanton",4949,519317
"Justin Turner","- - -",539,0.39051724,,0.07672414,0.01206897,,0.20517241,0.20043103,0.04224138,0.0137931,,0.05862069,,0.00043103,,"Justin Turner",5235,457759
"Robbie Grossman","- - -",245,0.32880698,,0.09893307,0.00969932,,0.13579049,0.14064016,0.08826382,0.01745878,,0.18040737,,,,"Robbie Grossman",5254,543257
"Aaron Hicks","LAA",63,0.19366197,,0.11971831,0.08450704,,0.11619718,0.22183099,0.08802817,0.01056338,,0.16549296,,,,"Aaron Hicks",5297,543305
"Brandon Crawford","STL",80,0.36825397,,0.07936508,0.02539683,,0.0952381,0.14920635,0.07619048,0.02857143,,0.17777778,,,,"Brandon Crawford",5343,543063
"Freddie Freeman","LAD",638,0.30622769,,0.08964697,0.03133677,0.00079334,0.18603729,0.20706069,0.06307021,0.01824673,,0.09520032,,0.00238001,,"Freddie Freeman",5361,518692
"Jose Altuve","HOU",682,0.26120619,,0.07457213,0.03830481,,0.18704156,0.25020375,0.07457213,0.00896496,,0.10513447,,,,"Jose Altuve",5417,514888
"Kyle Higashioka","SDP",263,0.21563089,,0.09887006,0.03389831,0.00094162,0.20527307,0.25612053,0.08003766,0.01506591,,0.09322034,0.00094162,,,"Kyle Higashioka",5517,543309
"Avisaíl García","MIA",51,0.33333333,,0.07526882,0.05376344,,0.1827957,0.12365591,0.06989247,0.02150538,,0.13978495,,,,"Avisail Garcia",5760,541645
"Wilmer Flores","SFG",242,0.28898129,,0.08523909,0.01975052,,0.21725572,0.21725572,0.05821206,0.01143451,,0.1018711,,,,"Wilmer Flores",5827,527038
"J.D. Martinez","NYM",495,0.31725146,,0.07163743,0.02680312,,0.14668616,0.29385965,0.06822612,0.01218324,,0.06140351,,0.00194932,,"J.D. Martinez",6184,502110
"Martín Maldonado","CHW",147,0.3147482,,0.09532374,0.00899281,,0.18165468,0.23741007,0.10071942,0.01079137,,0.05035971,,,,"Martin Maldonado",6887,455117
"Salvador Perez","KCR",652,0.25249891,,0.08604954,0.03954802,,0.14124294,0.31768796,0.06996958,0.01086484,,0.0821382,,,,"Salvador Perez",7304,521692
"Travis d'Arnaud","ATL",341,0.34193073,,0.06337509,0.02137067,0.00073692,0.20412675,0.23802506,0.05158438,0.00884304,,0.06558585,,0.00442152,,"Travis d'Arnaud",7739,518595
"Miguel Rojas","LAD",337,0.29479769,,0.07018993,0.01651528,0.00247729,0.19570603,0.26341866,0.06110652,0.01238646,0.00247729,0.08092486,,,,"Miguel Rojas",7802,500743
"Charlie Blackmon","COL",499,0.38920901,,0.10110005,0.03876375,,0.13043478,0.15715034,0.05605029,0.02147721,,0.10057622,0.00104767,0.00419068,,"Charlie Blackmon",7859,453568
"Matt Carpenter","STL",157,0.31886228,,0.10179641,0.05389222,0.00598802,0.14820359,0.15718563,0.11526946,0.03892216,0.00149701,0.05688623,,0.00149701,,"Matt Carpenter",8090,572761
"Donovan Solano","SDP",309,0.32285939,,0.05655931,0.0188531,,0.19874313,0.25530244,0.06205813,0.01649647,0.00157109,0.06598586,0.00157109,,,"Donovan Solano",8623,456781
"Paul Goldschmidt","STL",654,0.31578947,,0.07508281,0.03018035,,0.16304748,0.2576371,0.05226353,0.01582628,,0.08722856,0.00036805,0.00257637,,"Paul Goldschmidt",9218,502671
"Starling Marte","NYM",370,0.27875794,,0.08256881,0.02681722,,0.20818631,0.23853211,0.0649259,0.01834862,,0.07762879,,0.0042343,,"Starling Marte",9241,516782
"Yan Gomes","CHC",96,0.39733333,,0.096,0.01333333,,0.13333333,0.24266667,0.07733333,0.00266667,0.00266667,0.03466667,,,,"Yan Gomes",9627,543228
"Christian Vázquez","MIN",315,0.33567046,,0.0762489,0.02278703,,0.15249781,0.24890447,0.07449606,0.01928133,,0.06923751,,0.00087642,,"Christian Vazquez",9774,543877
"Nolan Arenado","STL",635,0.31199021,,0.06729201,0.02814029,0.00081566,0.1867863,0.25734095,0.04282219,0.01386623,,0.08972268,,0.00122349,,"Nolan Arenado",9777,571448
"Andrew McCutchen","PIT",515,0.27798335,,0.07308048,0.01942646,,0.21785384,0.2627197,0.0573543,0.01618871,,0.07539315,,,,"Andrew McCutchen",9847,457705
"DJ LeMahieu","NYY",228,0.31360947,,0.10414201,0.01893491,,0.20828402,0.21183432,0.06272189,0.0035503,0.00118343,0.07573964,,,,"DJ LeMahieu",9874,518934
"Christian Bethancourt","- - -",147,0.25968992,,0.07364341,0.00968992,,0.18604651,0.28294574,0.06589147,0.02131783,,0.10077519,,,,"Christian Bethancourt",10028,542194
"Mike Trout","LAA",126,0.37804878,,0.10627178,0.01567944,,0.17595819,0.17770035,0.05052265,,,0.09581882,,,,"Mike Trout",10155,545361
"Tucker Barnhart","ARI",96,0.38251366,,0.05464481,0.02185792,,0.11748634,0.27595628,0.06010929,0.00546448,,0.07377049,,0.00819672,,"Tucker Barnhart",10200,571466
"Jose Iglesias","NYM",291,0.32372093,,0.05953488,0.02418605,,0.18325581,0.25860465,0.06604651,0.01860465,0.00372093,0.06232558,,,,"Jose Iglesias",10231,578428
"Randal Grichuk","ARI",279,0.30037313,,0.06809701,0.01026119,0.00093284,0.16697761,0.23320896,0.07089552,0.01865672,0.00186567,0.125,,0.00373134,,"Randal Grichuk",10243,545341
"Marcell Ozuna","ATL",688,0.28601253,,0.07515658,0.02261656,0.00104384,0.17849687,0.23903967,0.07480863,0.0243563,0.00104384,0.09359777,0.00069589,0.00313152,,"Marcell Ozuna",10324,542303
"Jon Singleton","HOU",405,0.31549815,,0.08364084,0.04797048,,0.11623616,0.22263223,0.06703567,0.02337023,,0.12177122,0.00184502,,,"Jon Singleton",10441,572138
"Enrique Hernández","LAD",393,0.30566535,,0.07444005,0.02305665,0.00197628,0.20158103,0.24505929,0.05731225,0.01515152,,0.07378129,,0.00197628,,"Enrique Hernandez",10472,571771
"Gio Urshela","- - -",461,0.32464455,,0.07109005,0.02014218,,0.17239336,0.25059242,0.0450237,0.01244076,0.00177725,0.1007109,0.00118483,,,"Gio Urshela",10681,570482
"Jurickson Profar","SDP",668,0.34490318,,0.09097552,0.03324808,0.00109609,0.14468396,0.16258677,0.08366825,0.02155645,,0.11655097,0.00073073,,,"Jurickson Profar",10815,595777
"Adam Duvall","ATL",330,0.30351438,,0.07348243,0.02795527,,0.18210863,0.26597444,0.05830671,0.01517572,0.00399361,0.06629393,,0.00319489,,"Adam Duvall",10950,594807
"Kevin Kiermaier","- - -",281,0.35369458,,0.09950739,0.01477833,,0.13497537,0.19408867,0.07389163,0.01970443,0.00098522,0.1044335,,0.00394089,,"Kevin Kiermaier",11038,595281
"Whit Merrifield","- - -",335,0.33862434,,0.05820106,0.01511716,,0.18896447,0.21466364,0.06878307,0.01360544,0.00755858,0.09372638,0.00075586,,,"Whit Merrifield",11281,593160
"Yasmani Grandal","PIT",243,0.32563025,,0.07773109,0.02836134,,0.17962185,0.13340336,0.09138655,0.02731092,,0.13655462,,,,"Yasmani Grandal",11368,518735
"Gary Sánchez","MIL",280,0.27288428,,0.06390328,0.02590674,,0.18221071,0.25561313,0.08290155,0.00863558,0.00086356,0.10708117,,,,"Gary Sanchez",11442,596142
"Mark Canha","- - -",462,0.31500514,,0.07759507,0.01387461,,0.18139774,0.2610483,0.05806783,0.01541624,,0.07759507,,,,"Mark Canha",11445,592192
"Christian Yelich","MIL",315,0.30362776,,0.1159306,0.03864353,,0.16167192,0.18059937,0.07334385,0.02681388,,0.09936909,,,,"Christian Yelich",11477,592885
"Michael A. Taylor","PIT",300,0.28951747,,0.05074875,0.03244592,,0.18136439,0.27287854,0.05740433,0.01497504,,0.10066556,,,,"Michael A. Taylor",11489,572191
"Manny Machado","SDP",643,0.30791789,,0.0863008,0.02764977,0.00041894,0.21407625,0.22203603,0.05194805,0.0163385,0.00041894,0.07247591,0.00041894,,,"Manny Machado",11493,592518
"Bryce Harper","PHI",631,0.30537459,,0.07288274,0.03745928,,0.14495114,0.20114007,0.10993485,0.01628664,,0.11074919,0.00040717,0.00081433,,"Bryce Harper",11579,547180
"Willson Contreras","STL",358,0.36034732,,0.06367583,0.03617945,,0.13096961,0.24891462,0.0593343,0.01591896,,0.08248915,0.00072359,0.00144718,,"Willson Contreras",11609,575929
"Brandon Drury","LAA",360,0.34287759,,0.07516106,0.03078024,,0.17537581,0.26055834,0.05297065,0.00858984,,0.05368647,,,,"Brandon Drury",11615,592273
"Elias Díaz","- - -",351,0.29024943,,0.06878307,0.01889645,,0.18291761,0.23280423,0.08163265,0.01965231,,0.10279667,,0.00226757,,"Elias Diaz",11680,553869
"Nick Castellanos","PHI",659,0.2644912,,0.05968227,0.02018033,0.00085874,0.14469729,0.33104337,0.07814513,0.00729927,,0.09145556,,0.00214684,,"Nick Castellanos",11737,592206
"J.T. Realmuto","PHI",413,0.3120657,,0.06317119,0.03474416,0.00126342,0.18825016,0.24763108,0.06632975,0.00884397,,0.07580543,0.00189514,,,"J.T. Realmuto",11739,592663
"Joc Pederson","ARI",449,0.30222222,,0.09166667,0.05944444,,0.13055556,0.18444444,0.07333333,0.01666667,,0.13333333,,0.00833333,,"Joc Pederson",11899,592626
"Nick Martini","CIN",163,0.432,,0.1104,0.0528,,0.136,0.1408,0.0432,0.0096,,0.0608,,0.0144,,"Nick Martini",12005,605361
"Jon Berti","NYY",74,0.50184502,,0.06273063,0.01476015,,0.12177122,0.18450185,0.03690037,,,0.07749077,,,,"Jon Berti",12037,542932
"Max Kepler","MIN",399,0.30507343,,0.09012016,0.04138852,,0.14419226,0.19425901,0.08277704,0.0246996,,0.11748999,,,,"Max Kepler",12144,596146
"Nick Ahmed","- - -",228,0.32113341,,0.06847698,0.00826446,,0.18654073,0.22668241,0.06375443,0.03659976,,0.08146399,,0.00708383,,"Nick Ahmed",12147,605113
"Eddie Rosario","- - -",319,0.29738837,,0.09098568,0.06065712,,0.09182814,0.210615,0.10699242,0.01010952,,0.12468408,,0.00673968,,"Eddie Rosario",12155,592696
"Austin Barnes","LAD",156,0.35919056,,0.0539629,0.01686341,,0.22934233,0.23440135,0.04890388,0.00505902,,0.05227656,,,,"Austin Barnes",12158,605131
"Ben Gamel","- - -",99,0.35170604,,0.07874016,0.0183727,,0.08136483,0.19422572,0.13385827,0.01049869,0.01312336,0.11811024,,,,"Ben Gamel",12160,592325
"Xander Bogaerts","SDP",463,0.26968174,,0.07091011,0.02345059,0.00055835,0.20938023,0.25572306,0.06476829,0.02400893,,0.08096036,0.00055835,,,"Xander Bogaerts",12161,593428
"Miguel Sanó","LAA",95,0.23880597,,0.08955224,0.01741294,,0.16666667,0.33333333,0.04975124,0.01741294,,0.08706468,,,,"Miguel Sano",12164,593934
"Kevin Pillar","- - -",314,0.32752902,,0.04477612,0.02819237,,0.15422886,0.27031509,0.06135987,0.01409619,,0.09950249,,,,"Kevin Pillar",12434,607680
"Curt Casali","SFG",125,0.28781513,,0.06512605,0.01890756,,0.19327731,0.30252101,0.03781513,0.0210084,,0.07352941,,,,"Curt Casali",12510,592200
"Marcus Semien","TEX",718,0.29409524,,0.08952381,0.01714286,,0.15504762,0.2887619,0.04419048,0.01219048,,0.09904762,,,,"Marcus Semien",12533,543760
"Eugenio Suárez","ARI",640,0.33820047,,0.05880032,0.01657459,0.00078927,0.18705604,0.24151539,0.05445935,0.01696922,0.00078927,0.07971586,,0.00513023,,"Eugenio Suarez",12552,553993
"Trevor Story","BOS",106,0.36193029,,0.08042895,0.02949062,,0.1689008,0.25201072,0.04825737,0.01072386,,0.04825737,,,,"Trevor Story",12564,596115
"George Springer","TOR",614,0.25272331,,0.1037037,0.0130719,,0.22091503,0.26056645,0.0496732,0.01002179,,0.08888889,,0.00043573,,"George Springer",12856,543807
"James McCann","BAL",233,0.37257143,,0.07085714,0.01371429,,0.15428571,0.25257143,0.048,0.00914286,,0.07885714,,,,"James McCann",12859,543510
"Anthony Rendon","LAA",238,0.31525077,,0.07574207,0.02558854,,0.19651996,0.27226203,0.04605937,0.01637666,,0.05220061,,,,"Anthony Rendon",12861,543685
"Francisco Lindor","NYM",689,0.36748986,,0.08625138,0.03538518,,0.1271655,0.15739034,0.08772576,0.01806119,0.00073719,0.11795061,,0.00184298,,"Francisco Lindor",12916,596019
"Brandon Nimmo","NYM",663,0.36621769,,0.08299964,0.02875865,,0.16891154,0.17764834,0.0771751,0.01820167,0.00182017,0.076083,,0.0021842,,"Brandon Nimmo",12927,607043
"Austin Hedges","CLE",146,0.35283364,,0.10420475,0.01645338,,0.13345521,0.26691042,0.06215722,0.00365631,,0.06032907,,,,"Austin Hedges",12976,595978
"Javier Báez","DET",289,0.27058824,,0.04509804,0.02352941,,0.14313725,0.36960784,0.05098039,0.01862745,,0.07843137,,,,"Javier Baez",12979,595879
"Teoscar Hernández","LAD",652,0.28297546,,0.06365031,0.01840491,,0.19440184,0.27990798,0.06211656,0.01840491,0.00076687,0.07592025,,0.00345092,,"Teoscar Hernandez",13066,606192
"Josh Bell","- - -",603,0.32439678,,0.09785523,0.03887399,,0.13270777,0.14745308,0.06032172,0.01161752,,0.18364611,0.00134048,0.00178731,,"Josh Bell",13145,605137
"Jorge Polanco","SEA",469,0.31140802,,0.08376156,0.0344296,,0.11613566,0.19064748,0.07656732,0.02620761,,0.15981501,0.00102775,,,"Jorge Polanco",13152,593871
"Orlando Arcia","ATL",602,0.2915952,,0.067753,0.02444254,0.00214408,0.19339623,0.26672384,0.06132075,0.02401372,0.00300172,0.06389365,0.00042882,0.00128645,,"Orlando Arcia",13185,606115
"Max Muncy","LAD",293,0.31374172,,0.06208609,0.04139073,,0.14155629,0.21192053,0.10099338,0.03642384,,0.08940397,,0.00248344,,"Max Muncy",13301,571970
"Ildemaro Vargas","WSN",303,0.29773157,,0.08128544,0.03308129,,0.19187146,0.1710775,0.07750473,0.01701323,,0.13043478,,,,"Ildemaro Vargas",13324,545121
"Omar Narváez","NYM",69,0.34200743,,0.07434944,0.04460967,,0.14869888,0.17843866,0.09665428,0.02230483,,0.0929368,,,,"Omar Narvaez",13338,553882
"Luke Maile","CIN",154,0.32653061,,0.10047096,0.01412873,,0.20565149,0.23704867,0.04866562,0.01569859,0.00470958,0.03924647,,0.00784929,,"Luke Maile",13355,571912
"Christian Walker","ARI",552,0.33101651,,0.05907906,0.01867941,0.00086881,0.15899218,0.24674196,0.06429192,0.01563858,,0.0986099,,0.00608167,,"Christian Walker",13419,572233
"José Ramírez","CLE",682,0.26654479,,0.10383912,0.04533821,,0.11444241,0.19085923,0.0797075,0.02413163,,0.1725777,,0.00255941,,"Jose Ramirez",13510,608070
"Jesse Winker","- - -",508,0.34076587,,0.11391178,0.04314106,,0.13863306,0.16529326,0.07998061,0.01599612,0.00242365,0.095492,,0.00436258,,"Jesse Winker",13590,608385
"Patrick Wisdom","CHC",174,0.38088445,,0.04564907,0.01854494,,0.16262482,0.2211127,0.06134094,0.00570613,0.00570613,0.09843081,,,,"Patrick Wisdom",13602,621550
"Mookie Betts","LAD",516,0.34587201,,0.06741573,0.02491451,0.00390816,0.18612604,0.21885686,0.05520274,0.01367855,,0.08109428,,0.00293112,,"Mookie Betts",13611,605141
"Ketel Marte","ARI",583,0.32318501,,0.08337237,0.05152225,0.00093677,0.12880562,0.15128806,0.06135831,0.01826698,,0.17751756,,0.00374707,,"Ketel Marte",13613,606466
"Carson Kelly","- - -",313,0.29750645,,0.08254514,0.01117799,,0.20206363,0.27085125,0.06448839,0.0094583,,0.06190886,,,,"Carson Kelly",13620,608348
"Jeimer Candelario","CIN",463,0.29421673,,0.10499719,0.03761931,,0.10218978,0.17518248,0.11622684,0.04098821,,0.12521056,,0.00336889,,"Jeimer Candelario",13621,600869
"Corey Seager","TEX",533,0.25267094,,0.10416667,0.04807692,,0.1474359,0.21527778,0.06784188,0.01816239,,0.14636752,,,,"Corey Seager",13624,608369
"Jack López","LAA",71,0.43065693,,0.06934307,0.02554745,,0.08394161,0.2919708,0.04744526,0.00364964,,0.04744526,,,,"Jack Lopez",13663,605346
"Tyrone Taylor","NYM",345,0.26681784,,0.10884354,0.01814059,,0.16402116,0.27513228,0.07482993,0.01662887,0.00151172,0.06802721,,0.00604686,,"Tyrone Taylor",13675,621438
"Jacob Stallings","COL",281,0.31314073,,0.07548928,0.01491146,,0.17800559,0.23205965,0.07548928,0.0167754,,0.08760485,,0.00652377,,"Jacob Stallings",13723,607732
"David Dahl","PHI",62,0.24528302,,0.10566038,0.06037736,,0.12075472,0.26792453,0.08301887,0.01132075,,0.08679245,,0.01886792,,"David Dahl",13744,621311
"Tomás Nido","- - -",140,0.3083004,,0.0770751,0.01778656,,0.11857708,0.27865613,0.08695652,0.00988142,,0.1027668,,,,"Tomas Nido",13755,621512
"Chris Taylor","LAD",246,0.38145315,,0.07170172,0.01625239,0.00286807,0.14340344,0.23804971,0.04493308,0.02294455,0.00478011,0.07361377,,,,"Chris Taylor",13757,621035
"Travis Jankowski","TEX",207,0.39194139,,0.05494505,0.03785104,,0.14163614,0.17460317,0.05738706,0.01098901,,0.13064713,,,,"Travis Jankowski",13768,608671
"Rob Refsnyder","BOS",307,0.32695507,,0.07154742,0.03244592,,0.17720466,0.20798669,0.07404326,0.00915141,,0.09983361,0.00083195,,,"Rob Refsnyder",13770,608701
"Eric Haase","MIL",69,0.31481481,,0.07037037,0.02592593,,0.1037037,0.3037037,0.08518519,0.01111111,0.01481481,0.06666667,,0.0037037,,"Eric Haase",14111,606992
"Joey Gallo","WSN",260,0.37302326,,0.05674419,0.03906977,,0.1172093,0.18697674,0.10232558,0.01581395,,0.10790698,0.00093023,,,"Joey Gallo",14128,608336
"Daniel Vogelbach","TOR",79,0.29545455,,0.15625,0.01988636,,0.16193182,0.20738636,0.08238636,0.00284091,,0.07386364,,,,"Daniel Vogelbach",14130,596129
"Byron Buxton","MIN",388,0.29835391,,0.06241427,0.02743484,,0.15432099,0.2441701,0.05624143,0.02743484,,0.12962963,,,,"Byron Buxton",14161,621439
"Carlos Correa","MIN",367,0.26181818,,0.07927273,0.02254545,,0.208,0.26327273,0.05745455,0.00872727,,0.09890909,,,,"Carlos Correa",14162,621043
"Jorge Soler","- - -",574,0.24617347,,0.0582483,0.01998299,,0.20960884,0.26658163,0.07865646,0.01955782,,0.10034014,,0.00085034,,"Jorge Soler",14221,624585
"Mitch Haniger","SEA",423,0.30830489,,0.07906712,0.01478953,,0.14277588,0.26564278,0.06769056,0.01763367,,0.10409556,,,,"Mitch Haniger",14274,571745
"Matt Olson","ATL",685,0.38853071,,0.08822531,0.02443163,0.00169664,0.12385477,0.1845945,0.07091958,0.021717,0.00067866,0.0916186,0.00033933,0.00339328,,"Matt Olson",14344,621566
"Joey Meneses","WSN",313,0.30297723,,0.07005254,0.02101576,,0.20402802,0.23029772,0.06654991,0.01138354,,0.08931699,,0.00437828,,"Joey Meneses",14366,608841
"Harold Ramírez","- - -",246,0.28246014,,0.06378132,0.03075171,,0.17312073,0.24145786,0.07517084,0.02733485,,0.10592255,,,,"Harold Ramirez",14387,623912
"Jake Cave","COL",346,0.30408922,,0.09814126,0.02825279,,0.10408922,0.2133829,0.09144981,0.03717472,,0.11747212,,0.00594796,,"Jake Cave",14477,595909
"Anthony Santander","BAL",665,0.38970051,,0.10591673,0.03323594,,0.10664719,0.14572681,0.07706355,0.02008766,,0.12162162,,,,"Anthony Santander",14551,623993
"Manuel Margot","MIN",343,0.35550459,,0.05733945,0.02217125,,0.13302752,0.23165138,0.08486239,0.01987768,0.00229358,0.09327217,,,,"Manuel Margot",14712,622534
"Kyle Farmer","MIN",242,0.37641723,,0.09297052,0.01360544,,0.11111111,0.21201814,0.08049887,0.01814059,,0.0952381,,,,"Kyle Farmer",14813,571657
"Mike Yastrzemski","SFG",474,0.39774475,,0.06868273,0.03690415,,0.13736545,0.17016914,0.06099436,0.02614044,0.00102512,0.09789851,0.00102512,0.00205023,,"Mike Yastrzemski",14854,573262
"Victor Caratini","HOU",274,0.32627526,,0.07699711,0.05389798,,0.10875842,0.15591915,0.10298364,0.02309913,0.00192493,0.15014437,,,,"Victor Caratini",14968,605170
"Ryan McMahon","COL",645,0.4092081,,0.09355433,0.02725599,,0.13112339,0.15985267,0.07440147,0.01252302,,0.08766114,0.00036832,0.00405157,,"Ryan McMahon",15112,641857
"Mitch Garver","SEA",430,0.25564738,,0.06501377,0.01046832,,0.15757576,0.30523416,0.08319559,0.01212121,0.00110193,0.10964187,,,,"Mitch Garver",15161,641598
"Tim Anderson","MIA",241,0.29206349,,0.08253968,0.02116402,,0.18730159,0.22645503,0.05185185,0.02010582,,0.11111111,,0.00740741,,"Tim Anderson",15172,641313
"Jake Bauers","MIL",346,0.35714286,,0.0760582,0.03703704,,0.11243386,0.17328042,0.0760582,0.0297619,0.00330688,0.13293651,0.00198413,,,"Jake Bauers",15194,641343
"Adam Frazier","KCR",294,0.33773741,,0.1073493,0.0388109,,0.12303881,0.18744839,0.07184145,0.00990917,,0.12386457,,,,"Adam Frazier",15223,624428
"Mike Tauchman","CHC",350,0.39622642,,0.09238777,0.02081978,,0.14248536,0.15354587,0.06441119,0.01171113,0.00325309,0.1151594,,,,"Mike Tauchman",15274,643565
"Garrett Cooper","- - -",116,0.30222222,,0.10222222,0.02222222,,0.16444444,0.29555556,0.03777778,0.00888889,,0.06666667,,,,"Garrett Cooper",15279,643265
"Jeff McNeil","NYM",472,0.34307423,,0.08591467,0.03565167,,0.16656926,0.20572764,0.06838106,0.01052016,,0.08240795,,0.00175336,,"Jeff McNeil",15362,643446
"Kris Bryant","COL",155,0.28618421,,0.07072368,0.02631579,,0.15789474,0.27796053,0.06414474,0.01973684,0.00493421,0.09210526,,,,"Kris Bryant",15429,592178
"Hunter Renfroe","KCR",424,0.26089588,,0.09200969,0.02179177,,0.16464891,0.27300242,0.07324455,0.02300242,,0.09079903,,0.00060533,,"Hunter Renfroe",15464,592669
"J.P. Crawford","SEA",451,0.35217164,,0.09837781,0.02511774,,0.16535845,0.21140764,0.04343276,0.01412873,0.00104657,0.08843537,0.00052329,,,"J.P. Crawford",15491,641487
"Amed Rosario","- - -",346,0.29397192,,0.08587944,0.02312139,,0.1758877,0.27580512,0.04872007,0.01403799,,0.08175062,,0.00082576,,"Amed Rosario",15518,642708
"Mike Ford","CIN",62,0.35371179,,0.06113537,0.00436681,,0.10917031,0.23144105,0.05240175,0.05676856,,0.11790393,,0.01310044,,"Mike Ford",15585,645801
"Aaron Judge","NYY",704,0.26752255,,0.08778626,0.03088133,,0.16932686,0.27515614,0.05586398,0.00832755,,0.10513532,,,,"Aaron Judge",15640,592450
"Dominic Smith","- - -",307,0.26837325,,0.10239472,0.05284889,,0.18249381,0.1940545,0.05532618,0.00825764,,0.13047069,0.00412882,0.00165153,,"Dominic Smith",15653,642086
"Reese McGuire","BOS",158,0.28571429,,0.08538588,0.05254516,,0.11165846,0.24958949,0.11165846,0.01970443,,0.07881773,,0.00492611,,"Reese McGuire",15674,624512
"José Abreu","HOU",120,0.35185185,,0.07407407,0.01646091,,0.19135802,0.2037037,0.06584362,0.01851852,,0.0781893,,,,"Jose Abreu",15676,547989
"Rowdy Tellez","PIT",421,0.33973589,,0.08943577,0.04621849,,0.13985594,0.14645858,0.07623049,0.02941176,,0.13265306,,,,"Rowdy Tellez",15679,642133
"Tyler O'Neill","BOS",473,0.29586694,,0.09929435,0.02167339,,0.14818548,0.24294355,0.07056452,0.01612903,0.00302419,0.10231855,,,,"Tyler O'Neill",15711,641933
"Tyler Wade","SDP",156,0.35093697,,0.07666099,0.02896082,,0.15843271,0.1669506,0.07325383,0.01022147,0.00511073,0.12606474,0.00340716,,,"Tyler Wade",15730,642180
"Miguel Andujar","OAK",319,0.2244898,,0.05952381,0.01615646,,0.20493197,0.29761905,0.07312925,0.01785714,,0.10629252,,,,"Miguel Andujar",15878,609280
"Luis Torrens","NYM",130,0.24705882,,0.06078431,0.02352941,,0.17843137,0.31960784,0.0627451,0.00784314,0.01372549,0.08627451,,,,"Luis Torrens",15905,620443
"Willy Adames","MIL",688,0.31796561,,0.09147457,0.03073546,,0.19685327,0.22466154,0.05561654,0.01646542,,0.06622759,,,,"Willy Adames",15986,642715
"Cody Bellinger","CHC",569,0.31925108,,0.09121459,0.04176668,,0.15506481,0.18771003,0.08209313,0.01920307,,0.10369659,,,,"Cody Bellinger",15998,641355
"Austin Slater","- - -",212,0.3537415,,0.08730159,0.01473923,,0.20068027,0.16213152,0.03741497,0.01473923,0.00566893,0.12358277,,,,"Austin Slater",16153,596103
"J.D. Davis","- - -",157,0.43611584,,0.02555366,0.02555366,,0.12606474,0.21635434,0.06303237,0.01192504,,0.09540034,,,,"J.D. Davis",16219,605204
"Trea Turner","PHI",539,0.27281697,,0.08041441,0.024667,0.00148002,0.15145535,0.28317711,0.07548101,0.00789344,,0.1026147,,,,"Trea Turner",16252,607208
"Nick Gordon","MIA",275,0.34920635,,0.08829365,0.04960317,,0.12301587,0.1875,0.07539683,0.0218254,,0.0922619,,0.01289683,,"Nick Gordon",16337,624503
"Pablo Reyes","- - -",64,0.25793651,,0.06349206,0.01984127,,0.22222222,0.24603175,0.04761905,,0.02777778,0.11507937,,,,"Pablo Reyes",16357,622569
"Michael Conforto","SFG",488,0.36423841,,0.07488538,0.03922567,,0.11003566,0.16556291,0.08813041,0.01579215,,0.13856342,0.00152827,0.0020377,,"Michael Conforto",16376,624424
"Thairo Estrada","SFG",381,0.26508785,,0.0618793,0.03514133,,0.19404125,0.26890756,0.09090909,0.01527884,0.00076394,0.06722689,,0.00076394,,"Thairo Estrada",16426,642731
"Ryan O'Hearn","BAL",494,0.30989583,,0.09739583,0.04375,,0.1265625,0.15364583,0.1140625,0.01770833,,0.13541667,,0.0015625,,"Ryan O'Hearn",16442,656811
"Luis Guillorme","- - -",187,0.39503106,,0.09068323,0.03726708,,0.15900621,0.15776398,0.05714286,0.00993789,0.00124224,0.09068323,0.00124224,,,"Luis Guillorme",16451,641645
"Rhys Hoskins","MIL",517,0.28456735,,0.08251561,0.01739518,,0.20428189,0.26895629,0.06868867,0.01828724,0.00089206,0.0544157,,,,"Rhys Hoskins",16472,656555
"Kyle Schwarber","PHI",692,0.31091549,,0.07640845,0.03309859,0.00105634,0.14471831,0.22992958,0.0834507,0.01021127,0.00070423,0.10528169,0.00105634,0.00316901,,"Kyle Schwarber",16478,656941
"Matt Chapman","SFG",647,0.33604436,,0.07171904,0.01441774,,0.17634011,0.26173752,0.05286506,0.01404806,0.00036969,0.07208872,,0.00036969,,"Matt Chapman",16505,656305
"Isiah Kiner-Falefa","- - -",496,0.2962963,,0.08465608,0.02586714,,0.22457378,0.22633745,0.05937684,0.01469724,,0.0670194,,0.00117578,,"Isiah Kiner-Falefa",16512,643396
"Mauricio Dubón","HOU",428,0.33448039,,0.07226428,0.01927047,,0.20233999,0.22573985,0.05368204,0.01582932,0.00275292,0.07364074,,,,"Mauricio Dubon",16530,643289
"Danny Jansen","- - -",324,0.31625183,,0.07393851,0.01830161,,0.18374817,0.23938507,0.07247438,0.01537335,,0.07833089,,0.00219619,,"Danny Jansen",16535,643376
"Ozzie Albies","ATL",435,0.33171619,,0.10369921,0.03941783,,0.12553062,0.17222559,0.0818678,0.02001213,,0.12128563,,0.004245,,"Ozzie Albies",16556,645277
"Connor Joe","PIT",416,0.270745,,0.075106,0.01998789,,0.17565112,0.26347668,0.0654149,0.01998789,,0.10963053,,,,"Connor Joe",16572,656582
"Yandy Díaz","TBR",621,0.32520325,,0.07439024,0.0296748,,0.22886179,0.21544715,0.04918699,0.00569106,,0.07154472,,,,"Yandy Diaz",16578,650490
"Luis Urías","SEA",109,0.3340708,,0.0619469,0.00884956,,0.17699115,0.25221239,0.05088496,0.01769912,,0.09734513,,,,"Luis Urias",16622,649966
"Jose Trevino","NYY",234,0.35168539,,0.07303371,0.00786517,,0.16292135,0.2247191,0.06179775,0.01235955,,0.10561798,,,,"Jose Trevino",16725,624431
"Jonah Heim","TEX",491,0.38573835,,0.08366086,0.03368894,,0.12408759,0.14373947,0.07860752,0.02133633,,0.12914093,,,,"Jonah Heim",16930,641680
"Lane Thomas","- - -",528,0.27644231,,0.08701923,0.02548077,,0.19182692,0.26923077,0.05769231,0.01201923,,0.07788462,,0.00240385,,"Lane Thomas",16939,657041
"Derek Hill","- - -",172,0.23973727,,0.08045977,0.03119869,,0.18062397,0.28407225,0.06239737,0.00656814,,0.11165846,,0.00328407,,"Derek Hill",16947,656537
"Chadwick Tromp","ATL",54,0.27472527,,0.06593407,,,0.17582418,0.36813187,0.03846154,0.01648352,,0.04945055,,0.01098901,,"Chadwick Tromp",16953,644433
"Gleyber Torres","NYY",665,0.3067899,,0.08247423,0.02666193,,0.15215073,0.26306434,0.06185567,0.01173125,0.00213295,0.093139,,,,"Gleyber Torres",16997,650402
"Edmundo Sosa","PHI",274,0.28061716,,0.06460945,0.02025072,0.0048216,0.19093539,0.24590164,0.07135969,0.00675024,0.00096432,0.11089682,0.00096432,0.00192864,,"Edmundo Sosa",17022,624641
"Alex Verdugo","NYY",621,0.33048676,,0.09222886,0.05166524,,0.17164816,0.18445773,0.06191289,0.0089667,0.00085397,0.09777968,,,,"Alex Verdugo",17027,657077
"Jose Herrera","ARI",114,0.42168675,,0.06425703,0.01405622,,0.11445783,0.13654618,0.1064257,0.02208835,,0.11646586,,0.00401606,,"Jose Herrera",17040,645444
"Ramón Laureano","- - -",309,0.28135593,,0.06864407,0.00677966,,0.19661017,0.26101695,0.06186441,0.01864407,0.00423729,0.10084746,,,,"Ramon Laureano",17128,657656
"Jorge Mateo","BAL",208,0.3195122,,0.09146341,0.0097561,,0.14268293,0.25365854,0.07317073,0.00731707,,0.10121951,,0.00121951,,"Jorge Mateo",17273,622761
"Alex Jackson","TBR",155,0.36102236,,0.06389776,0.00638978,,0.14696486,0.2571885,0.05910543,0.00638978,,0.09904153,,,,"Alex Jackson",17276,656577
"Cole Tucker","LAA",57,0.34599156,,0.10970464,0.00843882,,0.16877637,0.09704641,0.08860759,0.01687764,,0.16455696,,,,"Cole Tucker",17326,657061
"Willi Castro","MIN",635,0.35711439,,0.08728577,0.04583499,,0.10402551,0.1681945,0.07413312,0.02431248,,0.13830211,,0.00079713,,"Willi Castro",17338,650489
"Rafael Devers","BOS",601,0.37936842,,0.09263158,0.03410526,,0.152,0.176,0.07368421,0.01263158,,0.07831579,,0.00126316,,"Rafael Devers",17350,646240
"Jose Siri","TBR",448,0.30872483,,0.06319911,0.01845638,,0.14876957,0.30257271,0.06040268,0.02740492,,0.0704698,,,,"Jose Siri",17452,642350
"Eloy Jiménez","- - -",349,0.22398002,,0.05828476,0.04412989,,0.17818485,0.29975021,0.06078268,0.01248959,,0.122398,,,,"Eloy Jimenez",17484,650391
"Taylor Ward","LAA",663,0.31139338,,0.0839107,0.02232487,,0.16859122,0.28329484,0.06543495,0.01039261,,0.05311778,,0.00153965,,"Taylor Ward",17548,621493
"Alex Bregman","HOU",634,0.3298495,,0.06730769,0.02173913,,0.20150502,0.22198997,0.06187291,0.01337793,,0.08235786,,,,"Alex Bregman",17678,608324
"Kevin Newman","ARI",311,0.3027179,,0.06466729,0.0131209,0.00093721,0.1836926,0.24929709,0.06466729,0.02999063,,0.08528585,,0.00562324,,"Kevin Newman",17696,621028
"DJ Stewart","NYM",194,0.4248366,,0.09411765,0.05359477,,0.11764706,0.14248366,0.07973856,0.01176471,0.00261438,0.07320261,,,,"DJ Stewart",17766,621466
"Willie Calhoun","LAA",254,0.33402923,,0.09916493,0.02922756,,0.13987474,0.20041754,0.05949896,0.01670146,,0.11795407,,0.00313152,,"Willie Calhoun",17838,641432
"Tyler Nevin","OAK",278,0.32385321,,0.08990826,0.01559633,,0.16513761,0.20550459,0.06238532,0.01743119,,0.12018349,,,,"Tyler Nevin",17893,663527
"Andrew Benintendi","CHW",522,0.34085213,,0.09724311,0.04511278,,0.14887218,0.17593985,0.06616541,0.00601504,,0.1197995,,,,"Andrew Benintendi",17901,643217
"Brendan Rodgers","COL",539,0.25482625,,0.09266409,0.02171815,,0.18532819,0.27413127,0.07335907,0.01689189,,0.07625483,0.00048263,0.00434363,,"Brendan Rodgers",17907,663898
"Ian Happ","CHC",657,0.35722161,,0.07129732,0.04704153,,0.12679162,0.15582506,0.06210952,0.01396545,,0.16574789,,,,"Ian Happ",17919,664023
"Cedric Mullins","BAL",499,0.37358101,,0.09803922,0.02992776,,0.11816305,0.18369453,0.07327141,0.02218782,,0.1001032,,0.00103199,,"Cedric Mullins",17929,656775
"Sam Hilliard","COL",158,0.31711146,,0.08791209,0.02511774,,0.13657771,0.2166405,0.08634223,0.00627943,,0.11459969,,0.00941915,,"Sam Hilliard",17954,656541
"Ty France","- - -",535,0.35601578,,0.06755424,0.01134122,,0.1770217,0.24013807,0.05719921,0.00690335,,0.08382643,,,,"Ty France",17982,664034
"Tyler Stephenson","CIN",515,0.26553672,,0.07036466,0.02003082,,0.25166923,0.23728814,0.04725218,0.02568053,,0.08217771,,,,"Tyler Stephenson",17988,663886
"Paul DeJong","- - -",482,0.3284711,,0.07617504,0.01404646,,0.17017828,0.23446786,0.06104808,0.01296596,,0.10264722,,,,"Paul DeJong",18015,657557
"Harrison Bader","NYM",437,0.26593807,,0.06982392,0.01821494,,0.20157863,0.27504554,0.06800243,0.0103218,0.00546448,0.0856102,,,,"Harrison Bader",18030,664056
"Jake Cronenworth","SDP",656,0.40152616,,0.08103198,0.02906977,,0.16860465,0.15334302,0.07485465,0.01889535,0.00036337,0.07122093,0.00109012,,,"Jake Cronenworth",18036,630105
"Dylan Moore","SEA",441,0.31263858,,0.06707317,0.01718404,,0.16962306,0.26274945,0.05266075,0.01662971,0.00055432,0.10088692,,,,"Dylan Moore",18042,664238
"Garrett Stubbs","PHI",187,0.3310992,,0.0844504,0.02412869,,0.1541555,0.24396783,0.07104558,0.01072386,,0.08042895,,,,"Garrett Stubbs",18067,596117
"Nathan Lukes","TOR",91,0.41011236,,0.0758427,0.03932584,,0.1488764,0.12921348,0.07865169,,0.01123596,0.10674157,,,,"Nathan Lukes",18123,664770
"LaMonte Wade Jr.","SFG",401,0.3862111,,0.08663819,0.04453935,,0.09517999,0.14521049,0.06223307,0.01647346,0.00061013,0.15985357,,0.00305064,,"LaMonte Wade Jr.",18126,664774
"Seth Brown","OAK",400,0.30670103,,0.09020619,0.06314433,,0.09085052,0.21069588,0.07731959,0.02448454,0.00128866,0.13530928,,,,"Seth Brown",18171,664913
"Dansby Swanson","CHC",593,0.27261146,,0.07898089,0.03057325,,0.17070064,0.29044586,0.06072187,0.01019108,0.00127389,0.08450106,,,,"Dansby Swanson",18314,621020
"Kyle Tucker","HOU",339,0.37741456,,0.08023774,0.04680535,,0.12407132,0.20728083,0.06463596,0.01263001,,0.08692422,,,,"Kyle Tucker",18345,663656
"Daz Cameron","OAK",186,0.35804196,,0.06293706,0.02937063,,0.17202797,0.19160839,0.03636364,0.01258741,0.0013986,0.13566434,,,,"Daz Cameron",18353,663662
"Austin Riley","ATL",469,0.34961581,,0.09110867,0.01920966,0.00109769,0.1712404,0.23655324,0.0532382,0.01427003,,0.06201976,,0.00164654,,"Austin Riley",18360,663586
"Victor Robles","- - -",295,0.27897839,,0.08939096,0.01571709,,0.1611002,0.31630648,0.03732809,0.00982318,,0.0913556,,,,"Victor Robles",18363,645302
"Ryan Mountcastle","BAL",507,0.31457128,,0.07574961,0.0215676,,0.17306681,0.26512362,0.0568122,0.00736454,,0.08521831,,0.00052604,,"Ryan Mountcastle",18373,663624
"Juan Yepez","WSN",249,0.26915114,,0.05486542,0.02070393,,0.21532091,0.24120083,0.0610766,0.01966874,,0.11490683,,0.00310559,,"Juan Yepez",18400,660766
"Ronald Acuña Jr.","ATL",222,0.38895028,,0.07071823,0.02651934,,0.18895028,0.19337017,0.03535912,0.01104972,,0.08066298,,0.00441989,,"Ronald Acuna Jr.",18401,660670
"Ali Sánchez","MIA",96,0.27810651,,0.06508876,0.03550296,,0.24260355,0.22781065,0.09171598,,,0.0591716,,,,"Ali Sanchez",18551,645305
"Trent Grisham","NYY",209,0.36299766,,0.1498829,0.03629977,,0.12529274,0.16276347,0.06557377,0.00819672,,0.08899297,,,,"Trent Grisham",18564,663757
"Luis Arraez","- - -",672,0.37293046,,0.07740066,0.02980132,,0.19412252,0.16100993,0.0682947,0.01365894,0.00165563,0.08071192,0.00041391,,,"Luis Arraez",18568,650333
"Ke'Bryan Hayes","PIT",396,0.26734694,,0.06734694,0.01904762,,0.24285714,0.26054422,0.03877551,0.01292517,,0.09115646,,,,"Ke'Bryan Hayes",18577,663647
"Jared Walsh","TEX",60,0.41984733,,0.07251908,0.01908397,,0.10687023,0.1221374,0.06870229,0.02671756,,0.16412214,,,,"Jared Walsh",18607,665120
"Ramón Urías","BAL",301,0.30956522,,0.06782609,0.01478261,,0.20086957,0.28,0.05130435,0.01304348,0.00086957,0.06173913,,,,"Ramon Urias",18795,602104
"Andy Ibáñez","DET",244,0.34451902,,0.07606264,0.01006711,,0.14876957,0.19910515,0.08165548,0.01118568,0.0033557,0.12416107,0.00111857,,,"Andy Ibanez",18819,628451
"José Azocar","SDP",79,0.40206186,,0.05498282,0.02749141,0.00687285,0.10309278,0.22680412,0.04467354,0.01718213,,0.11683849,,,,"Jose Azocar",18821,640492
"Josh Naylor","CLE",633,0.27189142,,0.08581436,0.04553415,,0.12171629,0.191331,0.08056042,0.02977233,0.00262697,0.16725044,,0.00350263,,"Josh Naylor",18839,647304
"Brandon Lowe","TBR",425,0.3091133,,0.06834975,0.05541872,,0.09975369,0.19642857,0.08128079,0.0135468,,0.17549261,,0.00061576,,"Brandon Lowe",18882,664040
"Danny Mendick","CHW",141,0.31666667,,0.08703704,0.02222222,,0.1537037,0.21851852,0.07407407,0.00555556,,0.12222222,,,,"Danny Mendick",18889,664901
"Leody Taveras","TEX",529,0.34312749,,0.06324701,0.04531873,,0.12051793,0.15936255,0.08665339,0.01992032,,0.16185259,,,,"Leody Taveras",18900,665750
"Estevan Florial","CLE",111,0.32222222,,0.10444444,0.04,,0.06444444,0.21111111,0.06222222,0.03777778,,0.15777778,,,,"Estevan Florial",19151,664314
"Will Smith","LAD",544,0.34214003,,0.0761779,0.02069573,0.00176134,0.19066491,0.22413034,0.05372083,0.01453104,,0.07045354,,0.00572435,,"Will Smith",19197,669257
"Yuli Gurriel","KCR",65,0.36298932,,0.0569395,0.04626335,,0.16725979,0.17081851,0.113879,0.01067616,,0.07117438,,,,"Yuli Gurriel",19198,493329
"Lourdes Gurriel Jr.","ARI",553,0.33701392,,0.05712914,0.02352376,0.00096015,0.15794527,0.24243879,0.05616899,0.01968315,,0.09889582,,0.006241,,"Lourdes Gurriel Jr.",19238,666971
"Pete Alonso","NYM",695,0.29388489,,0.06834532,0.02589928,,0.2205036,0.25107914,0.05539568,0.01366906,0.00359712,0.06654676,,0.00107914,,"Pete Alonso",19251,624413
"Cavan Biggio","- - -",224,0.33612565,,0.1026178,0.02722513,,0.12984293,0.19581152,0.07434555,0.01884817,,0.10366492,,0.01151832,,"Cavan Biggio",19252,624415
"Jake Fraley","CIN",382,0.29075883,,0.09015778,0.05634861,,0.1322314,0.17129977,0.11495116,0.0202855,,0.11870774,,0.0052592,,"Jake Fraley",19260,641584
"Garrett Hampson","KCR",231,0.32842582,,0.08380521,0.02151755,,0.1200453,0.25028313,0.07587769,0.01698754,,0.10305776,,,,"Garrett Hampson",19262,641658
"Adolis García","TEX",637,0.35175681,,0.07303593,0.0244769,,0.17804974,0.22266088,0.0422424,0.00829056,,0.09948677,,,,"Adolis Garcia",19287,666969
"Randy Arozarena","- - -",648,0.28586878,,0.07570296,0.02090844,,0.19466474,0.2444124,0.06200433,0.01910598,0.00036049,0.09697188,,,,"Randy Arozarena",19290,668227
"Nick Senzel","- - -",267,0.30248756,,0.06965174,0.0238806,,0.19701493,0.24477612,0.07064677,0.0119403,,0.07562189,,0.0039801,,"Nick Senzel",19293,669222
"Alex Call","WSN",113,0.32657201,,0.05476673,0.03042596,,0.22515213,0.17647059,0.06693712,0.04868154,,0.07099391,,,,"Alex Call",19296,669743
"Matt Thaiss","LAA",186,0.44297082,,0.08222812,0.04111406,,0.10079576,0.15384615,0.0596817,0.01458886,,0.10477454,,,,"Matt Thaiss",19318,642136
"Bryan Reynolds","PIT",692,0.27534562,,0.08179724,0.05069124,,0.15360983,0.17473118,0.08141321,0.02112135,,0.16129032,,,,"Bryan Reynolds",19326,668804
"Nicky Lopez","CHW",445,0.32493857,,0.11240786,0.03501229,,0.14619165,0.19348894,0.08722359,0.00921376,,0.09152334,,,,"Nicky Lopez",19339,670032
"Sean Murphy","ATL",264,0.27898209,,0.06597549,0.01036758,,0.21017908,0.29029218,0.04618285,0.01979265,0.00282752,0.07445806,0.00094251,,,"Sean Murphy",19352,669221
"Luke Raley","SEA",455,0.26530612,,0.09620991,0.04489796,,0.12478134,0.23498542,0.06938776,0.02332362,0.00291545,0.13819242,,,,"Luke Raley",19354,670042
"Weston Wilson","PHI",98,0.26385224,,0.07387863,0.02638522,,0.1530343,0.22955145,0.11873351,0.00263852,,0.13192612,,,,"Weston Wilson",19358,642215
"Austin Hays","- - -",255,0.28994083,,0.06627219,0.01775148,,0.16804734,0.27100592,0.07692308,0.00591716,,0.09940828,0.00473373,,,"Austin Hays",19363,669720
"Zach McKinstry","DET",325,0.36647955,,0.08580593,0.03047314,,0.11307137,0.20288693,0.07457899,0.02245389,0.00240577,0.1010425,0.00080192,,,"Zach McKinstry",19392,656716
"Brian Serven","TOR",71,0.37596899,,0.06976744,,,0.18604651,0.24418605,0.04263566,0.00387597,,0.07751938,,,,"Brian Serven",19422,661531
"Jake Rogers","DET",337,0.28835341,,0.08273092,0.01204819,,0.1935743,0.27710843,0.05542169,0.00562249,0.00080321,0.08433735,,,,"Jake Rogers",19452,668670
"Andruw Monasterio","MIL",142,0.36476043,,0.07418856,0.00927357,,0.17310665,0.19938176,0.0633694,0.01391036,0.00618238,0.0942813,0.0015456,,,"Andruw Monasterio",19455,655316
"Tommy Edman","LAD",153,0.30864198,,0.08641975,0.04761905,,0.11640212,0.1622575,0.08994709,0.00881834,,0.17989418,,,,"Tommy Edman",19470,669242
"Andrew Knizner","TEX",93,0.32777778,,0.04166667,0.01111111,,0.15833333,0.26111111,0.05,0.01666667,,0.13333333,,,,"Andrew Knizner",19514,668800
"TJ Friedl","CIN",341,0.344479,,0.1096423,0.03732504,,0.1562986,0.14230171,0.08786936,0.01710731,0.00155521,0.10342146,,,,"TJ Friedl",19522,670770
"Yordan Alvarez","HOU",635,0.3520318,,0.09717314,0.04328622,,0.12941696,0.19655477,0.0790636,0.02473498,,0.07773852,,,,"Yordan Alvarez",19556,670541
"Zack Short","- - -",88,0.4398977,,0.06393862,0.01023018,,0.20204604,0.18670077,0.03836317,0.01023018,,0.03580563,,0.01278772,,"Zack Short",19562,670097
"Nathaniel Lowe","TEX",565,0.39388795,,0.09337861,0.03310696,,0.15916808,0.15789474,0.06366723,0.01188455,,0.08701188,,,,"Nathaniel Lowe",19566,663993
"Chas McCormick","HOU",267,0.34356436,,0.07029703,0.02376238,,0.15445545,0.21683168,0.07425743,0.01881188,0.0009901,0.0950495,0.0019802,,,"Chas McCormick",19599,676801
"Bryan De La Cruz","- - -",622,0.28654971,,0.08604845,0.02965748,,0.15538847,0.29532164,0.05430242,0.01044277,,0.08061821,,0.00167084,,"Bryan De La Cruz",19600,650559
"Otto Lopez","MIA",434,0.27313916,,0.06731392,0.02718447,,0.20064725,0.26278317,0.06019417,0.01294498,,0.08932039,0.00064725,0.00582524,,"Otto Lopez",19608,672640
"Keibert Ruiz","WSN",485,0.25814234,,0.08624849,0.06212304,,0.1562123,0.18395657,0.10494572,0.01266586,,0.13208685,,0.00361882,,"Keibert Ruiz",19610,660688
"Vladimir Guerrero Jr.","TOR",697,0.3044316,,0.07591522,0.02312139,,0.2265896,0.22581888,0.03236994,0.00963391,,0.09980732,,0.00231214,,"Vladimir Guerrero Jr.",19611,665489
"Bo Bichette","TOR",336,0.29386712,,0.07666099,0.01788756,,0.21379898,0.28364566,0.0451448,0.01703578,,0.04855196,,0.00340716,,"Bo Bichette",19612,666182
"Brent Rooker","OAK",614,0.31539108,,0.06560135,0.03742641,,0.14213625,0.25063078,0.06602187,0.01219512,,0.11059714,,,,"Brent Rooker",19627,667670
"Edward Olivares","PIT",196,0.35026042,,0.08203125,0.03255208,,0.15885417,0.19010417,0.06901042,0.01822917,,0.09895833,,,,"Edward Olivares",19698,658668
"Fernando Tatis Jr.","SDP",438,0.29078014,,0.07285622,0.02063185,0.00322373,0.22566086,0.23146357,0.04771115,0.01805287,,0.0896196,,,,"Fernando Tatis Jr.",19709,665487
"Josh Rojas","SEA",476,0.32772225,,0.0999474,0.0284061,,0.13466597,0.18043135,0.07890584,0.0189374,,0.12993161,0.00105208,,,"Josh Rojas",19734,668942
"Shohei Ohtani","LAD",731,0.28964059,,0.09408034,0.04510218,,0.15257223,0.22022551,0.06272023,0.01973221,,0.11099366,,0.00493305,,"Shohei Ohtani",19755,660271
"Dairon Blanco","KCR",132,0.37391304,,0.05434783,0.04565217,,0.16086957,0.18695652,0.03913043,0.00434783,,0.13478261,,,,"Dairon Blanco",19779,680118
"Joshua Palacios","PIT",78,0.28338762,,0.13029316,0.01954397,,0.19869707,0.18892508,0.04560261,0.03583062,,0.09771987,,,,"Joshua Palacios",19818,641943
"Chuckie Robinson","CHW",76,0.29865772,,0.04362416,0.01677852,,0.25167785,0.27852349,0.03020134,0.0033557,,0.07718121,,,,"Chuckie Robinson",19824,642020
"Abraham Toro","OAK",364,0.36083214,,0.06814921,0.05093257,,0.11047346,0.14490674,0.08321377,0.0251076,0.00215208,0.15423242,,,,"Abraham Toro",19844,647351
"Luis Rengifo","LAA",304,0.29166667,,0.10925926,0.04166667,,0.10740741,0.21296296,0.06759259,0.01388889,,0.15185185,,0.0037037,,"Luis Rengifo",19858,650859
"Riley Adams","WSN",130,0.27495292,,0.0433145,0.00564972,,0.20338983,0.25988701,0.07156309,0.01129944,,0.12429379,,0.00564972,,"Riley Adams",19864,656180
"Emmanuel Rivera","- - -",302,0.28496959,,0.0807993,0.01998262,,0.20330148,0.24326672,0.07384883,0.00521286,0.00086881,0.08774978,,,,"Emmanuel Rivera",19890,656896
"Pavin Smith","ARI",158,0.27733756,,0.08399366,0.06339144,,0.12044374,0.24247227,0.07765452,0.01901743,0.00316957,0.09984152,0.00792393,0.00475436,,"Pavin Smith",19892,656976
"Connor Wong","BOS",487,0.32171582,,0.07828418,0.02252011,,0.16675603,0.230563,0.05630027,0.01608579,0.00428954,0.10348525,,,,"Connor Wong",19896,657136
"Gavin Sheets","CHW",501,0.29659799,,0.0896023,0.04408241,,0.12122664,0.20172496,0.10349784,0.0143747,,0.12889315,,,,"Gavin Sheets",19901,657757
"Jesús Sánchez","MIA",537,0.3606228,,0.06328478,0.04721246,,0.1185334,0.18483174,0.08789553,0.01858363,,0.11401306,,0.0050226,,"Jesus Sanchez",19913,660821
"Daulton Varsho","TOR",513,0.34656863,,0.12156863,0.03235294,,0.12303922,0.18480392,0.05294118,0.01372549,,0.12254902,,0.00245098,,"Daulton Varsho",19918,662139
"Blake Perkins","MIL",434,0.37600923,,0.08823529,0.02249135,0.0005767,0.15224913,0.14590542,0.0899654,0.02076125,,0.10380623,,,,"Blake Perkins",19921,663368
"Luke Williams","ATL",52,0.33139535,,0.04069767,,,0.23255814,0.23255814,0.0755814,0.01744186,,0.06976744,,,,"Luke Williams",19931,663897
"Cristian Pache","- - -",183,0.33967391,,0.05163043,0.01630435,0.00271739,0.18478261,0.18478261,0.08016304,0.0013587,,0.13722826,,0.0013587,,"Cristian Pache",19948,665506
"Andrés Giménez","CLE",633,0.31208333,,0.09791667,0.03166667,0.00041667,0.14708333,0.22833333,0.05708333,0.01666667,,0.1075,,0.00125,,"Andres Gimenez",19950,665926
"Josh Lowe","TBR",387,0.35227273,,0.08313397,0.04126794,,0.10645933,0.17464115,0.09509569,0.01674641,,0.12978469,,0.00059809,,"Josh Lowe",19953,666139
"Gavin Lux","LAD",487,0.31923672,,0.09747292,0.04589995,,0.14285714,0.16400206,0.07684373,0.01805054,0.00154719,0.12841671,,0.00567303,,"Gavin Lux",19955,666158
"Mickey Moniak","LAA",418,0.33159609,,0.08925081,0.05928339,,0.06384365,0.20325733,0.09576547,0.02019544,,0.13485342,,0.0019544,,"Mickey Moniak",19956,666160
"Eguy Rosario","SDP",57,0.27876106,,0.0619469,,0.02212389,0.18141593,0.23893805,0.0840708,0.01769912,,0.11504425,,,,"Eguy Rosario",19964,666703
"Bobby Dalbec","BOS",93,0.3535109,,0.02905569,0.01937046,,0.11138015,0.23970944,0.08232446,0.00484262,0.01452785,0.14527845,,,,"Bobby Dalbec",19966,666915
"Santiago Espinal","CIN",391,0.3231383,,0.07446809,0.01662234,,0.17154255,0.24069149,0.07513298,0.02260638,0.00199468,0.0724734,,0.00132979,,"Santiago Espinal",19997,669289
"Bryce Johnson","SDP",73,0.40304183,,0.06463878,0.03802281,,0.09125475,0.16730038,0.07224335,0.02281369,0.00380228,0.13307985,0.00380228,,,"Bryce Johnson",20002,669369
"Miles Mastrobuoni","CHC",106,0.42519685,,0.09448819,0.01049869,,0.1496063,0.167979,0.07086614,0.02362205,0.00524934,0.05249344,,,,"Miles Mastrobuoni",20017,670156
"Isaac Paredes","- - -",641,0.28040659,,0.07886435,0.02663863,,0.17735717,0.2681388,0.07500876,0.01752541,0.00035051,0.07570978,,,,"Isaac Paredes",20036,670623
"Luis Robert Jr.","CHW",425,0.28962088,,0.06525792,0.04723431,,0.16718459,0.26351771,0.04909882,0.01802362,,0.10006215,,,,"Luis Robert Jr.",20043,673357
"Bligh Madris","DET",75,0.31272727,,0.03636364,0.08363636,,0.11272727,0.19636364,0.06181818,0.01818182,,0.17818182,,,,"Bligh Madris",20054,676632
"Alan Trejo","COL",67,0.30316742,,0.02714932,,,0.20361991,0.25339367,0.08597285,0.02714932,,0.09954751,,,,"Alan Trejo",20056,676701
"Juan Soto","NYY",713,0.23807913,,0.1061887,0.04666892,,0.16334122,0.21406831,0.07507609,0.01623267,,0.14034494,,,,"Juan Soto",20123,665742
"Dylan Carlson","- - -",265,0.35945946,,0.0963964,0.02522523,0.0036036,0.12252252,0.16036036,0.07117117,0.01171171,,0.14954955,,,,"Dylan Carlson",20126,666185
"Miguel Vargas","- - -",237,0.35877106,,0.08721506,0.01090188,,0.18235877,0.22695738,0.04658077,0.01783944,0.00198216,0.06739346,,,,"Miguel Vargas",20178,678246
"Brandon Marsh","PHI",476,0.35226707,,0.0737419,0.03886398,0.00199302,0.13403089,0.1963129,0.11210762,0.01096163,,0.07324365,0.00249128,0.00398605,,"Brandon Marsh",20202,669016
"Jo Adell","LAA",451,0.34184783,,0.05597826,0.0298913,,0.175,0.26793478,0.04728261,0.01195652,,0.06793478,,0.00217391,,"Jo Adell",20220,666176
"Ben Rortvedt","TBR",328,0.36477524,,0.08327192,0.0523213,,0.11643331,0.14664702,0.09285188,0.01915991,,0.12453943,,,,"Ben Rortvedt",20287,666163
"Jake Meyers","HOU",513,0.28453495,,0.07374794,0.02311502,,0.1640066,0.28288387,0.05668685,0.00825537,0.0038525,0.1029169,,,,"Jake Meyers",20308,676694
"Corey Julks","CHW",189,0.30378096,,0.06127771,0.01694915,,0.16818774,0.24511082,0.05736636,0.01434159,,0.13298566,,,,"Corey Julks",20311,667452
"Stuart Fairchild","CIN",233,0.2919109,,0.07971864,0.02461899,,0.15592028,0.23681125,0.06565064,0.01992966,,0.12543962,,,,"Stuart Fairchild",20321,656413
"Alex Kirilloff","MIN",178,0.30132939,,0.10044313,0.03988183,,0.09896603,0.22156573,0.08124077,0.0310192,,0.12555391,,,,"Alex Kirilloff",20325,666135
"Ernie Clement","TOR",452,0.27467219,,0.08695652,0.01173223,,0.19116632,0.25810904,0.05866115,0.0110421,0.00069013,0.10697032,,,,"Ernie Clement",20352,676391
"Luis García Jr.","WSN",528,0.2708444,,0.07647371,0.047265,,0.15932023,0.17896973,0.11471057,0.02230483,,0.12267658,,0.00743494,,"Luis Garcia Jr.",20391,671277
"Royce Lewis","MIN",325,0.28304947,,0.08596918,0.03406326,,0.15571776,0.25304136,0.06326034,0.00973236,,0.11273317,,0.00243309,,"Royce Lewis",20437,668904
"Jazz Chisholm Jr.","- - -",621,0.29951885,,0.08821171,0.05012029,,0.14795509,0.21090617,0.0701684,0.01603849,0.0032077,0.11186848,,0.00200481,,"Jazz Chisholm Jr.",20454,665862
"William Contreras","MIL",679,0.2924916,,0.07358984,0.02913709,0.0007471,0.19462084,0.23010833,0.05939484,0.01979828,0.00112066,0.09712365,0.00112066,0.0007471,,"William Contreras",20503,661388
"Nick Madrigal","CHC",94,0.2877095,,0.08100559,0.01396648,,0.22625698,0.27094972,0.06145251,0.01117318,,0.04748603,,,,"Nick Madrigal",20521,663611
"Nolan Jones","COL",297,0.42428901,,0.10069178,0.02229055,,0.1206764,0.17524981,0.06072252,0.01921599,,0.07686395,,,,"Nolan Jones",20529,666134
"Vidal Bruján","MIA",278,0.37061611,,0.10521327,0.0464455,,0.10900474,0.18104265,0.06919431,0.00853081,,0.107109,,0.0028436,,"Vidal Brujan",20536,660644
"Jose Miranda","MIN",429,0.29025974,,0.08311688,0.02727273,,0.14675325,0.28311688,0.05974026,0.02337662,,0.08441558,,0.00194805,,"Jose Miranda",20538,669304
"Elehuris Montero","COL",247,0.22968581,,0.06392199,0.03900325,,0.17334778,0.28710726,0.0780065,0.02166847,,0.10400867,,0.00325027,,"Elehuris Montero",20543,660707
"Kody Clemens","PHI",120,0.38675214,,0.04700855,0.03846154,,0.12606838,0.26495726,0.07905983,0.00641026,,0.05128205,,,,"Kody Clemens",20572,665019
"Iván Herrera","STL",259,0.30954677,,0.07232401,0.02700096,0.00192864,0.21504339,0.21890068,0.05207329,0.02507232,,0.07810993,,,,"Ivan Herrera",20599,671056
"Leo Rivas","SEA",86,0.35309973,,0.07816712,0.01347709,,0.17789757,0.18598383,0.05660377,0.01886792,0.00808625,0.10781671,,,,"Leo Rivas",21009,660844
"Trey Cabbage","HOU",91,0.24404762,,0.08928571,0.09821429,,0.13392857,0.21428571,0.04761905,0.01190476,0.00297619,0.1577381,,,,"Trey Cabbage",21078,663550
"Sean Bouchard","COL",108,0.35730858,,0.06032483,0.03712297,,0.14617169,0.22041763,0.09976798,0.00464037,,0.06728538,,0.00696056,,"Sean Bouchard",21270,656248
"Lars Nootbaar","STL",405,0.33031947,,0.06570223,0.03797468,,0.16877637,0.18324292,0.07715491,0.01868596,,0.11754069,0.00060277,,,"Lars Nootbaar",21454,663457
"Nico Hoerner","CHC",641,0.3059637,,0.07087295,0.02506482,,0.21607606,0.24589455,0.06179775,0.0099395,,0.06439067,,,,"Nico Hoerner",21479,663538
"Trevor Larnach","MIN",400,0.27601523,,0.10279188,0.0786802,,0.09327411,0.20431472,0.06979695,0.02284264,,0.15164975,,0.00063452,,"Trevor Larnach",21501,663616
"Jonathan India","CIN",637,0.31334842,,0.07466063,0.01696833,0.00037707,0.22021116,0.22737557,0.05882353,0.01772247,,0.06825038,,0.00226244,,"Jonathan India",21523,663697
"Joey Bart","PIT",282,0.2715173,,0.08961846,0.02395741,,0.22537711,0.25199645,0.05501331,0.01419698,,0.06832298,,,,"Joey Bart",21524,663698
"Cal Raleigh","SEA",628,0.31702466,,0.08074781,0.04494829,,0.09148767,0.17541766,0.07875895,0.02665076,0.00119332,0.18337311,0.00039777,,,"Cal Raleigh",21534,663728
"Nick Fortes","MIA",335,0.29376083,,0.07538995,0.00606586,,0.22963605,0.22443674,0.07019064,0.01733102,,0.08232236,,0.00086655,,"Nick Fortes",21538,663743
"Matt Vierling","DET",567,0.35830048,,0.07709155,0.0109505,,0.1804643,0.22339028,0.05081034,0.01445466,,0.08453789,,,,"Matt Vierling",21558,663837
"Romy Gonzalez","BOS",216,0.27723971,,0.08232446,0.0157385,,0.15133172,0.23486683,0.07748184,0.03995157,,0.12106538,,,,"Romy Gonzalez",21562,663853
"Kyle Isbel","KCR",426,0.32194813,,0.08475648,0.04048071,,0.12270715,0.16698292,0.10183428,0.02466793,,0.13662239,,,,"Kyle Isbel",21614,664728
"Alec Bohm","PHI",606,0.31119545,,0.08064516,0.01233397,0.00094877,0.20683112,0.24857685,0.05218216,0.00521822,0.00047438,0.07874763,0.00047438,0.00237192,,"Alec Bohm",21618,664761
"Jake McCarthy","ARI",495,0.32110609,,0.08182844,0.04401806,0.00112867,0.13600451,0.20090293,0.06659142,0.01467269,0.00112867,0.12358916,0.00282167,0.00620767,,"Jake McCarthy",21622,664983
"Griffin Conine","MIA",89,0.32934132,,0.05688623,0.03892216,,0.10479042,0.19760479,0.13473054,0.03592814,0.00598802,0.08682635,0.00898204,,,"Griffin Conine",21626,665052
"Jeremy Peña","HOU",650,0.25880282,,0.07306338,0.02552817,,0.20642606,0.27640845,0.0431338,0.01672535,0.00088028,0.09815141,0.00088028,,,"Jeremy Pena",21636,665161
"Rafael Marchán","PHI",56,0.35326087,,0.08695652,0.02717391,,0.07065217,0.14130435,0.11956522,,,0.16847826,,0.0326087,,"Rafael Marchan",21646,665561
"Miguel Amaya","CHC",363,0.27730442,,0.06816421,0.03175833,,0.20139427,0.26103796,0.05344694,0.01006971,0.00077459,0.09604957,,,,"Miguel Amaya",21693,665804
"Oswaldo Cabrera","NYY",326,0.30149961,,0.09471192,0.05367009,,0.12312549,0.20126283,0.07734807,0.01341752,0.00078927,0.13417522,,,,"Oswaldo Cabrera",21707,665828
"Oneil Cruz","PIT",599,0.25241495,,0.07223856,0.05333893,,0.13439731,0.22553549,0.11171777,0.03275934,,0.11759765,,,,"Oneil Cruz",21711,665833
"Enmanuel Valdez","BOS",223,0.33841132,,0.07399347,0.05440696,,0.10228509,0.17627856,0.08487486,0.0250272,0.00217628,0.13710555,,0.0054407,,"Enmanuel Valdez",21716,665839
"José Fermín","STL",79,0.27217125,,0.05810398,0.01834862,,0.2324159,0.22629969,0.04587156,0.01223242,,0.13455657,,,,"Jose Fermin",21746,665877
"Esteury Ruiz","OAK",65,0.32926829,,0.07317073,,,0.17886179,0.23577236,0.09349593,0.00406504,,0.08536585,,,,"Esteury Ruiz",21780,665923
"Andrés Chaparro","WSN",132,0.2952381,,0.0552381,0.04571429,,0.15047619,0.24571429,0.07238095,0.03047619,,0.1047619,,,,"Andres Chaparro",21797,665953
"Jonathan Aranda","TBR",143,0.31588133,,0.12914485,0.05584642,,0.13612565,0.13787086,0.11343805,0.008726,,0.10296684,,,,"Jonathan Aranda",21837,666018
"Freddy Fermin","KCR",368,0.33054393,,0.08437936,0.02440725,,0.17364017,0.22105997,0.06485356,0.01324965,0.00069735,0.08647141,,0.00069735,,"Freddy Fermin",21840,666023
"Will Benson","CIN",388,0.32930514,,0.08398792,0.04229607,0.00060423,0.13655589,0.18126888,0.09244713,0.02356495,,0.10574018,,0.00422961,,"Will Benson",21853,666181
"Bo Naylor","CLE",389,0.3362069,,0.09359606,0.02955665,,0.09729064,0.20320197,0.07573892,0.02586207,,0.13485222,,0.00369458,,"Bo Naylor",21865,666310
"Jerar Encarnacion","SFG",119,0.25306122,,0.09387755,0.01428571,,0.19183673,0.25714286,0.07142857,0.01836735,0.00612245,0.09387755,,,,"Jerar Encarnacion",21871,666464
"Christopher Morel","- - -",611,0.28869048,,0.07185374,0.01828231,,0.1832483,0.2827381,0.06505102,0.00892857,,0.08120748,,,,"Christopher Morel",21897,666624
"Dane Myers","MIA",108,0.32470588,,0.08470588,0.00705882,,0.17411765,0.23529412,0.06588235,,,0.10823529,,,,"Dane Myers",22054,667472
"Akil Baddoo","DET",82,0.30188679,,0.05345912,0.0754717,,0.12264151,0.19496855,0.06603774,0.00628931,0.01257862,0.16666667,,,,"Akil Baddoo",22168,668731
"Mark Vientos","NYM",454,0.21355353,,0.08143508,0.01594533,,0.17482916,0.31890661,0.07232346,0.01252847,0.00113895,0.10649203,,0.00284738,,"Mark Vientos",22184,668901
"Brice Turang","MIL",619,0.3582996,,0.07530364,0.0340081,,0.15587045,0.15910931,0.08299595,0.02267206,0.00242915,0.10890688,0.00040486,,,"Brice Turang",22186,668930
"MJ Melendez","KCR",451,0.37127371,,0.10406504,0.04119241,,0.09105691,0.16151762,0.08943089,0.01734417,,0.12411924,,,,"MJ Melendez",22197,669004
"Luis Campusano","SDP",299,0.27902439,,0.07707317,0.02146341,,0.24195122,0.21658537,0.06926829,0.01268293,0.00292683,0.07902439,,,,"Luis Campusano",22217,669134
"Mason McCoy","SDP",57,0.27155172,,0.06034483,0.00862069,,0.35775862,0.22413793,0.04310345,0.01293103,,0.02155172,,,,"Mason McCoy",22232,669200
"Jack Suwinski","PIT",277,0.33662478,,0.1032316,0.04039497,,0.12746858,0.16696589,0.06283662,0.02603232,0.00089767,0.13554758,,,,"Jack Suwinski",22244,669261
"Nolan Gorman","STL",402,0.38418079,,0.06403013,0.03075957,0.00251099,0.1299435,0.16949153,0.08035154,0.02636535,,0.10546139,0.00062775,0.00627746,,"Nolan Gorman",22263,669357
"Xavier Edwards","MIA",303,0.36962025,,0.09367089,0.02362869,,0.15949367,0.12405063,0.08776371,0.01181435,,0.12742616,,0.00253165,,"Xavier Edwards",22266,669364
"Jake Burger","MIA",579,0.22921672,,0.08361365,0.02835175,,0.20855358,0.25372417,0.05718405,0.01105238,0.00096108,0.1220567,,0.00528592,,"Jake Burger",22275,669394
"Nick Allen","OAK",105,0.32303371,,0.08426966,0.02247191,,0.10955056,0.25842697,0.10393258,0.01966292,,0.07865169,,,,"Nick Allen",22277,669397
"Taylor Walls","TBR",252,0.4192607,,0.09241245,0.03307393,,0.10116732,0.13326848,0.11089494,0.0077821,,0.10214008,,,,"Taylor Walls",22458,670764
"Triston Casas","BOS",243,0.29667003,,0.08577195,0.05852674,,0.09889001,0.21997982,0.09989909,0.02623613,,0.11402624,,,,"Triston Casas",22514,671213
"Heliot Ramos","SFG",518,0.33899151,,0.0664004,0.01198203,,0.18172741,0.24163754,0.06240639,0.01647529,,0.07938093,0.0009985,,,"Heliot Ramos",22515,671218
"Tyler Freeman","CLE",383,0.34467777,,0.07675597,0.01448226,0.00072411,0.17161477,0.22592324,0.05503259,0.01520637,,0.09558291,,,,"Tyler Freeman",22532,671289
"Lawrence Butler","OAK",451,0.36749311,,0.08209366,0.03526171,,0.11735537,0.16914601,0.0523416,0.01432507,0.00385675,0.15812672,,,,"Lawrence Butler",22542,671732
"Michael Siani","STL",334,0.32841615,,0.09083851,0.04037267,,0.1560559,0.21428571,0.08695652,0.01552795,,0.06754658,,,,"Michael Siani",22557,672279
"Jarred Kelenic","ATL",449,0.31968146,,0.07963595,0.04209329,0.00455063,0.13139932,0.18486917,0.06939704,0.0221843,0.00227531,0.13822526,,0.00568828,,"Jarred Kelenic",22558,672284
"Gabriel Arias","CLE",161,0.26989619,,0.06747405,0.01038062,,0.17820069,0.29930796,0.06401384,0.00865052,,0.10207612,,,,"Gabriel Arias",22563,672356
"Alejandro Kirk","TOR",386,0.31906355,,0.0909699,0.01538462,,0.23076923,0.1993311,0.05551839,0.01070234,0.00401338,0.07424749,,,,"Alejandro Kirk",22581,672386
"Gabriel Moreno","ARI",351,0.32049608,,0.06462141,0.01827676,0.00130548,0.22650131,0.22650131,0.04895561,0.02545692,0.00065274,0.06592689,,0.00130548,,"Gabriel Moreno",22664,672515
"Maikel Garcia","KCR",626,0.35,,0.08983051,0.01652542,,0.17161017,0.25635593,0.04830508,0.01228814,,0.05508475,,,,"Maikel Garcia",22715,672580
"Geraldo Perdomo","ARI",388,0.38910256,,0.08205128,0.01987179,,0.1275641,0.18012821,0.09102564,0.01410256,,0.09038462,,0.00576923,,"Geraldo Perdomo",22799,672695
"Wenceel Pérez","DET",425,0.36363636,,0.10989643,0.03682394,,0.10817031,0.13981588,0.0863061,0.01783659,,0.13578826,0.00172612,,,"Wenceel Perez",22857,672761
"Lenyn Sosa","CHW",369,0.33841685,,0.07189542,0.01525054,,0.17211329,0.25635439,0.04357298,0.01525054,,0.08714597,,,,"Lenyn Sosa",22896,672820
"Yainer Diaz","HOU",619,0.28900376,,0.05545113,0.02584586,,0.16118421,0.26738722,0.07800752,0.02114662,,0.10197368,,,,"Yainer Diaz",23003,673237
"Jacob Amaya","- - -",72,0.39202658,,0.05980066,0.0166113,,0.15282392,0.21594684,0.07641196,0.00996678,,0.07641196,,,,"Jacob Amaya",23296,676070
"Ryan Noda","OAK",111,0.3747495,,0.11022044,0.03807615,,0.13426854,0.16032064,0.09218437,0.02805611,,0.06212425,,,,"Ryan Noda",23312,676116
"Nelson Velázquez","KCR",230,0.26578073,,0.09856035,0.01218162,,0.12292359,0.33776301,0.04761905,0.0110742,,0.10409745,,,,"Nelson Velazquez",23359,676369
"Eric Wagaman","LAA",74,0.34944238,,0.0669145,0.0260223,,0.08550186,0.31598513,0.07434944,,,0.08178439,,,,"Eric Wagaman",23395,676572
"José Caballero","TBR",483,0.28194298,,0.08078141,0.02006336,,0.17106653,0.27666315,0.06916579,0.01689546,,0.08342133,,,,"Jose Caballero",23401,676609
"Davis Schneider","TOR",454,0.34742741,,0.09016811,0.01782985,,0.1757514,0.20478859,0.05348956,0.0188487,0.00101885,0.08965869,,0.00101885,,"Davis Schneider",23565,676914
"Brayan Rocchio","CLE",442,0.34092271,,0.09886159,0.03714799,,0.10844817,0.16896345,0.08088676,0.02456561,,0.14020371,,,,"Brayan Rocchio",23690,677587
"José Tena","- - -",168,0.36106984,,0.08469539,0.01931649,,0.12927192,0.20059435,0.08766716,0.03863299,,0.07726597,0.00148588,,,"Jose Tena",23691,677588
"Julio Rodríguez","SEA",613,0.28469602,,0.07421384,0.01844864,,0.16939203,0.27044025,0.05534591,0.02096436,,0.10607966,0.00041929,,,"Julio Rodriguez",23697,677594
"Ezequiel Duran","TEX",285,0.31485149,,0.05445545,0.01683168,,0.18514851,0.28217822,0.04554455,0.01584158,,0.08514851,,,,"Ezequiel Duran",23733,677649
"Wilyer Abreu","BOS",447,0.40022173,,0.0748337,0.04656319,,0.11807095,0.1518847,0.07538803,0.01773836,0.00443459,0.10643016,0.00166297,0.00277162,,"Wilyer Abreu",23772,677800
"Leo Jiménez","TOR",210,0.31050767,,0.07792208,0.02125148,,0.18890201,0.23494687,0.07083825,0.00236128,0.00354191,0.08736718,,0.00236128,,"Leo Jimenez",23782,677870
"Blaze Alexander","ARI",185,0.34733894,,0.04201681,0.00560224,,0.17927171,0.25630252,0.05602241,0.02240896,,0.08263305,,0.00840336,,"Blaze Alexander",23789,677942
"Alek Thomas","ARI",103,0.2983871,,0.08064516,0.02956989,,0.13978495,0.19354839,0.11290323,0.01344086,,0.13172043,,,,"Alek Thomas",23792,677950
"Parker Meadows","DET",298,0.29554996,,0.1015953,0.0411419,,0.1125105,0.2115869,0.08060453,0.01007557,0.00419815,0.1427372,,,,"Parker Meadows",23800,678009
"Ji Hwan Bae","PIT",81,0.34185304,,0.05750799,0.02555911,,0.20766773,0.08626198,0.09904153,0.01597444,,0.16613419,,,,"Ji Hwan Bae",23818,678225
"Curtis Mead","TBR",132,0.26963907,,0.08067941,,,0.17409766,0.29087049,0.06794055,0.01273885,,0.10191083,,0.00212314,,"Curtis Mead",23986,678554
"Ezequiel Tovar","COL",695,0.32511924,,0.09062003,0.01748808,,0.14745628,0.25755167,0.06438792,0.01629571,,0.07551669,,0.00556439,,"Ezequiel Tovar",24064,678662
"Jhonkensy Noel","CLE",198,0.24689655,,0.06206897,0.02206897,,0.16413793,0.30206897,0.06344828,0.02206897,,0.11724138,,,,"Jhonkensy Noel",24257,678877
"Ceddanne Rafaela","BOS",571,0.30483092,,0.07101449,0.01545894,,0.15700483,0.27777778,0.06908213,0.01400966,0.00386473,0.08502415,0.00048309,0.00144928,,"Ceddanne Rafaela",24262,678882
"Johan Rojas","PHI",363,0.28743416,,0.0662152,0.01203913,,0.20842739,0.2731377,0.07072987,0.00978179,,0.07223476,,,,"Johan Rojas",24336,679032
"Max Schuemann","OAK",459,0.33297003,,0.06594005,0.01743869,,0.21525886,0.22888283,0.05231608,0.00871935,0.00381471,0.0746594,,,,"Max Schuemann",24488,680474
"Richie Palacios","TBR",316,0.33879781,,0.1147541,0.04918033,,0.14363778,0.16003123,0.07416081,0.02263856,,0.09679938,,,,"Richie Palacios",24589,680700
"Addison Barger","TOR",225,0.31633835,,0.08690614,0.04750869,,0.14020857,0.17960603,0.0764774,0.00926999,0.00347625,0.13904983,,0.00115875,,"Addison Barger",24598,680718
"Steven Kwan","CLE",540,0.36905312,,0.07482679,0.03094688,,0.16397229,0.17551963,0.06096998,0.01200924,,0.10900693,0.00046189,0.00323326,,"Steven Kwan",24610,680757
"Jarren Duran","BOS",735,0.36884669,,0.08966245,0.03551336,,0.14029536,0.18670886,0.07770745,0.01265823,0.00070323,0.08614627,0.00035162,0.00140647,,"Jarren Duran",24617,680776
"Ryan Jeffers","MIN",465,0.30049806,,0.07747648,0.01494189,,0.19147759,0.24571112,0.06751522,0.0166021,,0.08577753,,,,"Ryan Jeffers",24618,680777
"Brendan Donovan","STL",652,0.3647343,,0.07447665,0.0326087,0.00080515,0.16465378,0.17673108,0.07809984,0.01127214,,0.09339775,0.00080515,0.00241546,,"Brendan Donovan",24679,680977
"Jonah Bride","MIA",272,0.26361279,,0.08815903,0.01901469,,0.20829732,0.23076923,0.09420916,0.01555748,,0.07692308,,0.00345722,,"Jonah Bride",24703,681146
"Logan O'Hoppe","LAA",522,0.27281896,,0.0595058,0.03025719,,0.17599597,0.29097327,0.05900151,0.01613717,,0.09329299,,0.00201715,,"Logan O'Hoppe",24729,681351
"James Outman","LAD",156,0.34858044,,0.07097792,0.05993691,,0.12460568,0.18927445,0.07570978,0.03154574,,0.08832808,,0.01104101,,"James Outman",24770,681546
"Andy Pages","LAD",443,0.35834788,,0.06399069,0.02850494,0.00058173,0.1628854,0.25596277,0.04188482,0.01512507,0.00581734,0.06457243,,0.00232693,,"Andy Pages",24816,681624
"David Fry","CLE",392,0.29240924,,0.09306931,0.01320132,0.0019802,0.17623762,0.25280528,0.05280528,0.00858086,0.00132013,0.1009901,,0.00660066,,"David Fry",24934,681807
"David Hensley","MIA",58,0.192,,0.016,0.048,,0.216,0.24,0.112,0.028,,0.148,,,,"David Hensley",25111,682073
"Daniel Schneemann","CLE",221,0.33407325,,0.08213097,0.03662597,,0.11653718,0.18867925,0.0754717,0.01442841,,0.14539401,,0.00665927,,"Daniel Schneemann",25180,682177
"Michael Stefanic","LAA",124,0.37551867,,0.04564315,0.02074689,,0.22821577,0.19502075,0.0746888,0.00622407,,0.05394191,,,,"Michael Stefanic",25353,683021
"Austin Shenton","TBR",50,0.27358491,,0.14622642,0.05660377,,0.22641509,0.10377358,0.05188679,0.01886792,,0.12264151,,,,"Austin Shenton",25425,668853
"Brenton Doyle","COL",603,0.30711959,,0.08748255,0.01628664,,0.18241042,0.23173569,0.0767799,0.0241973,,0.06979991,,0.00418799,,"Brenton Doyle",25479,686668
"Nick Sogard","BOS",86,0.31034483,,0.12356322,0.02873563,,0.11206897,0.19252874,0.09195402,0.02586207,,0.11494253,,,,"Nick Sogard",25483,686765
"Joey Ortiz","MIL",511,0.3220339,,0.05979284,0.01271186,,0.22928437,0.22787194,0.06403013,0.01412429,0.00329567,0.06591337,0.00094162,,,"Joey Ortiz",25493,687401
"Aaron Schunk","COL",98,0.26502732,,0.10655738,0.02185792,,0.17759563,0.26775956,0.07377049,,0.00819672,0.06830601,,0.01092896,,"Aaron Schunk",25524,668845
"Korey Lee","CHW",394,0.31140658,,0.07627712,0.02589223,,0.13645906,0.26871938,0.06927922,0.01679496,,0.09517145,,,,"Korey Lee",25543,686676
"Kyle McCann","OAK",157,0.27559055,,0.07716535,0.03464567,,0.11181102,0.26456693,0.11023622,0.01574803,0.00629921,0.1023622,,0.0015748,,"Kyle McCann",25575,668832
"Marco Luciano","SFG",81,0.25846154,,0.07076923,0.03076923,,0.2,0.30461538,0.04,0.02461538,,0.07076923,,,,"Marco Luciano",25616,682617
"Bryan Ramos","CHW",108,0.27272727,,0.07177033,0.00478469,,0.18181818,0.26555024,0.06698565,0.00239234,,0.13397129,,,,"Bryan Ramos",25621,682868
"Drew Millas","WSN",62,0.36904762,,0.07539683,0.03968254,,0.17063492,0.12698413,0.08333333,0.04365079,,0.09126984,,,,"Drew Millas",25643,686452
"Will Brennan","CLE",353,0.36422764,,0.06910569,0.04146341,0.00081301,0.10162602,0.17560976,0.06747967,0.01626016,0.00406504,0.15528455,0.00162602,0.00243902,,"Will Brennan",25660,686823
"Grant McCray","SFG",130,0.40077071,,0.05780347,0.04238921,,0.10597303,0.18689788,0.07899807,0.01926782,0.00192678,0.10597303,,,,"Grant McCray",25690,687529
"Bobby Witt Jr.","KCR",709,0.28923077,,0.08615385,0.03115385,,0.15153846,0.28269231,0.06615385,0.01461538,,0.07846154,,,,"Bobby Witt Jr.",25764,677951
"CJ Abrams","WSN",602,0.26890756,,0.07916851,0.04820876,,0.14816453,0.22202565,0.09597523,0.02034498,,0.11455108,,0.00265369,,"CJ Abrams",25768,682928
"Pedro Pagés","STL",218,0.33928571,,0.05595238,0.0202381,,0.20595238,0.23928571,0.04761905,0.01071429,,0.08095238,,,,"Pedro Pages",25782,686780
"Jared Triolo","PIT",446,0.30498866,,0.07029478,0.02040816,,0.19671202,0.26814059,0.04705215,0.01814059,,0.07426304,,,,"Jared Triolo",25807,669707
"Shea Langeliers","OAK",534,0.33968891,,0.07124937,0.02558956,,0.13346713,0.24686402,0.06221776,0.02007025,0.00551932,0.09483191,,0.00050176,,"Shea Langeliers",25816,669127
"Braden Shewmake","CHW",67,0.34579439,,0.10280374,0.03738318,,0.21028037,0.13084112,0.10280374,0.01869159,,0.05140187,,,,"Braden Shewmake",25817,669699
"Michael Toglia","COL",458,0.31658817,,0.10465725,0.03663004,,0.08006279,0.18524333,0.10727368,0.02511774,,0.14024071,0.00104657,0.00313972,,"Michael Toglia",25845,669911
"Ryan Kreidler","DET",65,0.30418251,,0.08365019,,,0.20152091,0.23954373,0.0608365,0.00760456,,0.1026616,,,,"Ryan Kreidler",25867,668952
"Corbin Carroll","ARI",684,0.36702128,,0.07978723,0.02583587,,0.15463526,0.18427052,0.07028875,0.01405775,0.00113982,0.0949848,0.00037994,0.00759878,,"Corbin Carroll",25878,682998
"Michael Harris II","ATL",470,0.36676558,,0.06884273,0.02255193,,0.14183976,0.16557864,0.0735905,0.03026706,0.00534125,0.12106825,0.00237389,0.00178042,,"Michael Harris II",25931,671739
"Kerry Carpenter","DET",296,0.26593807,,0.09380692,0.03005464,,0.1129326,0.22404372,0.1010929,0.02094718,,0.15118397,,,,"Kerry Carpenter",25961,681481
"Riley Greene","DET",584,0.29552114,,0.09753035,0.03139389,,0.14859774,0.17287568,0.08246128,0.01213897,,0.15906237,0.00041859,,,"Riley Greene",25976,682985
"Nasim Nuñez","WSN",78,0.382263,,0.06116208,0.02140673,,0.21712538,0.11314985,0.07033639,0.02140673,,0.11314985,,,,"Nasim Nunez",25979,683083
"Vaughn Grissom","BOS",114,0.26862302,,0.09480813,0.01128668,,0.20316027,0.28442438,0.08352144,0.00451467,,0.0496614,,,,"Vaughn Grissom",26031,687093
"Francisco Alvarez","NYM",342,0.24793388,,0.08489857,0.03005259,,0.18707739,0.27798648,0.07588279,0.01652893,,0.07738542,,0.00225394,,"Francisco Alvarez",26121,682626
"Brett Baty","NYM",171,0.29142012,,0.0887574,0.04881657,,0.14349112,0.21745562,0.07544379,0.02514793,,0.10946746,,,,"Brett Baty",26123,683146
"Dominic Fletcher","CHW",241,0.35777778,,0.08666667,0.03777778,,0.16666667,0.15666667,0.08888889,0.00555556,,0.1,,,,"Dominic Fletcher",26149,666150
"Kyle Stowers","- - -",209,0.36996337,,0.09035409,0.05006105,,0.12820513,0.14529915,0.07692308,0.01221001,,0.12332112,,0.003663,,"Kyle Stowers",26151,669065
"Andrew Vaughn","CHW",619,0.29396662,,0.06974754,0.03594352,,0.14291827,0.27813436,0.07616602,0.01412067,,0.089003,,,,"Andrew Vaughn",26197,683734
"Tyler Fitzgerald","SFG",341,0.2887218,,0.06992481,0.01879699,,0.18045113,0.26015038,0.0556391,0.01729323,0.00150376,0.1075188,,,,"Tyler Fitzgerald",26208,666149
"Darell Hernaiz","OAK",135,0.28235294,,0.0745098,0.02352941,,0.1745098,0.23333333,0.08235294,0.00980392,0.01176471,0.10784314,,,,"Darell Hernaiz",26224,687231
"Adley Rutschman","BAL",638,0.33667567,,0.09178558,0.03933668,,0.10759738,0.17045893,0.07288855,0.01696876,0.00115696,0.16120324,,0.00192827,,"Adley Rutschman",26288,668939
"Gunnar Henderson","BAL",719,0.32631215,,0.08425414,0.03970994,,0.15987569,0.17990331,0.06146409,0.01691989,,0.13156077,,,,"Gunnar Henderson",26289,683002
"Bryson Stott","PHI",571,0.35736129,,0.07732634,0.03975535,0.00087374,0.16033202,0.15465269,0.0873744,0.00873744,,0.11183923,,0.00174749,,"Bryson Stott",26294,681082
"Oliver Dunn","MIL",104,0.31818182,,0.1291866,0.04784689,,0.15311005,0.16746411,0.08133971,0.01435407,,0.08851675,,,,"Oliver Dunn",26295,686554
"Josh Jung","TEX",188,0.30333817,,0.07402032,0.01596517,,0.18722787,0.26415094,0.05079826,0.02612482,,0.07837446,,,,"Josh Jung",26299,673962
"Michael Busch","CHC",567,0.36575053,,0.08541226,0.03805497,,0.11035941,0.19154334,0.08498943,0.00887949,0.0012685,0.11374207,,,,"Michael Busch",26319,683737
"Spencer Steer","CIN",656,0.32888211,,0.07439908,0.01831362,,0.20755437,0.22663106,0.05837467,0.01678749,,0.06562381,,0.0034338,,"Spencer Steer",26323,668715
"Jonny DeLuca","TBR",362,0.2802974,,0.08624535,0.02007435,,0.17620818,0.29442379,0.06394052,0.00669145,,0.07211896,,,,"Jonny DeLuca",26365,676356
"JJ Bleday","OAK",642,0.30044301,,0.070882,0.04470399,,0.12122433,0.20579944,0.08618607,0.0177205,0.00161095,0.15142972,,,,"JJ Bleday",26368,668709
"Josh Smith","TEX",592,0.34105534,,0.09395109,0.04118404,,0.13513514,0.16688117,0.07507508,0.01887602,,0.12784213,,,,"Josh Smith",26396,669701
"Kyren Paris","LAA",59,0.38034188,,0.05128205,0.0042735,,0.17094017,0.20512821,0.0982906,,,0.07264957,,0.01709402,,"Kyren Paris",26420,677347
"Dominic Canzone","SEA",188,0.20258621,,0.08477011,0.06178161,,0.09770115,0.21408046,0.12787356,0.04022989,0.00862069,0.16235632,,,,"Dominic Canzone",26438,686527
"Matt Wallner","MIN",261,0.37378641,,0.1038835,0.04854369,,0.08640777,0.21941748,0.06019417,0.02330097,,0.0815534,,0.00291262,,"Matt Wallner",26466,670242
"Luis Matos","SFG",156,0.30514706,,0.0625,0.01470588,,0.22610294,0.24816176,0.04595588,0.01470588,,0.08272059,,,,"Luis Matos",26467,682641
"Spencer Horwitz","TOR",381,0.32300885,,0.09039191,0.04867257,,0.16182048,0.17635904,0.04867257,0.01959545,0.00126422,0.13021492,,,,"Spencer Horwitz",26477,687462
"Noelvi Marte","CIN",242,0.22108844,,0.08276644,0.01020408,,0.1893424,0.33673469,0.05442177,0.02380952,0.00113379,0.08049887,,,,"Noelvi Marte",26517,682622
"Angel Martínez","CLE",169,0.35155096,,0.0915805,0.03397341,,0.13737075,0.183161,0.03249631,0.01477105,,0.14475628,,0.01033973,,"Angel Martinez",26540,682657
"Jonatan Clase","- - -",66,0.41573034,,0.03745318,0.09737828,,0.11610487,0.16479401,0.04868914,0.00374532,,0.11610487,,,,"Jonatan Clase",26599,682729
"Elly De La Cruz","CIN",696,0.32751727,,0.0952381,0.03416939,0.00072701,0.1046892,0.16321338,0.09814613,0.02253726,0.00072701,0.14940022,,0.00363504,,"Elly De La Cruz",26668,682829
"Austin Martin","MIN",257,0.32762313,,0.0620985,0.02462527,,0.17130621,0.27194861,0.06102784,0.02034261,,0.05995717,,0.00107066,,"Austin Martin",27462,668885
"Dillon Dingler","DET",87,0.32628399,,0.04833837,0.02114804,,0.21148036,0.21450151,0.05438066,0.02114804,,0.10271903,,,,"Dillon Dingler",27464,693307
"Spencer Torkelson","DET",381,0.29266751,,0.07332491,0.01264223,,0.17509482,0.30594185,0.05183312,0.00758534,,0.08091024,,,,"Spencer Torkelson",27465,679529
"Tyler Soderstrom","OAK",213,0.2961039,,0.05194805,0.04935065,,0.1012987,0.19090909,0.13246753,0.02987013,,0.14805195,,,,"Tyler Soderstrom",27467,691016
"Zach DeLoach","CHW",75,0.39261745,,0.08724832,0.09395973,,0.11073826,0.15100671,0.04697987,0.01677852,,0.10067114,,,,"Zach DeLoach",27471,676113
"Jordan Walker","STL",178,0.27653214,,0.05381166,0.01943199,,0.1793722,0.29297459,0.06576981,0.01046338,,0.09865471,,0.00298954,,"Jordan Walker",27475,691023
"Patrick Bailey","SFG",448,0.34287318,,0.08529742,0.03815937,,0.11447811,0.14702581,0.07968575,0.02076319,0.0016835,0.16329966,0.00448934,0.00224467,,"Patrick Bailey",27478,672275
"Masyn Winn","STL",637,0.33411673,,0.07011359,0.02428515,0.0003917,0.18292205,0.23893459,0.06502154,0.0097924,,0.07246377,0.0003917,0.00156678,,"Masyn Winn",27479,691026
"Nick Gonzales","PIT",387,0.27498177,,0.0816922,0.01604668,,0.16557257,0.28884026,0.06564551,0.02625821,,0.0809628,,,,"Nick Gonzales",27490,693304
"Rece Hinds","CIN",51,0.31693989,,0.04371585,0.01639344,,0.09289617,0.30054645,0.08196721,0.03825137,,0.10928962,,,,"Rece Hinds",27493,677956
"Ha-Seong Kim","SDP",470,0.33148335,,0.06458123,0.02320888,0.00151362,0.21442987,0.22552977,0.0554995,0.01866801,0.0025227,0.06155399,0.00100908,,,"Ha-Seong Kim",27506,673490
"David Hamilton","BOS",317,0.30252101,,0.10252101,0.04453782,,0.13697479,0.18151261,0.09495798,0.0210084,0.00252101,0.11092437,,0.00252101,,"David Hamilton",27531,666152
"Edouard Julien","MIN",301,0.29716599,,0.08582996,0.05101215,,0.11578947,0.22186235,0.08259109,0.03481781,,0.10931174,,0.00161943,,"Edouard Julien",27534,666397
"Garrett Mitchell","MIL",224,0.4006734,,0.06958474,0.01683502,,0.12570146,0.16386083,0.08754209,0.01571268,0.00224467,0.11672278,0.00112233,,,"Garrett Mitchell",27555,669003
"Austin Wells","NYY",414,0.28937729,,0.09340659,0.06471306,,0.11843712,0.2008547,0.07570208,0.01098901,,0.14652015,,,,"Austin Wells",27562,669224
"Casey Schmitt","SFG",113,0.31550802,,0.09090909,0.02406417,,0.15508021,0.26737968,0.05347594,0.00534759,,0.08823529,,,,"Casey Schmitt",27577,669477
"Jacob Hurtubise","CIN",68,0.38434164,,0.09252669,0.02135231,,0.12455516,0.12099644,0.06761566,0.06761566,,0.11032028,,0.01067616,,"Jacob Hurtubise",27599,674441
"Alika Williams","PIT",96,0.30357143,,0.04761905,0.02380952,,0.20833333,0.25,0.06547619,0.01785714,,0.08333333,,,,"Alika Williams",27604,675961
"Alec Burleson","STL",595,0.33601514,,0.08187411,0.04164695,,0.13440606,0.21202082,0.08471368,0.01419782,,0.09465215,0.00047326,,,"Alec Burleson",27615,676475
"Nick Loftin","KCR",171,0.3115016,,0.05750799,0.01916933,,0.16932907,0.26677316,0.08306709,0.00638978,,0.08626198,,,,"Nick Loftin",27630,679845
"Anthony Volpe","NYY",689,0.29685265,,0.08082976,0.02002861,,0.18919886,0.2639485,0.0711731,0.00751073,0.00035765,0.07010014,,,,"Anthony Volpe",27647,683011
"Vinnie Pasquantino","KCR",554,0.32395687,,0.11064229,0.03984998,,0.11767464,0.16783872,0.0726676,0.02203469,,0.14533521,,,,"Vinnie Pasquantino",27676,686469
"Michael Massey","KCR",356,0.36390977,,0.08045113,0.05413534,0.00075188,0.12406015,0.16390977,0.07518797,0.01203008,,0.12556391,,,,"Michael Massey",27684,686681
"Brett Wisely","SFG",272,0.35881753,,0.06829766,0.03771662,,0.13761468,0.15494393,0.10907238,0.01121305,,0.12232416,,,,"Brett Wisely",27735,689172
"Drew Romo","COL",53,0.28042328,,0.07407407,0.07407407,,0.10582011,0.16402116,0.11111111,0.01058201,,0.17989418,,,,"Drew Romo",27763,691011
"Pete Crow-Armstrong","CHC",410,0.35327234,,0.08163265,0.05348346,,0.13863476,0.1703026,0.07670654,0.01759324,0.00070373,0.10767065,,,,"Pete Crow-Armstrong",27769,691718
"Evan Carter","TEX",162,0.3441358,,0.06018519,0.0632716,,0.13117284,0.17901235,0.07561728,0.02314815,,0.12345679,,,,"Evan Carter",27790,694497
"Jordan Westburg","BAL",447,0.24724602,,0.07343941,0.02080783,,0.18665851,0.3004896,0.06731946,0.01162791,,0.09241126,,,,"Jordan Westburg",27815,676059
"Thomas Saggese","STL",52,0.31216931,,0.03174603,0.04232804,,0.14285714,0.26984127,0.06349206,0.04232804,,0.0952381,,,,"Thomas Saggese",27883,695336
"Colt Keith","DET",556,0.2997003,,0.09390609,0.03946054,,0.11888112,0.19430569,0.08241758,0.01698302,0.002997,0.15084915,0.0004995,,,"Colt Keith",27899,690993
"Jasson Domínguez","NYY",67,0.45955882,,0.09558824,0.01838235,,0.05514706,0.16544118,0.05147059,0.01102941,0.00735294,0.13602941,,,,"Jasson Dominguez",28080,691176
"Junior Caminero","TBR",177,0.21144674,,0.063593,0.02225755,,0.24165342,0.3227345,0.04610493,0.0063593,,0.08585056,,,,"Junior Caminero",28163,691406
"Jackson Chourio","MIL",573,0.28863528,,0.07465525,0.01474085,0.00095102,0.21730861,0.23442701,0.06704708,0.01474085,0.00190204,0.08464099,,0.00095102,,"Jackson Chourio",28806,694192
"Jackson Merrill","SDP",593,0.31752484,,0.08355917,0.04516712,,0.16485998,0.19150858,0.07317073,0.02258356,0.00045167,0.09936766,0.00180668,,,"Jackson Merrill",29490,701538
"James Wood","WSN",336,0.27564103,,0.06623932,0.03133903,,0.17307692,0.22079772,0.1025641,0.02421652,,0.10541311,,0.00071225,,"James Wood",29518,695578
"Ryan Bliss","SEA",71,0.34749035,,0.05019305,,,0.17374517,0.25482625,0.03861004,0.003861,,0.13127413,,,,"Ryan Bliss",29547,669208
"Adrian Del Castillo","ARI",87,0.3125,,0.06845238,0.04761905,,0.16369048,0.1547619,0.06547619,0.02380952,,0.1547619,0.00892857,,,"Adrian Del Castillo",29554,680728
"Trey Sweeney","DET",119,0.24009324,,0.11655012,0.02097902,,0.15850816,0.23310023,0.06526807,0.02097902,,0.14452214,,,,"Trey Sweeney",29575,700242
"Ben Rice","NYY",178,0.24171271,,0.14917127,0.05801105,,0.13259669,0.20441989,0.08701657,0.01519337,,0.11187845,,,,"Ben Rice",29576,700250
"Colton Cowser","BAL",561,0.31631328,,0.06836867,0.04240588,,0.13457378,0.18260493,0.07788836,0.02423193,,0.15361315,,,,"Colton Cowser",29591,681297
"Connor Norby","- - -",194,0.31884058,,0.0685112,0.03030303,,0.15019763,0.24242424,0.07905138,0.02371542,,0.085639,0.00131752,,,"Connor Norby",29592,681393
"Justyn-Henry Malloy","DET",230,0.32828283,,0.07474747,0.02020202,,0.11313131,0.27373737,0.06767677,0.01818182,,0.1040404,,,,"Justyn-Henry Malloy",29606,669234
"Henry Davis","PIT",122,0.30134357,,0.05566219,0.0268714,,0.2168906,0.26103647,0.04606526,0.01727447,,0.07485605,,,,"Henry Davis",29617,680779
"Sal Frelick","MIL",524,0.34457478,,0.09872923,0.02248289,,0.14760508,0.18084066,0.08357771,0.0200391,0.00439883,0.09726295,0.00048876,,,"Sal Frelick",29622,686217
"Joey Loperfido","- - -",262,0.33499501,,0.11864407,0.03190429,,0.1226321,0.16550349,0.08175474,0.02691924,0.00099701,0.11665005,,,,"Joey Loperfido",29630,694388
"Will Wagner","TOR",86,0.36263736,,0.07692308,0.02472527,,0.19230769,0.15659341,0.08516484,0.00549451,0.00549451,0.09065934,,,,"Will Wagner",29634,695238
"Hunter Goodman","COL",224,0.31985294,,0.07107843,0.02205882,,0.13848039,0.25735294,0.06617647,0.01838235,0.00245098,0.1004902,,0.00367647,,"Hunter Goodman",29715,696100
"Zack Gelof","OAK",547,0.25790754,,0.05206813,0.02579075,,0.20681265,0.26618005,0.0783455,0.01800487,0.00048662,0.09440389,,,,"Zack Gelof",29766,680869
"Niko Kavadas","LAA",106,0.32903226,,0.09032258,0.06451613,,0.06666667,0.16989247,0.14193548,0.01935484,,0.11827957,,,,"Niko Kavadas",29782,694359
"Brett Harris","OAK",123,0.35902637,,0.05476673,0.01622718,,0.20689655,0.21095335,0.03448276,0.01419878,0.0040568,0.09939148,,,,"Brett Harris",29788,695391
"Kyle Manzardo","CLE",156,0.35377358,,0.05503145,0.03301887,,0.07704403,0.22327044,0.10062893,0.00786164,0.00157233,0.14779874,,,,"Kyle Manzardo",29794,700932
"Jacob Young","WSN",521,0.27570332,,0.07263427,0.0168798,,0.22455243,0.24194373,0.07007673,0.01585678,,0.07928389,,0.00306905,,"Jacob Young",29931,696285
"Tyler Black","MIL",57,0.34309623,,0.15481172,0.041841,,0.10460251,0.13389121,0.07112971,0.0167364,,0.13389121,,,,"Tyler Black",29949,672012
"Christian Encarnacion-Strand","CIN",123,0.31929047,,0.06208426,0.03991131,,0.19512195,0.21286031,0.05986696,0.03547672,,0.07538803,,,,"Christian Encarnacion-Strand",30011,687952
"Seiya Suzuki","CHC",585,0.31327222,,0.0709446,0.03268234,,0.19290554,0.22040654,0.0617776,0.01355122,,0.09445994,,,,"Seiya Suzuki",30116,673548
"Heston Kjerstad","BAL",114,0.37588652,,0.08510638,0.03782506,,0.13475177,0.1465721,0.08037825,0.03309693,,0.10638298,,,,"Heston Kjerstad",31166,677008
"Zach Neto","LAA",602,0.2542595,,0.06159895,0.03014417,,0.19266055,0.28440367,0.07295762,0.01135867,,0.09174312,,0.00087374,,"Zach Neto",31347,687263
"Victor Scott II","STL",155,0.36971831,,0.05457746,0.03697183,,0.14788732,0.17605634,0.06866197,0.01408451,,0.11619718,0.00528169,0.01056338,,"Victor Scott II",31349,687363
"Brooks Baldwin","CHW",121,0.51173709,,0.0657277,0.04225352,,0.07511737,0.16197183,0.05399061,0.00938967,,0.07981221,,,,"Brooks Baldwin",31394,681460
"Jordan Beck","COL",184,0.30495356,,0.07275542,0.02786378,,0.17337461,0.27399381,0.07275542,0.00773994,,0.06346749,,0.00309598,,"Jordan Beck",31431,687597
"Jace Jung","DET",94,0.32409972,,0.12465374,0.03878116,,0.11080332,0.19944598,0.08033241,0.01108033,,0.11080332,,,,"Jace Jung",31437,690291
"Zach Dezenzo","HOU",65,0.28571429,,0.08979592,0.04081633,,0.1755102,0.24897959,0.06938776,0.00408163,0.0244898,0.06122449,,,,"Zach Dezenzo",31562,701305
"Trey Lipscomb","WSN",211,0.28974359,,0.07435897,0.01666667,,0.18846154,0.26538462,0.05641026,0.00769231,,0.09615385,,0.00512821,,"Trey Lipscomb",31567,702358
"Brooks Lee","MIN",185,0.33061889,,0.09283388,0.03908795,,0.1237785,0.16123779,0.06677524,0.02605863,,0.15960912,,,,"Brooks Lee",31595,686797
"Jackson Holliday","BAL",208,0.3377724,,0.07869249,0.04116223,,0.11743341,0.2094431,0.06779661,0.01937046,0.00121065,0.12711864,,,,"Jackson Holliday",31781,702616
"Masataka Yoshida","BOS",421,0.31889517,,0.10043942,0.05084746,,0.173258,0.17137476,0.07093534,0.02510986,0.00125549,0.08537351,,0.00251099,,"Masataka Yoshida",31837,807799
"Nolan Schanuel","LAA",607,0.36205433,,0.08955857,0.03353141,,0.1426146,0.17826825,0.06578947,0.01952462,,0.10568761,,0.00297114,,"Nolan Schanuel",33189,694384
"Jacob Wilson","OAK",103,0.32378223,,0.06590258,0.04011461,,0.20057307,0.2722063,0.04297994,0.01432665,,0.04011461,,,,"Jacob Wilson",33266,805779
"Wyatt Langford","TEX",557,0.29565603,,0.07003546,0.02526596,,0.1945922,0.26108156,0.04787234,0.01640071,,0.08909574,,,,"Wyatt Langford",33333,694671
"Dylan Crews","WSN",132,0.26538462,,0.09807692,0.02307692,,0.14423077,0.27692308,0.06730769,0.03461538,,0.09038462,,,,"Dylan Crews",33541,686611
"Jung Hoo Lee","SFG",158,0.33743409,,0.08084359,0.01054482,,0.16344464,0.18980668,0.06678383,0.02811951,,0.11775044,,0.00527241,,"Jung Hoo Lee",33824,808982