"last_name, first_name","player_id","year","z_swing_percent","z_swing_miss_percent","oz_swing_percent","oz_swing_miss_percent","oz_contact_percent","out_zone_percent","meatball_swing_percent","meatball_percent","pitch_count","iz_contact_percent","in_zone_percent","edge_percent","whiff_percent","swing_percent"
"Verlander, Justin","434378","2024",69.9,17.2,27.1,32.1,67.5,49.6,82.6,7.7,"1580",82.8,50.4,43.5,21.3,48.7
"Jansen, Kenley","445276","2024",67.4,19.9,24.9,53.6,44,42.2,78.9,8.9,"801",79.8,57.8,44.4,27,49.4
"Chavez, Jesse","445926","2024",63.5,13.7,22.3,25.8,74.2,51.4,77,7.1,"1044",85.4,48.6,42.2,17,42.3
"Morton, Charlie","450203","2024",66.3,16.1,28,48.5,51.2,51.4,76.4,7,"2791",82.7,48.6,43.5,26.1,46.6
"Scherzer, Max","453286","2024",72.6,20.3,36.4,47.5,52.5,49.3,91.3,6.9,"669",78.9,50.7,47.5,29.2,54.7
"Martin, Chris","455119","2024",68.9,19.4,35.2,35.3,62.7,44.1,90,6.1,"657",80.6,55.9,49.2,23.9,54
"Wilson, Justin","458677","2024",74.6,20.1,33.8,37.1,62.1,47.8,80.8,9.6,"816",79.9,52.2,43.4,25.1,55.1
"Lynn, Lance","458681","2024",73.4,20,26.1,34.5,65.1,52.9,83.8,7.6,"2039",79.7,47.1,42.6,24.1,48.4
"Carrasco, Carlos","471911","2024",69.2,11.4,31.3,43.9,55.1,54.2,74.1,6.4,"1693",88.3,45.8,43.7,22.7,48.7
"García, Luis","472610","2024",67.4,12.3,33.1,46.1,53.9,51.8,73.1,7.5,"898",87.3,48.2,41.8,24,49.7
"Kershaw, Clayton","477132","2024",69.4,13,26.5,50,50,44.8,79.1,8.5,"504",87,55.2,41.3,21.7,50.2
"Yates, Kirby","489446","2024",67.6,28.6,32.8,42.9,57.1,52.6,87,6.7,"1027",71.1,47.4,44.3,33.6,49.3
"Ottavino, Adam","493603","2024",59.1,19.5,26.6,40.6,57.8,48.1,64.7,10.2,"1003",80.5,51.9,39.5,25.7,43.5
"Quintana, Jose","500779","2024",64.5,12,28,38.7,60.9,58.7,76.2,5.2,"2819",87.4,41.3,43.8,22.2,43.1
"Gibson, Kyle","502043","2024",64,14.6,26.3,47.5,52,55.9,74.3,5.4,"2764",84.9,44.1,45.6,25.9,42.9
"Robertson, David","502085","2024",61.8,22,25.6,47.1,52.9,50.7,74.5,8.8,"1211",78,49.3,39.4,29.5,43.4
"Anderson, Chase","502624","2024",70.3,21,23,32.2,67.8,50.6,78.2,7.7,"1016",79,49.4,43.8,23.8,46.4
"Darvish, Yu","506433","2024",69.4,19.2,30.7,41.7,58.3,46.6,74.8,8.5,"1261",80.1,53.4,43.2,25.6,51.5
"Alexander Jr., Scott","518397","2024",69.3,7,31.1,45.2,54.8,52.8,75.7,6.5,"566",93,47.2,41.7,19.8,49.1
"Brasier, Ryan","518489","2024",73.3,15.6,34.8,40.4,59.6,43.9,81.3,8.6,"374",84.4,56.1,46.8,22.3,56.4
"Cruz, Fernando","518585","2024",67.4,23.5,29.9,65.2,34.2,55,77.8,7.1,"1138",75.7,45,39.7,38.2,46.7
"Diekman, Jake","518617","2024",61.2,23.5,25,40.2,58.5,52.3,56,8,"627",76,47.7,40.8,28.7,42.3
"Kelly, Merrill","518876","2024",68.1,12.9,30.5,37.8,62.2,53.1,79.5,6.4,"1142",86.3,46.9,47.7,21.3,48.2
"Kimbrel, Craig","518886","2024",64.3,21.3,22.3,57.8,42.2,50.8,82.9,7.3,"963",78.7,49.2,41.5,30.9,43
"McFarland, T.J.","519008","2024",59.7,10.9,31.6,35.9,63.3,48.4,66.1,7,"836",86.4,51.6,45.8,19.2,46.2
"Moore, Matt","519043","2024",72.2,23,27.5,35.5,63.7,52.8,79.3,6.8,"854",76.6,47.2,43.4,26.7,48.6
"Pressly, Ryan","519151","2024",69.2,15,31.5,52.9,47.1,50.2,73.2,8.5,"969",84.1,49.8,42.3,26.9,50.3
"Sale, Chris","519242","2024",63.9,21.7,33.5,49.4,50.6,49.2,65.4,7.3,"2815",78.1,50.8,42.9,31,49
"Smith, Will","519293","2024",65.3,16.5,27.9,41.3,58.7,49,66.7,7.6,"673",83,51,40.3,23.7,47
"Strickland, Hunter","519326","2024",66.7,17.1,27.9,36,64,50.7,76.3,8,"1157",82.9,49.3,44.2,22.8,47
"Kelly, Joe","523260","2024",68.3,15.3,23.7,43.1,55.4,49.6,73.1,9.4,"552",84.7,50.4,40.6,22.4,46.2
"Pérez, Martín","527048","2024",64.7,13.7,28,37.1,62.2,51,71,6.3,"2204",85.8,49,47.4,21,46
"Ramírez, Erasmo","541640","2024",67.9,20.9,22.1,32.3,67.7,46.4,73.9,7.6,"302",79.1,53.6,48,23.4,46.7
"Anderson, Tyler","542881","2024",71.5,20.8,29.5,43.1,56.3,52.8,78.8,6.6,"2914",78.8,47.2,45.1,27.8,49.3
"Armstrong, Shawn","542888","2024",68.7,19.1,29.6,33.3,66.7,45.6,76.6,9.6,"1109",80.9,54.4,42,22.9,50.9
"Cole, Gerrit","543037","2024",68.5,17.8,27.3,43.2,56.8,49.2,72.6,8.1,"1534",81.7,50.8,43.2,24.8,48.3
"Coulombe, Danny","543056","2024",62.1,14.9,28,43.3,56.7,51.3,68.4,8.2,"466",85.1,48.7,42.1,24,44.6
"Eovaldi, Nathan","543135","2024",70.3,19.4,32.2,44.5,55.2,47.6,74.6,6.8,"2622",80.4,52.4,44,26.8,52.2
"Gray, Sonny","543243","2024",65.9,17.7,30.7,56.7,43,49,75.7,8.3,"2483",81.9,51,42.4,29.8,48.7
"Hendricks, Kyle","543294","2024",64.4,13.4,29.6,29.6,70.1,52.4,77.8,5.5,"2135",86.3,47.6,46.9,18.9,46.2
"Hudson, Daniel","543339","2024",77.5,24.3,24.9,55.9,44.1,51.2,83.1,6.5,"999",75.7,48.8,40.8,32.3,50.6
"Jackson, Jay","543351","2024",71.1,21.8,25.8,36.8,61.4,48.8,86.7,9.9,"453",78.2,51.2,40,25.7,49
"McGough, Scott","543518","2024",71.8,19.1,25.4,43.8,56.2,49.7,78.6,7.3,"577",79.9,50.3,45.7,25.5,48.9
"Tonkin, Michael","543859","2024",65.5,17.1,31.2,35.9,63.7,53.5,66,7.5,"1419",81.8,46.5,39.3,23.7,47.2
"Suárez, Albert","544150","2024",76.1,19.2,28,37.4,62.3,53.4,82.6,6.2,"2234",80.8,46.6,43.4,24.6,50.4
"Poteet, Cody","547001","2024",65.3,11.3,21.6,28.6,71.4,50.5,94.7,4.9,"384",88.7,49.5,44,15.7,43.2
"Lorenzen, Michael","547179","2024",67.7,16.8,23.9,38.2,61.1,52.4,75.8,7.7,"2092",83.2,47.6,41.5,22.8,44.7
"Kelly, Michael","547184","2024",65,14.1,29.6,41.2,57.4,48.9,71.1,8.1,"470",85.3,51.1,42.6,22.3,47.7
"Chapman, Aroldis","547973","2024",62.1,23.7,26.4,53.1,46.3,49.3,72.3,7.4,"1128",76.3,50.7,41.5,32.3,44.5
"Stripling, Ross","548389","2024",65.6,12.6,29.2,27.1,72.9,48.5,75.2,7.4,"1358",86.9,51.5,46.5,16.9,47.9
"Kittredge, Andrew","552640","2024",67.9,15.6,38.9,49.5,50,49.5,70.7,7.3,"1029",83.9,50.5,42.8,27.8,53.5
"García, Yimi","554340","2024",68.6,20.8,33.8,45.7,53.3,50.2,74,8.1,"619",78.8,49.8,43.7,29,51.2
"Wheeler, Zack","554430","2024",69.1,21.4,33.8,39.7,60.1,50.6,80.6,7.1,"3134",78.3,49.4,43.7,27.5,51.2
"Ureña, José","570632","2024",71,16.4,26.4,38.6,61,53.6,78.4,7.1,"1760",83.4,46.4,43.2,23.1,47
"Boyd, Matthew","571510","2024",70.4,20.6,28.7,50.5,49.5,51.6,81.6,5.7,"669",78.9,48.4,45.9,29.7,48.9
"Corbin, Patrick","571578","2024",69.1,12.6,29.8,42.5,57.5,53.1,78.5,6.8,"2888",87.1,46.9,44.7,22.4,48.2
"Farmer, Buck","571656","2024",64.2,17.4,29.3,43.3,56.7,52.5,68,8.5,"1170",81.8,47.5,41.7,26.1,45.9
"Floro, Dylan","571670","2024",60,11,22.9,39.3,60.7,48.1,71.1,8.2,"1018",88.3,51.9,45,18.4,42.1
"Heaney, Andrew","571760","2024",70.1,17.9,30.5,45.8,54,50,77.9,7.1,"2731",81.7,50,43.2,26.3,50.3
"Law, Derek","571882","2024",67.8,16,34,50.8,49.2,52.9,75.5,6.9,"1368",83.5,47.1,44.3,28.6,49.9
"Matz, Steven","571927","2024",68.1,14.9,25.2,28.4,71.6,46.3,79.3,7.7,"754",85.1,53.7,43,18.1,48.3
"Mikolas, Miles","571945","2024",66.5,12.5,27.9,28.7,70.9,43.3,77.7,9.1,"2705",87.5,56.7,45.3,16.4,49.8
"Miller, Shelby","571946","2024",69,17.6,26.9,43.9,55.1,46.8,74.7,10.2,"850",82.1,53.2,41.4,24.3,49.3
"Milner, Hoby","571948","2024",59,16.4,26.4,26.3,72.2,48.3,66.1,5.9,"1043",83,51.7,49,19.3,43.2
"Paxton, James","572020","2024",69.3,12.5,25.8,43.3,56.3,50.8,75.7,6.5,"1708",87.3,49.2,41.8,21.1,47.2
"Smith, Burch","572143","2024",72.5,16.1,26.9,34.8,64.3,46.4,83.7,9.6,"896",83.3,53.6,42.5,20.7,51.3
"Johnson, Pierce","572955","2024",61,18.8,27.5,50.8,49.2,47.6,75.6,9,"916",80.9,52.4,40.9,28.1,45.1
"Keuchel, Dallas","572971","2024",62.8,10.5,19.8,40.5,59.5,60.7,63.6,3.6,"308",89.5,39.3,42.9,20.4,36.7
"Mantiply, Joe","573009","2024",69,19.9,38.5,39.5,60.5,53.1,78.3,5.3,"867",79.4,46.9,41.6,27.5,52.8
"Rogers, Taylor","573124","2024",61.2,17.3,21.2,43,57,46.7,68.1,10.7,"1082",82.2,53.3,40,23.3,42.5
"Stroman, Marcus","573186","2024",66.4,11.2,26.5,38.5,61.5,56.3,77.8,5.9,"2667",88.7,43.7,40.1,20.4,43.9
"Thielbar, Caleb","573204","2024",68.7,21,26.7,34.8,65.2,48.5,77.1,9.4,"887",78,51.5,41.7,24.7,48.4
"Kikuchi, Yusei","579328","2024",67.8,21.2,27.9,49.2,50.3,48.5,80,8.4,"2923",78.4,51.5,41.4,29,48.4
"Adam, Jason","592094","2024",70.7,26.4,33,60.1,39.9,54.1,77.4,7.6,"1109",73.6,45.9,39.9,38.4,50.3
"Booser, Cam","592155","2024",70.6,22,34.3,43.6,56.4,49.1,89.8,7.1,"695",76.8,50.9,44.7,28.9,52.8
"Emanuel, Kent","592288","2024",61.5,10.4,18.5,18.5,77.8,48.3,80.6,10.3,"302",89.6,51.7,37.1,12.2,40.7
"Gausman, Kevin","592332","2024",71.1,15.9,29.8,39.1,60,51.5,79.8,7.1,"2958",83.5,48.5,43.4,23.4,49.9
"Gray, Jon","592351","2024",70.6,14.6,29.7,48.9,51.1,46.6,84,8.1,"1620",85.1,53.4,43.4,23.8,51.6
"Jackson, Luke","592426","2024",65.7,16.9,30.9,52.9,47.1,53.9,76.8,6.1,"917",82.4,46.1,43.2,29.7,47
"Kahnle, Tommy","592454","2024",69.1,23,31.2,58.3,41.7,56.4,70.8,6.4,"750",77,43.6,42.7,36,47.7
"Ray, Robbie","592662","2024",72.9,22.6,29.4,63,37,55.1,74.2,5.5,"568",76.3,44.9,40.7,36,48.9
"Smyly, Drew","592767","2024",68.8,15.3,27.7,49.3,50,50.4,81.2,8.4,"1016",84.4,49.6,41,25.2,48.1
"Stanek, Ryne","592773","2024",72.6,27.3,32,45.7,54.3,51.9,79.7,6.6,"977",72.4,48.1,42.9,33.2,51.5
"Taillon, Jameson","592791","2024",65.6,12.1,27.8,39.9,59.7,46,78.4,9.1,"2483",87.6,54,43.8,19.5,48.2
"Walker, Taijuan","592836","2024",64.1,10.3,25.1,32.4,67,51.3,73.1,7.2,"1435",89.1,48.7,41,16.7,44.1
"Williams, Trevor","592866","2024",68,16.4,28.4,35.2,64.2,53.7,79.7,7,"1064",82.4,46.3,47.3,22.5,46.7
"Germán, Domingo","593334","2024",70.6,11.2,29.1,40.4,57.9,52.5,74.2,8.3,"373",88,47.5,41,20.3,48.8
"Montas, Frankie","593423","2024",70.6,17.7,27.7,42.5,57.5,51.1,83,7.6,"2633",81.6,48.9,42,24.9,48.7
"Neris, Héctor","593576","2024",73.6,17.8,31,42.8,56.6,53.1,81.1,7.3,"1008",82.2,46.9,44.1,25.9,51
"Rodriguez, Eduardo","593958","2024",65.3,20.5,28.7,26.4,72.9,51.8,87.8,5.7,"866",79.5,48.2,46.7,22.4,46.4
"Peralta, Wandy","593974","2024",68.9,9,34,33.9,63.6,58.1,80,5.7,"613",89.3,41.9,40.9,19.1,48.6
"Moll, Sam","594580","2024",63.8,19.2,25.5,42.3,57.7,49,66.7,7.7,"624",79.8,51,42.5,25.6,45
"Gonzales, Marco","594835","2024",70.4,11.6,33,30.8,69.2,50.5,69,7.7,"546",88.4,49.5,46.2,17.8,51.5
"Lively, Ben","594902","2024",68.4,13,24.3,34.5,65.2,49.6,83.5,7.1,"2406",86.3,50.4,44.1,18.6,46.6
"Treinen, Blake","595014","2024",61.4,14.7,35.2,50.4,49.6,50.5,69.6,7.6,"737",84.4,49.5,42.7,27.9,48.2
"Okert, Steven","595345","2024",66.7,17.5,22.8,42.6,57.4,48.4,75.6,6.7,"616",82.1,51.6,41.9,23.6,45.5
"Junis, Jakob","596001","2024",62.7,19.5,28,39.8,59.3,42.8,70.5,9.3,"943",79.6,57.2,41.3,24.6,47.8
"Weaver, Luke","596133","2024",72.7,28.2,31.9,42.9,56.3,56.3,89.3,6.1,"1374",70.6,43.7,44,33.5,49.7
"Gomber, Austin","596295","2024",68.7,14.6,25.9,35.3,64.7,47.6,73.7,8.1,"2622",85,52.4,46.3,19.9,48.3
"Leclerc, José","600917","2024",69.2,27.2,29.8,52.3,47.2,55.5,82.8,7.2,"1204",71.4,44.5,38,36,47.3
"Vieira, Thyago","600986","2024",62.2,17.5,23.5,44.7,55.3,49.1,77.3,6,"737",82.1,50.9,43.2,24.8,43.3
"Pivetta, Nick","601713","2024",69,15.4,30,50.9,49.1,48,74.4,7.5,"2387",84.2,52,41.7,25.6,50.3
"Anderson, Justin","605121","2024",67.8,18,31.2,50,50,55.7,77,6.5,"945",82,44.3,41.3,29.7,47.4
"Barlow, Scott","605130","2024",64.5,19.4,27,57.4,41.4,58.6,69.8,5.2,"1022",80.2,41.4,40.1,33.6,42.6
"Bassitt, Chris","605135","2024",65.4,17,24.6,34.2,65.6,49.9,75.8,8,"2959",82.7,50.1,42.3,21.7,45
"Brebbia, John","605154","2024",68.7,20.1,32,36.4,63.6,51.9,81.5,6.5,"994",79.9,48.1,43,25.5,49.7
"Brewer, Colten","605155","2024",65,16.7,22.9,55.8,41.9,48.1,77.8,9.2,"391",82.6,51.9,36.3,26.3,44.8
"Brooks, Aaron","605156","2024",71.9,9.2,29,45,55,51.4,84,6.2,"403",89.4,48.6,43.9,19.9,49.9
"Chafin, Andrew","605177","2024",66.5,15.5,35.1,54.1,45.9,64.8,69.4,3.7,"967",83.6,35.2,40.2,34.5,46.1
"Clevinger, Mike","605182","2024",64.7,25.3,29.3,29.5,70.5,49.5,73.3,5,"303",74.7,50.5,43.9,26.6,47.2
"Holmes, Clay","605280","2024",62.6,20.2,27.6,52.3,47,50.5,72,6.9,"1085",79.8,49.5,42.5,30.2,44.9
"Houser, Adrian","605288","2024",66.1,11.7,22.3,38.2,61.8,48.8,76.2,7.4,"1131",88,51.2,47.9,18.2,44.7
"López, Jorge","605347","2024",59.9,15,24.6,45.2,53.8,47.1,75.8,8.2,"802",84.3,52.9,43.9,23.1,43.3
"Musgrove, Joe","605397","2024",66.2,19.8,27,50.7,49.3,48,73.6,8.2,"1582",80,52,40.1,28.3,47.4
"Nola, Aaron","605400","2024",66.7,15.9,32.1,42.6,57.2,52.4,74.3,6,"3189",83.3,47.6,45,25.2,48.6
"Ross, Joe","605452","2024",68.8,18.1,27.5,52.3,47.7,47,75.3,7.4,"1197",81.4,53,43.9,27.1,49.4
"Scott, Tayler","605463","2024",64.7,22.1,27.6,43.7,55.7,55.2,70.9,6.6,"1203",77.9,44.8,43.4,29.5,44.2
"Snell, Blake","605483","2024",65.3,24.2,31.6,58.6,41.1,57.2,62.1,5.4,"1773",74.5,42.8,43.4,37.7,46
"Springs, Jeffrey","605488","2024",70.7,19.5,31.3,48,52,56.5,75,5.7,"565",79.9,43.5,41.1,29.9,48.5
"Turnbull, Spencer","605513","2024",62.9,15.2,25.4,46.8,53.2,54.1,70.3,7,"916",84.8,45.9,41.3,25.4,42.6
"Gallegos, Giovanny","606149","2024",69.7,13.2,26.9,56.9,43.1,53.9,77.8,6.7,"401",86.8,46.1,39.2,26.7,46.6
"Montero, Rafael","606160","2024",70.1,12.4,26.8,28.3,71.7,57.8,81.8,4.8,"683",87.6,42.2,45.4,17.9,45.1
"Payamps, Joel","606303","2024",67,22.4,28.8,38.3,61.7,49.5,72.1,7.6,"899",77,50.5,41.6,27.1,48.1
"Barnes, Jacob","606930","2024",72.1,16.5,29.3,43.4,56.6,53.4,76.3,8.7,"1117",83.2,46.6,40,25.1,49.2
"Devenski, Chris","606965","2024",67.1,15.6,25.7,53.4,46.6,53.3,73.3,5.6,"533",84.4,46.7,40,27.1,45
"Rea, Colin","607067","2024",67.7,15.3,24.5,30.9,68.8,48.4,83.5,8,"2650",84.7,51.6,43.2,19.3,46.8
"Rodón, Carlos","607074","2024",70.7,20,30.7,50.5,49.5,53.3,82,7,"3102",79.7,46.7,41.4,30.1,49.4
"Weems, Jordan","607179","2024",71.6,14.6,25.6,37,63,49.1,82.1,9.1,"733",84.6,50.9,39.8,20.3,49
"Glasnow, Tyler","607192","2024",66.7,19.7,27.3,62.6,37.4,46.3,83.9,8.4,"2011",80.1,53.7,40.5,30.9,48.4
"Fedde, Erick","607200","2024",68.4,15.3,24.4,37.9,61.6,52,82,6.7,"2891",84.3,48,44.2,21.6,45.5
"Martinez, Nick","607259","2024",67.4,16.2,33.9,37.7,61.7,48.6,73.6,6.8,"2125",83.6,51.4,44.8,23.1,51.1
"Banda, Anthony","607455","2024",72.2,17.9,31.4,58.8,41.2,49,73.6,6.8,"774",81.4,51,41.9,30,52.2
"Bummer, Aaron","607481","2024",58.6,19.4,28.7,40.4,58.9,52.2,64.7,7,"974",80.6,47.8,45,26.7,43
"Freeland, Kyle","607536","2024",70.6,9.8,28.9,35.3,64.7,49.3,84.1,7.1,"1769",89.7,50.7,44.5,17.1,50
"Lugo, Seth","607625","2024",65.1,13.9,27.9,42.7,56.8,49.6,75.4,7.2,"3112",85.4,50.4,42.2,22.5,46.7
"Means, John","607644","2024",70.1,22.7,28.2,34.8,65.2,50.9,72.2,5.6,"320",75.5,49.1,42.8,26.3,48.8
"Estévez, Carlos","608032","2024",72.3,22.3,24.4,39.3,60.7,41.9,84.5,10.2,"821",77.4,58.1,43.5,25.6,52.3
"Fried, Max","608331","2024",63.8,15.7,28.9,41.8,57.7,51.2,74.6,7,"2762",83.9,48.8,43.5,24.1,45.9
"Fulmer, Carson","608334","2024",64.9,15.3,30.3,45.2,53.6,53.6,78.9,6.5,"1472",84.2,46.4,43.6,25.8,46.3
"Irvin, Cole","608344","2024",66.4,12.8,25.5,30.7,68.3,44.2,79.1,8.7,"1767",86.9,55.8,42.7,17,48.3
"Sims, Lucas","608371","2024",65.7,16.4,30,43.4,55.9,53.9,77.3,7.5,"885",83.6,46.1,38.9,25.8,46.4
"Wacha, Michael","608379","2024",68.5,17.3,27.8,38.5,61,49.2,77.3,8.3,"2602",81.7,50.8,44.6,23.3,48.5
"Chargois, JT","608638","2024",67.9,14.8,25.7,47.8,52.2,49.3,91.1,8.5,"529",85.2,50.7,41.6,23.7,47.1
"Leone, Dominic","608678","2024",67.6,24,31,59.1,40.9,59,63.6,6.1,"361",76,41,42.1,38,46
"Stratton, Chris","608717","2024",63.3,14.7,24.4,34.6,65.4,52.4,72.4,5.8,"995",85.3,47.6,43,20.6,42.9
"Suter, Brent","608718","2024",71.1,12.2,28.9,39.6,60.4,50.5,82.8,8.5,"1022",86.9,49.5,42,20.2,49.8
"Voth, Austin","608723","2024",69.1,18.5,31.4,55,45,55.2,77.3,6.8,"974",81.5,44.8,40.3,31.6,48.4
"Adams, Austin","613534","2024",61.9,25.6,23.4,58,42,53,78.3,8.6,"805",74.4,47,39.5,35.3,41.5
"Ruiz, José","614179","2024",70.8,16.9,32.3,49.3,50.7,52,72.6,7.4,"835",83.1,48,40.6,27.6,50.8
"Quantrill, Cal","615698","2024",69.7,16.7,24.1,34.4,64.7,52.5,78.7,6.6,"2643",83.1,47.5,43.1,21.6,45.7
"Cuas, Jose","621016","2024",68.8,23.7,24.7,38.6,61.4,55.8,76,7.8,"319",76.3,44.2,38.6,28.4,44.2
"Wilson, Steven","621051","2024",69.4,20.2,22.7,38.6,61.4,49.6,73.5,7.9,"623",79.8,50.4,39.3,24.7,46.2
"Ferguson, Tyler","621053","2024",65.5,22.4,28.5,37.8,62.2,47.6,74.2,7.6,"819",77.6,52.4,42.4,26.8,47.9
"Eflin, Zach","621107","2024",65.6,14.4,32.6,37.7,62.3,47.3,77.3,7.4,"2447",85.2,52.7,46,21.6,50
"Buehler, Walker","621111","2024",65.6,12.3,24.5,39.1,60.9,49.1,76,7.2,"1336",87,50.9,43.9,19.4,45.4
"Blackburn, Paul","621112","2024",70.8,15.8,27.7,40.8,59.2,53.4,77.3,6.2,"1212",84,46.6,44.1,23.5,47.8
"Burr, Ryan","621114","2024",71.1,14.3,33.8,62.3,37.7,55.1,68.9,7.9,"570",85.7,44.9,40.4,31.9,50.5
"Bowman, Matt","621199","2024",66.5,12.6,21.7,35.7,64.3,51.9,85.3,6.8,"497",87.4,48.1,44.3,18.6,43.3
"Alvarado, José","621237","2024",67.3,18.7,27.8,49.7,49.7,52.4,80,7.6,"1052",80.7,47.6,43.6,28.4,46.6
"Díaz, Edwin","621242","2024",68.4,28.6,30.7,57.9,42.1,51.8,85,6.6,"912",71.4,48.2,39.8,38.1,48.9
"Berríos, José","621244","2024",64.5,13.3,29.5,37.8,62,50.8,72.9,7.3,"2914",86.6,49.2,46.1,21.1,46.7
"Minter, A.J.","621345","2024",72.6,18.9,31.3,51.9,48.1,48.3,83.8,7.1,"522",80.1,51.7,45.6,28.4,52.7
"Poche, Colin","621363","2024",71.5,17.3,25.4,40,60,50.8,80.5,7.6,"543",82.2,49.2,39.8,23.4,48.1
"Strahm, Matt","621381","2024",70,22,32,39.3,60,44.5,79.7,8.1,"981",77.7,55.5,46.3,26.7,53.1
"Banks, Tanner","621383","2024",69.4,18.8,26.8,45.2,54.1,49.8,76.1,9.3,"1174",80,50.2,41.4,26.1,48.2
"Blach, Ty","621389","2024",69.2,10.5,29.3,25.8,74.2,47.8,77.6,9.4,"1133",89,52.2,41.6,14.8,50.1
"Wood, Alex","622072","2024",64.4,15.9,19.5,37,63,49.5,75.4,8.6,"756",83.7,50.5,42.9,20.7,42.2
"Smith, Drew","622098","2024",75.4,24.6,29.8,47.9,52.1,49.1,86.4,6.7,"328",74.6,50.9,42.1,31,53
"Staumont, Josh","622251","2024",64,12.5,25.9,56.1,42.1,52.4,75,6.7,"420",86.7,47.6,41,25.9,44
"Tate, Dillon","622253","2024",63.4,10.7,28.1,38.6,60.2,50,62.7,8.6,"590",89.3,50,36.6,19.3,45.8
"Castillo, Luis","622491","2024",71.2,17.9,31,43.5,56.1,51.2,78.3,7.7,"2859",82.1,48.8,45.5,25.9,50.6
"Domínguez, Seranthony","622554","2024",68.7,17,26.1,51.1,48.2,50.1,83.5,8.6,"1064",83,49.9,39.3,26.4,47.4
"Severino, Luis","622663","2024",70.6,15.7,29.7,37.7,62.3,49.1,83.6,7.6,"2890",84,50.9,43.8,22,50.6
"Tinoco, Jesus","622786","2024",68.5,22.3,28.4,36.7,63.3,49.2,68.4,5.9,"644",77.7,50.8,43.3,26.4,48.8
"Sewald, Paul","623149","2024",72,20.4,25.7,40.3,58.2,41.5,79.4,10.8,"629",79.6,58.5,42.8,24.4,52.8
"Flexen, Chris","623167","2024",68.6,15.6,27.7,37.2,62.3,55.1,84.6,5.3,"2797",84.2,44.9,42.7,22.7,46
"Brazobán, Huascar","623211","2024",68.6,20.1,31.9,47.8,51.6,54.7,76.7,6.7,"899",79.9,45.3,42.6,30,48.5
"Hader, Josh","623352","2024",75.7,32.7,33.4,57.9,41.6,50.6,82.3,6.8,"1166",67,49.4,44.1,40.5,54.4
"Anderson, Nick","623433","2024",63.4,19.4,22.7,36.7,63.3,46.1,75,10.5,"573",80.1,53.9,41.2,23.4,44.7
"Phillips, Evan","623465","2024",64.9,17.4,27.9,54.1,45.9,47.8,77,8.1,"917",81.7,52.2,44.4,27.7,47.2
"Suárez, Ranger","624133","2024",66.2,12.9,30.3,39.5,60.5,52.8,75.4,6,"2354",86.4,47.2,44.5,21.9,47.3
"Thompson, Keegan","624522","2024",68.1,17.9,25.4,52.8,47.2,52.8,80.6,5.8,"538",82.1,47.2,40.1,28.2,45.5
"González, Victor","624647","2024",65.3,11.5,24.9,32.1,66,55.2,74.2,8,"386",88.5,44.8,39.1,18.1,43
"López, Reynaldo","625643","2024",66.9,17.8,30.5,48.8,51.2,49.6,79.8,8,"2110",82.2,50.4,43.3,27.5,49
"Maeda, Kenta","628317","2024",66.6,13.3,30.9,43.3,56.4,54.3,71.9,7.5,"1958",86.2,45.7,41.5,23.9,47.2
"Iglesias, Raisel","628452","2024",68.5,23.5,37.1,45.5,53.4,51.7,73.8,7,"928",75.9,48.3,45.4,31.5,52.3
"Marte, Yunior","628708","2024",63.5,14.4,27.8,39.7,60.3,54.6,76.5,7.1,"482",84.9,45.4,45.6,23.1,44
"Chirinos, Yonny","630023","2024",65.5,15,27.1,35.3,64.7,48.7,66.7,8.7,"515",85,51.3,46.4,20.7,46.8
"Finnegan, Kyle","640448","2024",72.4,18.2,27.2,40.3,58.1,42.7,87.1,8,"1067",81.1,57.3,43.8,23.1,53.2
"Harvey, Hunter","640451","2024",68.9,22.8,31.2,37.9,62.1,46.7,76.8,9.1,"906",77.2,53.3,43.8,27.1,51.3
"Manaea, Sean","640455","2024",68.6,19,28.6,43.9,55.6,48.9,81.9,8.1,"2996",80.4,51.1,44.4,26.1,49
"Puk, A.J.","640462","2024",64.2,24.1,32.1,49.7,50.3,46.5,70.2,8,"1173",75.2,53.5,44.3,31.8,49.3
"Alzolay, Adbert","640470","2024",67.3,14.9,29.1,38.5,55.8,54.4,85,6.1,"329",84.2,45.6,46.2,22.9,46.5
"López, Pablo","641154","2024",70.7,19.2,33,43.7,55.1,50,77.3,7.5,"2986",80.7,50,43.3,27,51.8
"Alexander, Tyler","641302","2024",67,16.7,30.8,28.5,70.2,47.1,72.1,7.3,"1668",82.6,52.9,45.1,20.1,50
"Anderson, Shaun","641312","2024",69.3,7.5,20.9,47.4,52.6,37.3,90,12.3,"244",92.5,62.7,40.6,13.6,51.2
"Baker, Bryan","641329","2024",70.5,19.9,24.9,36.4,61.4,47.8,84.8,8.9,"370",76.5,52.2,42.4,23.9,48.6
"Cortes Jr., Nestor","641482","2024",72.9,20.1,27.4,35.5,64.2,49.4,84.4,7,"2849",79.4,50.6,44.3,24.2,50.4
"Dunning, Dane","641540","2024",66,17.1,25,41.2,58.3,50,80.9,6.5,"1689",82.9,50,43.4,23.7,45.5
"France, J.P.","641585","2024",66.3,22.1,23,33.3,66.7,56,76.7,6.4,"466",77.9,44,45.3,25.5,42.1
"Hamilton, Ian","641656","2024",66.4,22.7,35.4,60.5,39.5,51.9,68.6,5.6,"619",77.3,48.1,43.2,36.5,50.4
"Honeywell Jr., Brent","641703","2024",67.7,10.8,22.3,30.2,68.3,47.4,70.8,8.1,"595",89.2,52.6,42.7,15.3,46.2
"Hudson, Dakota","641712","2024",63.9,11.7,21.2,38.4,61.6,51.1,74.5,6.8,"1512",87.7,48.9,42.3,18.6,42.1
"Jiménez, Joe","641729","2024",68.7,20.3,32.6,61.8,38.2,47.8,74.4,7.2,"1089",79.5,52.2,43.8,32.9,51.4
"Keller, Brad","641745","2024",67,13.6,27,37.7,62.3,52.7,78,6.7,"743",86,47.3,43.7,21.1,46
"Kinley, Tyler","641755","2024",71.2,20.8,31.3,57.6,41.4,53.3,81.1,7.6,"1185",77.9,46.7,41.2,33.1,50
"Kuhl, Chad","641771","2024",67.6,18.7,21.4,48.7,50.4,54.9,82.1,5.7,"980",80.6,45.1,40.3,27.1,42.2
"Littell, Zack","641793","2024",70.6,14.5,31.1,44.7,55,47.4,82.7,7.9,"2486",84.8,52.6,43.5,23.1,51.9
"Mayza, Tim","641835","2024",65.1,10.5,23.6,37.2,62.8,49.8,68.6,7,"731",88.7,50.2,41,17.5,44.5
"Ober, Bailey","641927","2024",71.5,22.9,33.5,41.7,58.3,50.2,77,7.1,"2696",76.9,49.8,44.4,29,52.4
"Pagán, Emilio","641941","2024",72.6,26.4,31.6,37.9,60.9,46.4,83.3,8.1,"593",73.6,53.6,44.5,29.6,53.6
"Saucedo, Tayler","642048","2024",60.4,19,34.5,40.8,59.2,55.6,64.1,6.2,"626",79.8,44.4,41.4,28.1,46
"Speier, Gabe","642100","2024",67,22.1,27.9,50.8,47.5,51.9,76.3,9,"422",77.9,48.1,39.1,31,46.7
"Williams, Devin","642207","2024",69.9,31.4,29.4,56.3,43.8,55.8,66.7,4.6,"391",68.6,44.2,46,40,47.3
"Yarbrough, Ryan","642232","2024",66.4,18.2,27.3,28.4,71.1,48.7,71.7,7.9,"1514",80.8,51.3,42.9,21.1,47.4
"Soto, Gregory","642397","2024",64.9,17.8,30.2,57.7,41.6,51.4,74.4,8.1,"960",81.5,48.6,38.8,31,47.1
"Garabito, Gerson","642520","2024",63.4,12.1,28,38.9,61.1,52.2,81.3,6.5,"492",87.2,47.8,42.7,20.8,44.9
"Hernández, Jonathan","642546","2024",69,18.6,30.8,48.5,51.5,58.1,72.7,5.8,"762",81.4,41.9,39.2,30.1,46.7
"Peralta, Freddy","642547","2024",70.4,22.7,28,47.9,51.3,55.4,76,6.3,"3066",77.1,44.6,42,31.1,46.9
"Ramirez, Emmanuel","642629","2024",66.7,20.2,29,43.1,56.9,53.9,84.6,7,"371",79.8,46.1,36.9,27.9,46.4
"Santana, Dennis","642701","2024",66,17.7,35.2,47.9,52.1,49.8,73.1,8.4,"1106",82,50.2,42,28.2,50.7
"Cimber, Adam","643256","2024",65.2,11.5,21.9,29.8,70.2,51.7,65.6,7.7,"416",88.5,48.3,37.3,16.3,42.8
"Green, Chad","643338","2024",74.3,18.5,30.8,34.9,64.3,49.9,83.6,7.3,"840",81.2,50.1,43,23.3,52.6
"Jax, Griffin","643377","2024",65.8,24.4,38.3,60.8,39.2,49.9,70.9,7.4,"1068",75.6,50.1,41.3,37.8,52.1
"Leiter Jr., Mark","643410","2024",63.6,23.2,34.6,58.6,40.9,57.8,75,5.5,"1015",75.7,42.2,41.8,38.3,46.8
"Rogers, Tyler","643511","2024",70.1,16,27.8,28.3,71.7,40.5,82.7,11,"1002",83,59.5,42.7,18.6,53
"Pop, Zach","647315","2024",71.1,14.6,31.4,35.9,64.1,54.8,70.2,7.7,"744",84.9,45.2,42.1,22.1,49.3
"Soroka, Michael","647336","2024",63.6,15.6,24.9,46,53.4,52.6,76.5,8,"1442",84.4,47.4,41.5,24.8,43.3
"Abreu, Bryan","650556","2024",64.4,21.4,27.7,63.3,36.7,49.9,75.5,7.8,"1300",78.3,50.1,42.8,34,46.2
"King, Michael","650633","2024",60.8,20.9,30.5,45.6,53.8,51,69.8,7,"2895",79.1,49,43.8,29.3,45.4
"Civale, Aaron","650644","2024",64.4,13.3,27.6,40.1,59.4,52.2,76.8,6.2,"2699",86.1,47.8,43.8,21.9,45.2
"Quijada, José","650671","2024",76.4,24.6,24.3,55.8,42.3,56.5,73.9,6.1,"379",73.8,43.5,41.7,33.7,47
"Cabrera, Génesis","650893","2024",71.7,19.1,27.9,42.4,57.6,52.6,87.3,6.9,"1030",80.3,47.4,39.6,26.1,48.6
"Sánchez, Cristopher","650911","2024",66.9,17.1,36.4,37.4,62.4,50.3,77.7,7,"2797",82.2,49.7,43.7,24.3,51.6
"Rodríguez, Manuel","655889","2024",68.2,15.4,28.3,54.1,45.9,49.6,69.7,5.5,"605",84.1,50.4,41.3,26.6,48.4
"Beeks, Jalen","656222","2024",73.5,14.6,24,46.4,53.6,53,85.1,6.2,"1186",84.4,47,41.1,23.2,47.3
"Bielak, Brandon","656232","2024",72,12,23.7,30.3,69.7,54.5,81.3,6.3,"510",88,45.5,41.2,17.2,45.7
"Bird, Jake","656234","2024",62.6,13.7,26.2,41.8,58.2,50.7,67.2,8.9,"684",85.8,49.3,44.3,22.2,44.2
"Blewett, Scott","656240","2024",73.8,20.3,30.8,38.8,59.2,49.8,88.5,8.2,"319",78.8,50.2,43.6,25.7,52.4
"Burke, Brock","656271","2024",71.8,24.9,28.5,42.5,57.5,44.5,87,8,"575",75.1,55.5,40.7,29.1,52.5
"Canning, Griffin","656288","2024",70.2,14.3,29.2,45.9,53.9,53.3,76,6.4,"2869",85.4,46.7,43,24.5,48.4
"Cease, Dylan","656302","2024",68.5,22.1,30.5,52.4,47,53.5,79,7.6,"3188",77.8,46.5,42.7,32.4,48.2
"Faedo, Alex","656412","2024",70.8,21.1,29.4,50.6,49.4,55.4,80.4,5.1,"1007",78,44.6,43.8,31.1,47.9
"Flaherty, Jack","656427","2024",65,21.1,30.7,51.8,48,54.2,78.7,6.4,"2646",78.8,45.8,44.1,32.1,46.2
"Ginkel, Kevin","656464","2024",68.3,18.1,31.9,47.2,52.3,52.1,75.3,6.5,"1184",81.4,47.9,42.7,27.9,49.3
"Hentges, Sam","656529","2024",65.6,17.8,29.2,56,44,48.7,76.9,7.4,"351",82.2,51.3,44.7,29.2,47.9
"Hoffman, Jeff","656546","2024",68.9,22.3,34.6,61.3,38.7,50,74.3,7.4,"1001",77.4,50,39.4,35.3,51.7
"Holmes, Grant","656550","2024",73.2,18,35.1,61.9,37.6,50.4,86.8,7.4,"1024",81.5,49.6,41.5,32.4,54
"Houck, Tanner","656557","2024",62.7,14.1,31.2,39.6,59.9,50.3,61.1,6.8,"2735",85.7,49.7,44.5,22.6,46.8
"Keller, Mitch","656605","2024",64.8,14.4,28.3,39.7,60,47.1,76.3,8.1,"2851",85.4,52.9,45.5,21.5,47.6
"Kopech, Michael","656629","2024",64.4,25.7,28.8,49.4,50.6,49.2,68.1,8.2,"1143",74.1,50.8,42.5,32.8,46.9
"Lange, Alex","656638","2024",63.5,12.9,28,67.2,32.8,57.8,80.6,8.2,"377",87.1,42.2,30.2,33.3,43
"Latz, Jacob","656641","2024",68.4,20.2,29.7,43.9,56.1,54.5,76.6,5.8,"813",79.8,45.5,40.5,28.3,47.4
"Megill, Trevor","656730","2024",70.1,15,32.8,64.4,35.6,47.5,69,8.7,"668",84.6,52.5,41,29.7,52.4
"Megill, Tylor","656731","2024",68.9,19.7,30.2,47.6,52.4,51.4,83.2,8.3,"1365",79.6,48.6,41.1,28.6,49
"Montgomery, Jordan","656756","2024",70.3,17.7,33.2,42.1,57.9,55.9,83.7,7.6,"1929",80.9,44.1,41.5,26.9,49.6
"Petersen, Michael","656848","2024",73.9,15,30.1,30.9,69.1,50.4,86.1,9.9,"363",85,49.6,41.3,19.7,51.8
"Peterson, David","656849","2024",68,16.7,28.8,45.3,53.2,51.5,65.1,6.7,"1871",83,48.5,43.6,25.6,47.8
"Rasmussen, Drew","656876","2024",61.8,19.7,33,54.8,45.2,48.1,64.7,7.4,"459",80.3,51.9,42.3,31.4,47.9
"Reid-Foley, Sean","656887","2024",69.2,23.4,21,47.6,52.4,51.9,79.3,7.5,"385",76.6,48.1,37.9,29.4,44.2
"Ryan, Ryder","656924","2024",71,14.4,32.7,44.4,55.6,48.4,71.9,9.4,"340",84.8,51.6,42.8,23.5,52.6
"Scott, Tanner","656945","2024",70,25.1,31.9,50.8,49.2,47.6,81.1,7.7,"1163",74.4,52.4,43.3,32.7,51.8
"Steele, Justin","657006","2024",68.2,17.3,29.2,43.9,54.5,42.7,78.9,10.7,"2046",82.4,57.3,44.2,23.7,51.5
"Swanson, Erik","657024","2024",73.6,15.8,29.2,41.2,58.8,52.3,92.1,5.7,"667",83.8,47.7,45.7,23.5,50.4
"Thompson, Ryan","657044","2024",65.1,15.2,33.5,39,61,48.5,73.5,7,"977",84.1,51.5,44.2,23,49.8
"Toussaint, Touki","657053","2024",60.6,17.5,28.7,41.7,56,59.7,85.2,5.5,"491",82.5,40.3,40.1,27.5,41.5
"Webb, Jacob","657097","2024",68.5,22.2,29,40.8,58.5,48,89.6,7.2,"934",77.5,52,44.2,27.4,49.6
"Webb, Logan","657277","2024",60.9,11.9,33,35.7,64,52.6,77.6,6.8,"3201",87.6,47.4,44.8,20.8,46.2
"Schmidt, Clarke","657376","2024",63.1,22.1,27.2,44.7,55.3,52.7,74,6.9,"1454",77.6,47.3,40.4,29.4,44.2
"Baumann, Mike","657508","2024",69.9,16.2,27,46.2,53.8,49.6,83.3,8.4,"1067",83.8,50.4,41.4,24.5,48.6
"Bernardino, Brennan","657514","2024",62.6,18.1,23.5,33.7,66.3,45.6,69.1,9.4,"860",81.6,54.4,38.7,21.8,44.8
"Ferguson, Caleb","657571","2024",65.5,17.2,29.4,46.8,53.2,51,80.6,7.1,"940",82.5,49,44,26.6,47.1
"Garrett, Reed","657585","2024",64.1,24,32.8,56.7,43.3,58.2,71.7,5.4,"980",75.7,41.8,39.7,37.6,45.9
"Hill, Tim","657612","2024",66.3,8.6,30.3,25,73.4,43,73.6,9.3,"982",90.3,57,46.3,12.8,50.8
"Koenig, Jared","657649","2024",63.5,17.4,27.1,37.2,62.8,44,74,9.4,"1017",81.5,56,42.5,22.4,47.5
"Ryan, Joe","657746","2024",68,21.4,30.1,40.7,59.3,45,78.1,8,"2106",78,55,45.7,26.6,50.9
"Avila, Pedro","658648","2024",67.6,16.3,27.7,43.8,56.2,53.3,82.6,6.1,"1419",83.7,46.7,42.1,25,46.4
"Paredes, Enoli","660600","2024",65.3,22.9,26.7,39.1,60.9,53.9,67.9,8.8,"319",77.1,46.1,45.8,28.2,44.5
"Suarez, José","660761","2024",68.1,16,28.9,48.4,50.3,56.5,84.5,5.9,"987",82.9,43.5,39.5,27.5,46
"Bazardo, Eduard","660825","2024",61.7,19.7,30,47.1,52.9,51.5,75.9,6.6,"441",80.3,48.5,37.6,29,45.4
"De Los Santos, Enyel","660853","2024",73.9,22.4,26.4,52.6,47.4,45.3,80,8.9,"1127",77.6,54.7,42,29.3,52.4
"Alcala, Jorge","660896","2024",70.3,22.5,26,44.4,55.6,48.3,88.1,7.2,"931",76.9,51.7,43.4,28.1,48.9
"Duran, Jhoan","661395","2024",69,26,28,50.8,49.2,48.7,80.6,7,"881",74,51.3,44.3,32.9,49
"Clase, Emmanuel","661403","2024",72.4,20.1,36.8,43.9,56.1,45.4,88.5,7.9,"983",79.9,54.6,46.9,27.1,56.3
"Martinez, Seth","661527","2024",67,17.4,26,36.3,63.7,51.9,76.1,8,"838",82.6,48.1,41.1,23,45.7
"Gil, Luis","661563","2024",67.7,21.6,25.5,46.5,53.2,52.8,78.1,6.9,"2664",78.2,47.2,42.5,29,45.5
"Muñoz, Andrés","662253","2024",62.7,24.3,33.2,60.5,39.5,58.6,70.6,5.4,"951",75.7,41.4,42,39.8,45.4
"Suarez, Robert","663158","2024",77.4,21.9,30.9,31,69,47,87.5,9,"977",78.1,53,41.9,24.3,55.6
"Waldron, Matt","663362","2024",65,16.3,25,32.9,67.1,49.1,81.9,8.1,"2450",83.2,50.9,43.2,20.8,45.3
"Feltner, Ryan","663372","2024",68,17.6,25.7,42.6,57.4,46.9,80.9,7.7,"2578",81.7,53.1,44.2,23.9,48.1
"Thornton, Trent","663423","2024",68.1,17.6,32.6,48.1,51.4,49.3,82.4,9,"1139",82.4,50.7,42.4,27.3,50.6
"Rainey, Tanner","663432","2024",71.5,18.5,26.7,46.4,53.6,49.9,90.4,7.8,"939",81.5,50.1,40.9,26,49.1
"Martin, Davis","663436","2024",69.2,15.9,29.5,51.1,46.7,52,81,7.1,"892",84.1,48,42.2,27,48.5
"Bubic, Kris","663460","2024",63.3,22.8,35.1,47.3,52.7,45.2,89.5,8.1,"467",77.2,54.8,45.6,30.5,50.5
"Allard, Kolby","663465","2024",68.4,16.9,26.2,35.8,62.3,46.3,78,9.4,"436",82.5,53.7,40.1,21.6,48.9
"McKenzie, Triston","663474","2024",64.3,12.4,22.2,52,48,51.8,79.1,8.4,"1304",87.1,48.2,39.7,23.1,42.5
"Sands, Cole","663485","2024",68.6,19.8,31.7,41.9,58.1,49,85.8,9.2,"1154",80,51,42.1,26.6,50.5
"Allen, Logan","663531","2024",73.2,14,21.8,42.6,57.4,46,78.9,8.1,"470",86,54,41.7,19.7,49.6
"Hudson, Bryan","663542","2024",66.5,13.9,24.7,46.6,53.4,45,75.5,11,"927",85.3,55,42.6,21.5,47.7
"Hjelle, Sean","663546","2024",62.8,12.6,26.6,43.3,56.7,48.8,76.6,7.8,"1209",86.4,51.2,44.3,21.4,45.2
"Mize, Casey","663554","2024",70.9,14.7,27.3,41.7,57.9,49.1,77.6,6.5,"1789",85,50.9,42.9,22,49.5
"Falter, Bailey","663559","2024",67.8,13.7,27.8,36.4,62.5,45.8,75.3,8.5,"2138",85.9,54.2,45.4,19.6,49.5
"Davis, Noah","663562","2024",75.4,12.3,24.2,29.5,70.5,49.9,78.3,12.6,"365",87.7,50.1,41.1,16.5,49.9
"Lambert, Peter","663567","2024",71.3,13.2,24.7,47.7,51.6,50,89.3,8.1,"1039",86.8,50,39.2,22,48
"Kolek, Stephen","663568","2024",67.4,14.8,27.9,39.2,60.8,45.8,63.6,8.3,"797",85.2,54.2,44.5,21.1,49.3
"Santillan, Tony","663574","2024",70.5,23.6,26.6,50,48.4,46.2,78.6,8.3,"504",76.4,53.8,44.6,30,50.2
"Irvin, Jake","663623","2024",67.1,15.6,26.8,41.9,57.6,46.3,73.6,8.6,"3046",84,53.7,43.5,22.3,48.5
"Harris, Hogan","663687","2024",61.6,14.6,23.7,40.9,59.1,45.9,81.2,7,"1213",85.1,54.1,43.8,21.1,44.2
"McArthur, James","663704","2024",64.8,16.4,29.9,54.1,45.9,50,82.1,7.4,"904",83.6,50,40.2,28.3,47.3
"Lynch IV, Daniel","663738","2024",65.9,17.4,26,57.5,42.5,48.8,79.3,9.2,"631",81.7,51.2,38.2,28.3,46.4
"Woodford, Jake","663765","2024",65.7,8.5,22.8,29.6,70.4,50.5,83.8,6,"618",91,49.5,44.5,14,44
"Hoeing, Bryan","663773","2024",61.6,14.9,28.3,40.2,59.8,48.3,72.7,7,"782",84.7,51.7,43.1,22.5,45.5
"Sandoval, Patrick","663776","2024",65.1,18.4,27.1,46.2,53.3,49.8,75.9,7.5,"1444",81.1,50.2,44,26.5,46.2
"Hicks, Jordan","663855","2024",65.4,14.6,25.1,48.2,51.8,52.3,80.3,7.3,"1958",85.1,47.7,42,24.6,44.3
"Pearson, Nate","663878","2024",65.2,18.9,26.4,51.5,47.8,48,70.7,9.3,"1059",81.1,52,41.3,27.8,46.6
"Little, Brendon","663893","2024",67.7,17.1,27.6,55.8,44.2,54.2,71.4,8,"696",82.9,45.8,37.1,29.7,46
"Singer, Brady","663903","2024",64.9,13.7,26.1,51.4,48.4,52.1,79.5,6.6,"2967",86.3,47.9,41.8,25.1,44.7
"Holton, Tyler","663947","2024",63.7,17,33.2,38.3,60.8,51,77.9,5.8,"1339",82.5,49,45.6,24.5,48.2
"Phillips, Tyler","663969","2024",72.1,14.2,33.9,37,62,51,80.4,8.8,"578",85.8,49,41.7,21.7,52.6
"Paddack, Chris","663978","2024",68.1,17.5,30.2,39,60.1,49.4,82.8,6.8,"1460",82.1,50.6,45.5,24,49.4
"Lovelady, Richard","663992","2024",69,17.3,28.1,39.7,60.3,49.2,85,7.6,"528",82.7,50.8,41.3,23.6,48.9
"Cleavinger, Garrett","664076","2024",66.6,20.2,30.1,51.2,48.8,51.5,76.5,7.7,"1056",79.5,48.5,42.4,30.3,47.8
"Fairbanks, Pete","664126","2024",63.3,15,22.7,44.4,55.6,45.5,76.9,7.5,"696",84.6,54.5,46.6,21.8,44.8
"Maton III, Phil","664208","2024",67.1,22.3,29.9,35.5,64,53.4,75.6,8,"1078",77.2,46.6,39.4,26.7,47.2
"Valdez, Framber","664285","2024",61.2,14.4,28.6,54.4,45.6,50.1,70.6,7.2,"2598",85.1,49.9,43.6,27.2,44.9
"Javier, Cristian","664299","2024",66.5,19.1,23.9,43.2,56.8,54.4,60.6,5.8,"570",80.9,45.6,40.7,26.3,43.3
"Sánchez, Sixto","664350","2024",67.1,9.5,22.8,25.8,74.2,46.7,82.2,7.2,"621",90.1,53.3,46.1,13.2,46.4
"Díaz, Alexis","664747","2024",68.7,20,25,43.7,56.3,51.6,76.3,8.2,"977",80,48.4,40.7,26.6,46.2
"Cousins, Jake","664776","2024",56.1,15.2,34.1,60.2,39.8,58.2,56.4,6.1,"644",84.1,41.8,39.9,35.8,43.3
"Young, Danny","664849","2024",54.3,16.6,26.2,52.9,47.1,57,63.8,6.7,"697",82.2,43,38.7,30.7,38.3
"Helsley, Ryan","664854","2024",69.7,24.1,33.5,65.3,34.7,46.2,72.5,8.6,"931",75.4,53.8,41.6,36.1,53
"Lawrence, Justin","664875","2024",64.4,14.9,23.9,41.8,58.2,51.9,76.8,7.6,"1081",85.1,48.1,39.8,22.6,43.4
"Kremer, Dean","665152","2024",65.1,17.1,27.3,38,61.6,50,77.3,6.9,"2171",82.4,50,45.3,23.3,46.2
"Medina, Luis","665622","2024",71.1,10.5,25.8,43,57,50,83.1,9.9,"720",89.1,50,41.9,19.2,48.5
"Peguero, Elvis","665625","2024",63.5,13.1,33.6,51.7,48.3,53.4,71.4,5.9,"829",86.5,46.6,44.1,27.7,47.5
"Cabrera, Edward","665795","2024",65.5,16.1,28.2,51.9,48.1,53.6,72.7,6.3,"1734",83.5,46.4,40.4,28,45.5
"Assad, Javier","665871","2024",62.4,12.6,23.4,31.4,68,51,74.4,7.8,"2538",86.9,49,41.4,17.9,42.5
"Marte, José","665896","2024",67.1,18.4,25.5,47.6,52.4,53.1,84.2,6.1,"311",80.6,46.9,45.3,27.1,45
"Garrett, Braxton","666129","2024",64.4,10,30.7,46.7,52.2,49.8,60.5,7.3,"588",90,50.2,42.3,21.8,47.6
"Ragans, Cole","666142","2024",69.7,24.3,29.8,48.7,51.1,52,82.5,6.8,"3118",75.6,48,43.1,32,48.9
"Lodolo, Nick","666157","2024",62.6,18,30.2,49.1,50.9,50,69.5,7,"1864",81.5,50,43.9,28.1,46.4
"Manning, Matt","666159","2024",68.8,16.8,27,43.6,56.4,46.6,83.8,8.4,"438",82.6,53.4,44.5,23.6,49.3
"Luzardo, Jesús","666200","2024",69.6,19.3,29.8,51.8,48.2,52,81.2,6.4,"1083",80.7,48,43,29.6,48.9
"Manoah, Alek","666201","2024",68.7,20.1,27.1,48.1,50,50.5,78.9,9.6,"394",79.1,49.5,41.4,28.2,47.7
"Jiménez, Dany","666204","2024",61.1,17.4,22.3,62,38,49.8,77.4,6.9,"450",81.9,50.2,40.2,29.3,41.8
"Muller, Kyle","666205","2024",71.1,16.8,25.4,44.9,53.8,42.3,79.8,11.6,"725",83.2,57.7,40.7,22.7,51.7
"Wentz, Joey","666214","2024",68.1,18.9,29.6,50.3,49.7,54.4,75.9,7.1,"1224",81.1,45.6,42.5,29.6,47.1
"Soriano, George","666277","2024",65.1,14.9,25.7,52.2,47.8,50.3,66.7,8.1,"519",84.5,49.7,43.4,25.5,45.3
"Rodríguez, Yerry","666720","2024",74.9,18.3,22.4,34.7,63.3,50,73.3,6.8,"438",81.1,50,40,22.1,48.6
"Brito, Jhony","666745","2024",72,18.8,22.6,19.4,80.6,47.1,82.4,8.1,"628",80.8,52.9,43.6,19,48.7
"Doval, Camilo","666808","2024",61.8,19.6,28.3,61.4,38,54.2,69.4,6.5,"1116",80.1,45.8,42.4,34.3,43.6
"Cano, Yennier","666974","2024",67.5,17.6,32.2,45.5,54,54.2,70.7,5.8,"1008",81.7,45.8,46,27.7,48.4
"Nance, Tommy","667297","2024",61,9.6,27.4,60.9,39.1,52.2,80.8,8.1,"322",89.4,47.8,42.2,26.4,43.5
"King, John","667463","2024",69.1,10.9,31.4,32.6,67.4,49,80.8,8.5,"857",89.1,51,43.9,17.5,50.6
"Tyler, Kyle","667725","2024",63.5,12.5,29.6,49.5,49.5,56.6,73.5,8.4,"580",86.9,43.4,41,26.5,44.3
"Soriano, José","667755","2024",64.7,13.4,29.3,43.7,55.9,52.9,68.5,8.2,"1737",86.2,47.1,43,23.7,46
"Miller, Tyson","668338","2024",72.4,21.5,31.8,37.8,62.2,49.9,83.7,9.9,"934",78.2,50.1,43.7,26.5,52.1
"Winn, Cole","668390","2024",70.6,22.2,30.1,35,65,46.5,91.7,8.4,"286",77.8,53.5,42,25.7,51.7
"Erceg, Lucas","668674","2024",64.6,22.1,31.9,47.8,51.6,52,75,6.8,"947",77.9,48,43.9,31,47.6
"Gallen, Zac","668678","2024",63.8,14,29.7,45.2,54.8,57.5,71.4,5.6,"2506",85.9,42.5,45.9,26,44.2
"Thompson, Zack","668868","2024",61.4,15.5,33.3,39.6,60.4,50.2,75.9,9.1,"317",84.5,49.8,44.5,24,47.3
"Greene, Hunter","668881","2024",72.6,22,29.2,48.3,50.4,50.6,79.9,7.4,"2563",77.7,49.4,43.7,29.7,50.6
"Williams, Gavin","668909","2024",69.2,19.1,29,38.6,60.9,49.7,75.9,8.2,"1368",80.7,50.3,43.1,24.8,49.2
"Ashcraft, Graham","668933","2024",72.3,13.2,26.2,46.6,52.3,50,86.3,7.6,"1342",86.8,50,42.3,22.1,49.3
"Romero, JoJo","668941","2024",61.6,13.3,26.4,52.4,46.8,51,68.3,8.9,"919",86,49,37.1,25.4,43.7
"Myers, Tobias","668964","2024",69.8,15.4,28.6,36.1,63.6,49,88.3,7.2,"2152",84.6,51,43.6,21.3,49.6
"Crouse, Hans","668968","2024",65.1,23.2,28.6,57.1,42.9,56.1,82.8,6.6,"437",76,43.9,41.6,35.4,44.6
"Gore, MacKenzie","669022","2024",73.2,19.8,27.3,52.5,46.8,49.6,79.3,6.9,"2994",79.9,50.4,42.5,28.6,50.4
"Wilson, Bryse","669060","2024",68.1,15.9,25.6,35.9,64.1,46.4,79.9,8.2,"1643",83.6,53.6,44.7,20.8,48.3
"Miller, Erik","669062","2024",65.3,23.4,24.7,47,52.4,53.7,75,6.9,"1269",76.3,46.3,42,30.6,43.5
"Hall, DL","669084","2024",60.3,14.8,27.4,41.8,57.3,51.4,70.6,6.5,"782",84.3,48.6,41,23.6,43.4
"Estrada, Jeremiah","669093","2024",72.1,28.2,33.5,54.4,45,47.6,85.2,8.1,"1003",71.5,52.4,41.3,36,53.7
"Nelson, Ryne","669194","2024",71.1,14.4,29.3,29,70.7,46,83.8,8.2,"2406",85.5,54,44.8,18.2,51.8
"Burnes, Corbin","669203","2024",67,15.6,33,51.6,48.2,53.4,73.8,6.5,"2996",84,46.6,42.6,28.6,48.8
"Akin, Keegan","669211","2024",66.3,22.9,25.7,50.7,48.7,47,83.9,9,"1241",76.4,53,44.6,30,47.2
"Morgan, Eli","669212","2024",69.6,16.5,36.3,42.1,57.9,48.6,72.1,6.7,"646",83.5,51.4,42,24.9,53.4
"Lee, Dylan","669276","2024",75.2,26.6,37.4,62.9,36.4,47,78.3,8,"859",72.5,53,42,37.7,57.4
"Gilbert, Logan","669302","2024",70.3,20.4,29.9,58.7,41.3,49.4,76.2,8.3,"3042",79.5,50.6,40.8,31.7,50.4
"Baz, Shane","669358","2024",73.6,16.6,24,52.2,47.8,47,79.1,7.1,"1206",83,53,42.9,24.6,50.2
"Ginn, J.T.","669372","2024",69.8,17.3,23.5,62.7,37.3,48.6,83.8,7.2,"515",82.7,51.4,42.8,28.3,47.4
"Skubal, Tarik","669373","2024",68.3,25,31.1,50.8,49,44.7,79.8,8.9,"2866",74.7,55.3,43.1,31.9,51.8
"Mlodzinski, Carmen","669387","2024",70.1,19.3,27.4,42.6,56.6,51.4,72.9,8.1,"866",80.7,48.6,40,26.1,48.2
"Sauer, Matt","669422","2024",74.5,13.5,25.8,21.7,78.3,54.4,89.3,8.6,"327",86.5,45.6,41.6,15.9,48
"Rogers, Trevor","669432","2024",67.2,13.6,27.2,37.3,62.7,52.3,80.4,7,"2243",86.1,47.7,44.8,20.9,46.2
"Englert, Mason","669438","2024",77.7,18.6,30.7,45.9,54.1,54.5,84.6,7.1,"365",81.4,45.5,41.4,27.4,52.1
"Liberatore, Matthew","669461","2024",72.5,18,27.9,47.4,52.6,45.7,87.9,8.5,"1358",82,54.3,42.4,25.1,52.1
"Pallante, Andre","669467","2024",67.7,11.6,24.9,42.6,57.4,50.1,84.9,8.2,"1978",88.1,49.9,43.5,19.8,46.4
"Basso, Brady","669620","2024",67.2,18.5,24.9,39.5,60.5,49.4,82.1,8,"350",81.5,50.6,41.1,24.1,46.3
"Bender, Anthony","669622","2024",57.8,13.1,27.2,42.9,57.1,48.6,57.3,8.6,"954",86.9,51.4,40.4,22.2,42.9
"Long, Sam","669674","2024",68.3,18.2,28.1,49.5,48.5,52,77.8,7.7,"702",81.4,48,39.8,27.8,47.6
"Weissert, Greg","669711","2024",64.1,15.2,30.5,32.2,67.1,47.3,76.7,8.7,"1029",84.2,52.7,42.5,20.3,48.3
"Wesneski, Hayden","669713","2024",62,11.4,30,53.6,45.8,51.4,69.7,7.1,"1075",88.6,48.6,42.8,25.7,45.6
"Daniel, Davis","669721","2024",67.2,14.5,32.1,32.1,67.9,49.6,69.8,8.5,"508",83.7,50.4,43.1,20.2,49.8
"Hanifee, Brenan","669724","2024",69.5,12.2,26.5,33.9,66.1,47.2,78.6,9.4,"447",87.8,52.8,45.9,17.7,49.2
"Blanco, Ronel","669854","2024",68.4,17.7,30.3,52.8,47,51.9,80.5,6.9,"2751",82,48.1,43.7,29,48.6
"Kirby, George","669923","2024",73.2,17.9,31.9,39.3,59.8,48,83.4,7.9,"2967",82,52,44.7,24.1,53.4
"White, Mitch","669952","2024",70.8,12.5,27.8,26.9,73.1,45.3,65.8,9.2,"413",87.5,54.7,45,16,51.3
"Festa, Matt","670036","2024",75.7,23.9,31.4,32.7,67.3,45.5,90.5,10.9,"385",76.1,54.5,43.6,26.2,55.6
"Rosenberg, Kenny","670046","2024",69.5,17,24,37.5,60.4,49.6,69,7.2,"403",83,50.4,43.9,22.2,46.9
"Holderman, Colin","670059","2024",66,19.1,25.8,55.3,44.7,50.9,66.2,8.9,"869",80.5,49.1,41.3,29.5,45.6
"Francis, Bowden","670102","2024",72.4,16.5,27.1,36.3,63.2,45.7,83.3,8.9,"1559",83.5,54.3,41.9,21.2,51.7
"Oller, Adam","670124","2024",63,12.5,26.1,40.4,58.6,53.5,67.3,7.7,"710",87,46.5,43.7,21.5,43.2
"Schreiber, John","670167","2024",67.7,16.4,25.7,33.9,66.1,52.6,81.8,7.4,"895",82.6,47.4,43.2,21.6,45.6
"Winckowski, Josh","670174","2024",66.3,14.4,27.5,38.3,61.1,47.6,82.3,7.7,"1240",85.6,52.4,45.1,20.9,47.8
"Bednar, David","670280","2024",69.7,22.3,31.5,39.9,59.5,49.1,77,6,"1023",77.7,50.9,44,27.6,50.9
"McCaughan, Darren","670766","2024",64.2,13,23,23.7,76.3,46.4,66.7,8.8,"714",87,53.6,41.7,15.5,45.1
"Zuñiga, Guillo","670871","2024",67.2,10,23.4,50,50,50.6,65.4,9.6,"271",90,49.4,43.2,20.5,45
"Richards, Trevor","670950","2024",62.7,14.7,28.4,39.6,60.4,54.1,71.3,6.8,"1182",85,45.9,40.2,23.4,44.2
"Uceta, Edwin","670955","2024",70.2,26.8,33.8,48.3,51.7,51,78.9,8.5,"672",71.9,49,44.5,34,51.6
"Morejon, Adrian","670970","2024",69,18.9,31.6,49.3,49.3,45.2,75.8,8.6,"1064",80.6,54.8,42.5,27.3,52.1
"Ramírez, Yohan","670990","2024",59.8,15.7,24.4,46.8,52.1,50.1,80.7,7.4,"768",83.4,49.9,39.2,24.8,42.1
"Abbott, Andrew","671096","2024",68.5,15.8,26.3,40.8,59.2,49.6,80.9,7.8,"2333",83.3,50.4,42.8,22.6,47.6
"Allen, Logan","671106","2024",69.1,14,23.5,40.1,59.9,52.8,77.7,7.3,"1665",85.6,47.2,43.2,21.2,45
"Boyle, Joe","671212","2024",62.1,20.9,19.3,56.6,43.4,53,75.8,6.8,"966",79.1,47,40,30.2,39.4
"Otañez, Michel","671305","2024",66.3,27.9,30.2,62.2,37.8,54.1,83.3,7,"601",72.1,45.9,43.3,39.9,46.8
"Foley, Jason","671345","2024",68.3,15.2,25.4,45.6,53.4,44.9,80,8.3,"905",84.8,55.1,42.2,22.3,49.1
"Bradley, Taj","671737","2024",71.5,18.8,30.5,47.2,52.8,50.7,81.4,7.5,"2294",80.8,49.3,41.1,27.4,50.7
"Smith, Cade","671922","2024",67.5,24.9,27.4,47.1,52.9,43.8,73.2,8.3,"1166",74.7,56.2,43.2,30.2,49.9
"Detmers, Reid","672282","2024",68,21.4,29.7,47.2,52.8,49.8,76.4,8.1,"1559",78.4,50.2,42.3,29.2,48.9
"Pérez, Cionel","672335","2024",68.1,15.5,25.3,44.2,55.8,51.7,79.2,6.1,"864",82.7,48.3,40.3,23.7,45.9
"Ort, Kaleb","672391","2024",67.6,20.8,32,39.7,58.6,49.5,78.1,8.7,"366",79.2,50.5,40.7,26.8,50
"Montero, Keider","672456","2024",67.4,13.4,26.6,44.8,53.6,46.8,79.8,8.4,"1539",86,53.2,43.1,21.5,48.3
"Hernández, Carlos","672578","2024",74,19.1,27.9,41,59,53.2,90.5,7.5,"560",80.9,46.8,37.7,25.6,49.5
"Zerpa, Angel","672582","2024",61.4,13.2,20.4,26.7,72.1,44.2,74.7,10,"951",85.6,55.8,43.2,16,43.3
"Contreras, Roansy","672710","2024",65.9,13.2,28.1,40.1,59.9,48.7,72.3,8.7,"1075",86,51.3,42.4,20.9,47.5
"Berroa, Prelander","672860","2024",66.9,18.1,28.8,65.5,34.5,54.9,80.8,7.5,"348",81.9,45.1,42.8,34.4,46
"Núñez, Dedniel","673380","2024",73,23.6,39,59.8,38,45.3,82.4,9.8,"521",75.5,54.7,39.5,34.7,57.6
"Matsui, Yuki","673513","2024",72.3,19.9,33,52.8,46.6,55.7,78.4,7.1,"1049",79.2,44.3,41,31.9,50.4
"Leasure, Jordan","673929","2024",72.2,20.5,23.9,45.5,54.5,49.3,76.8,10,"560",79.5,50.7,43.9,26.6,48.4
"Bradford, Cody","674003","2024",67.6,17.3,29.9,38.2,61.8,49.1,78,7,"1175",82.2,50.9,46.8,23.6,49.1
"Henry, Tommy","674072","2024",69.5,10.4,22.9,36.7,63.3,48.9,82.1,7.9,"706",89.6,51.1,42.4,16.7,46.7
"Salazar, Eduardo","674285","2024",63.7,10.1,28.6,49.3,50.7,52.8,75.8,6.7,"494",89.3,47.2,42.7,23.2,45.3
"Bido, Osvaldo","674370","2024",69.4,17.6,27,47.9,51.4,51.1,81,8,"1056",82.1,48.9,40.3,26.4,47.7
"Curry, Xzavion","675540","2024",72.6,16.9,26.4,34.6,64.1,46.3,75.4,8.9,"639",83.1,53.7,43.5,21.1,51.2
"Grove, Michael","675627","2024",63.9,16.6,28.6,49.2,50.8,49.8,83.1,7.9,"827",82.3,50.2,39.4,26.6,46.3
"Howard, Spencer","675921","2024",73.5,21.8,24.3,32.2,67.8,45.3,82,9.3,"537",78.2,54.7,39.3,24,51.2
"Bolton, Cody","675989","2024",58.6,15.9,29.5,39.2,60.8,55.3,63.2,6.1,"312",84.1,44.7,43.1,24.8,42.6
"Snider, Collin","676092","2024",74.4,25.7,30.1,41.6,57.4,49.7,94.4,8,"676",73.5,50.3,43,30.2,52.4
"Criswell, Jeff","676105","2024",68.2,31.7,30.6,50.8,49.2,58.2,81.8,6.2,"354",68.3,41.8,38.1,39,46.3
"Hancock, Emerson","676106","2024",71.4,17.6,27.6,33.6,66.4,48.9,83.8,7.3,"1014",82.4,51.1,46.5,21.9,50
"Buttó, José","676130","2024",66.1,18.1,30.7,49.4,50.2,63.1,71.7,4.9,"1222",81.2,36.9,39.6,32,43.8
"Walker, Ryan","676254","2024",60.7,19.4,29.2,50.6,48.2,46.6,68.1,9.5,"1221",79.8,53.4,43.4,28.6,46
"Miller, Bobby","676272","2024",70.6,18.9,24.2,36.3,63.7,52.9,79,7.7,"1053",80.9,47.1,40.2,23.7,46.1
"Cantillo, Joey","676282","2024",64,22.3,23.5,54.1,45.9,50.8,65.7,9.8,"711",77.2,49.2,39.2,31.1,43.5
"Garcia, Robert","676395","2024",66.5,23.7,33.6,42.3,57,46.9,63.3,9.5,"946",76,53.1,43.9,29.4,51.1
"Hurter, Brant","676428","2024",61.9,13.1,29.5,39.5,59.3,42.6,81.8,10.2,"645",86.9,57.4,42.3,20,48.1
"Bibee, Tanner","676440","2024",72.7,22.3,26.8,40.7,59.3,47.2,82.3,7.5,"2851",77.5,52.8,44.4,26.9,51
"Whitlock, Garrett","676477","2024",62.7,9.1,29.4,33.3,66.7,50.8,69.2,8.1,"321",90.9,49.2,43.3,17,45.8
"Faucher, Calvin","676534","2024",67,19.6,22.8,50.4,48.7,53,74.2,6.3,"987",80.1,47,40.2,28.1,43.6
"Fleming, Josh","676596","2024",65.6,17.3,34.1,21.1,78,60.2,70.4,5.1,"534",82,39.8,40.8,18.8,46.8
"Sammons, Bryan","676614","2024",67.6,12.8,33.9,43.8,56.3,50.5,66.7,7.2,"374",87.2,49.5,40.6,23.3,50.5
"Sears, JP","676664","2024",68.4,17.3,27.6,34,65.7,48.1,78.3,8.2,"2857",82.4,51.9,43.6,21.8,48.7
"Cosgrove, Tom","676680","2024",64.3,12,22.6,40,60,48,65.4,8,"323",88,52,44,18.9,44.3
"Vest, Will","676684","2024",68.6,19.6,29.2,36.6,62.7,47.4,77.4,8,"1162",80.4,52.6,42.9,24.3,49.9
"Stratton, Hunter","676702","2024",72.1,19.3,32.4,45.3,53.7,49.9,78.4,8.7,"587",80.7,50.1,39,27.4,52.3
"Crawford, Kutter","676710","2024",69.4,17.2,32.8,44.3,55.2,47.5,72.2,7.3,"2823",82.5,52.5,45.6,25.3,52
"Hughes, Brandon","676714","2024",65.2,20.4,28.6,43.6,56.4,54.9,72,7.1,"350",79.6,45.1,43.7,28.5,45.1
"Marinaccio, Ron","676760","2024",63.6,21.4,29.4,40.3,59.7,53.4,72.7,8.4,"395",78.6,46.6,41.5,27.9,45.3
"Winn, Keaton","676775","2024",70.9,16.4,33.3,44.6,55.4,49.2,74.6,8.4,"877",83.6,50.8,40.3,25.2,52.5
"Ashby, Aaron","676879","2024",55.3,11.1,30.8,54.1,45.9,49.6,77.3,9.1,"484",88.1,50.4,42.4,26.3,43.2
"Brown, Ben","676962","2024",62.8,21.5,28.6,55.2,44.8,47.7,76.2,7.4,"849",78.1,52.3,43.8,31.4,46.5
"Meyer, Max","676974","2024",70.4,12.8,26.1,51.9,48.1,51.8,78.7,7.7,"968",86.9,48.2,39.4,23.9,47.5
"Crochet, Garrett","676979","2024",70.4,25.5,33.5,51.5,47.7,46.6,81.5,8.1,"2395",74.3,53.4,44.3,33.1,53.2
"Nardi, Andrew","677053","2024",72.4,23.9,33.3,45.3,54.7,52.8,82,5.5,"906",75.8,47.2,49,31.1,51.8
"Kelly, Zack","677161","2024",66.9,21,26.7,45.4,54.6,50.8,81.7,7.4,"957",78.7,49.2,43.6,28.1,46.5
"Cecconi, Slade","677944","2024",68,15.2,24.6,35,64.3,44,77,8.7,"1291",84.6,56,43.3,19.6,49
"Weathers, Ryan","677960","2024",67.3,17.6,26.8,45.9,54.1,51.7,69.9,8,"1413",81.7,48.3,40.6,26.1,46.4
"Kerr, Ray","678061","2024",65.9,23.3,32.8,57.6,42.4,52.5,74.1,7,"383",76.7,47.5,41.5,35.5,48.6
"Bellozo, Valente","678368","2024",68.4,16.3,22.5,29.3,70.7,50,74.4,7.9,"1094",83.2,50,43.4,19.5,45.4
"Bello, Brayan","678394","2024",65.1,16.8,29.7,43.5,56.2,52.9,82.7,6.4,"2710",82.8,47.1,41.8,25.9,46.3
"Rodríguez, Randy","678495","2024",67.2,21.6,30.1,46.3,53.7,51.4,77.5,8.1,"879",78.4,48.6,42.9,29.6,48.1
"Ferrer, Jose A.","678606","2024",63,13.4,29.4,46.7,53.3,42.8,86,10.5,"476",85.5,57.2,44,22,48.7
"Henriquez, Ronny","678692","2024",73.6,15.6,27.7,46.5,53.5,51.2,89.3,9.2,"303",84.4,48.8,35.6,24.3,50.2
"Pennington, Walter","679156","2024",65.2,15.8,28.6,48,50,53,85.7,6.4,"330",84.2,47,42.4,26.5,45.8
"Marsh, Alec","679525","2024",67.4,14.4,27.4,46.4,52.9,49.6,78.6,8,"2161",85.4,50.4,43.2,23.5,47.6
"Martinez, Justin","679885","2024",65.6,23.3,30.5,57.3,42.2,51.6,76,6.4,"1177",75.9,48.4,43,34.5,47.5
"Rodriguez, Grayson","680570","2024",68.4,21.6,30.6,50.2,49.5,48.2,81.9,8.5,"1879",77.9,51.8,43.8,30,50.2
"Woods Richardson, Simeon","680573","2024",69.5,17.2,29.4,34.9,64.5,49.3,79.1,7.5,"2295",82.6,50.7,43.6,22.3,49.8
"Bradish, Kyle","680694","2024",58.7,16.7,24.4,52.5,47.5,48.7,77.6,7.3,"674",82.8,51.3,43.2,26.9,42
"Sandlin, Nick","680704","2024",69.8,24,28.8,52.5,46.9,55.4,76.4,5.5,"1003",75.3,44.6,41.3,33.7,47.1
"Parker, Mitchell","680730","2024",71.3,14.9,30,41.3,58.2,48.3,81.3,8,"2404",84.9,51.7,43.4,22.3,51.4
"Burke, Sean","680732","2024",71.1,15.1,29.4,59.6,40.4,51.8,91.3,7.4,"309",84.9,48.2,42.1,28.8,49.5
"Wrobleski, Justin","680736","2024",66.3,16.7,24.5,38.6,61.4,48.3,78.2,9.3,"592",83.3,51.7,40.9,22.3,46.1
"Madden, Ty","680744","2024",74.2,12.2,28.3,55.2,44.8,50.9,79.4,8.4,"403",87.8,49.1,38.7,24.4,50.9
"Vodnik, Victor","680767","2024",67,15.4,22.8,39.2,60.1,51.7,81.4,7.2,"1341",84.1,48.3,42.4,21.8,44.1
"Schwellenbach, Spencer","680885","2024",69.6,18.3,34.2,48.8,51.2,46.6,75.6,8.9,"1887",81,53.4,43.3,27.4,53.1
"Nastrini, Nick","680897","2024",63.3,17.6,23.1,50.5,49.5,58.4,72.4,7.9,"734",82.4,41.6,37.9,28.8,39.8
"Scott, Christian","681035","2024",74.8,16.7,25.7,37.1,62.9,48,76.9,8.3,"787",83,52,40.9,21.6,51.2
"Bush, Ky","681066","2024",60.5,12,25,45.5,54.5,53.7,87,7,"328",88,46.3,47.9,22.8,41.5
"Vásquez, Randy","681190","2024",70.6,12.3,27.2,37.1,62.9,48.2,79.3,7.2,"1687",87,51.8,43.6,18.9,49.7
"Arrighetti, Spencer","681293","2024",66.7,18.9,26.9,50.3,49.4,49.1,79,8.5,"2505",80.8,50.9,41.6,27.7,47.2
"Varland, Gus","681402","2024",65.5,18,24.5,46.9,53.1,44,90,8.8,"455",82,56,43.7,24.5,47.5
"Little, Luke","681432","2024",50.9,14.7,21.4,54.2,45.8,51.1,59.4,7.3,"438",85.3,48.9,41.6,26.8,35.8
"Leahy, Kyle","681517","2024",72.5,14.6,30.4,42.2,57.8,48.2,82.8,8.3,"695",85.4,51.8,44.3,22.3,52.2
"Fernandez, Ryan","681676","2024",70.4,19,29.9,55.1,44.4,55.6,84.4,6.5,"1191",81,44.4,43.2,31.5,47.9
"Roberts, Ethan","681799","2024",65.8,15.4,25.7,57.4,42.6,50,77.1,7.4,"474",84.6,50,39,27.2,45.8
"Olson, Reese","681857","2024",67.2,14.9,32.2,50.3,49.1,56.9,69.8,6.3,"1853",84.9,43.1,39.8,28.7,47.3
"Criswell, Cooper","681867","2024",62.2,12.9,28.5,26,74,52.3,71.4,5.6,"1756",87.1,47.7,45.1,17.2,44.6
"Dubin, Shawn","681869","2024",63.2,18.9,23.5,44.7,55.3,52.1,74.6,8,"840",81.1,47.9,41.5,26.3,42.5
"Funderburk, Kody","681892","2024",60.4,16.2,24.1,47.4,51.3,49.7,70,6.1,"652",82.8,50.3,42.2,25,42.3
"Vesia, Alex","681911","2024",70,26.2,26.6,43.8,54.9,51.9,83.6,6.6,"1109",73.3,48.1,43.6,31.3,47.5
"Anderson, Grant","681982","2024",62.9,20.5,23.7,42.3,55.8,45.3,79.4,7,"483",78.9,54.7,40.2,25.7,45.1
"Herrin, Tim","682120","2024",62.7,18.9,31.2,50.3,48.4,49.9,70,6.9,"1011",80.8,50.1,43.5,29.3,47
"Miller, Bryce","682243","2024",69.8,17.3,27,43.5,56.5,48.9,80.3,7.2,"2749",82.4,51.1,42.9,24.4,48.9
"Muñoz, Roddery","682610","2024",67.4,15.4,25.8,43,56.5,52.1,81.9,6.3,"1485",84.6,47.9,40.7,23.6,45.7
"Ortiz, Luis","682847","2024",69.9,14.5,24.5,40.7,59.3,48.2,79.1,8.3,"2143",85.2,51.8,42.1,21,48.1
"Priester, Quinn","682990","2024",69.8,15.4,30.7,37.3,61.9,50.6,81.2,8.5,"811",84.6,49.4,40.9,22.2,50.1
"Jones, Jared","683003","2024",70.9,22.7,30.4,49.5,50.5,47.6,83.5,8.6,"1912",77.3,52.4,41.9,30.2,51.6
"Leiter, Jack","683004","2024",72.7,19.8,25,51.2,48.8,50.2,83.3,8.1,"669",80.2,49.8,42.2,27.9,48.7
"Estes, Joey","683155","2024",75.6,15.1,29.8,32.5,66.4,43.9,88.3,9.7,"2027",84.5,56.1,44.7,19.2,55.5
"Mears, Nick","683232","2024",66.1,20.9,30.4,47.6,51.7,46.4,76.7,8.4,"1028",78.3,53.6,44.3,28.5,49.5
"Chivilli, Angel","683409","2024",74.6,24.7,36.5,56.7,43.3,55.6,81,8.2,"513",75.3,44.4,44.6,36.9,53.4
"Molina, Anthony","683627","2024",72.4,11.7,22.1,43,57,49.2,89.2,7.1,"1048",88.3,50.8,43.8,18.8,47.7
"Gaddis, Hunter","683769","2024",69.5,19.2,30.9,40.3,58.4,46.3,74.2,8.3,"1075",79.8,53.7,44.1,25,51.6
"Imanaga, Shota","684007","2024",75.3,20,34.8,47.6,52.4,48.3,79.1,7.8,"2590",79.6,51.7,44,28.3,55.7
"Rodriguez, Yariel","684320","2024",66.3,16.3,27.4,45.2,54.8,53.7,72.3,6.7,"1502",83.7,46.3,43.6,25.7,45.4
"Gordon, Tanner","685299","2024",72.3,14.8,31.7,30.2,68.6,44.6,79.6,8.9,"607",84.4,55.4,45.1,18.8,54.2
"Cronin, Declan","686539","2024",67.3,17,25.6,54.1,45.2,48.1,77.8,7.4,"1096",83,51.9,38.4,26.6,47.3
"Cannon, Jonathan","686563","2024",67.2,14.9,28.6,36.6,63.4,52.2,82.3,7.8,"2028",84.7,47.8,43.2,21.8,47.1
"Slaten, Justin","686580","2024",71.2,16.9,34.9,55.1,44.9,48.7,72.7,8.1,"811",82.8,51.3,39.5,29,53.5
"Brown, Hunter","686613","2024",66,18.7,27.3,40,60,50.9,70,7.6,"2889",80.9,49.1,42.1,25.1,46.3
"Ellard, Fraser","686642","2024",61.6,19.2,24.4,40.7,53.7,51.2,84.6,9,"432",80,48.8,36.8,25.5,42.6
"Spiers, Carson","686730","2024",67.2,13.6,26.1,44.4,54,46.7,76.3,7.3,"1554",85.6,53.3,44.9,21.4,48
"Pepiot, Ryan","686752","2024",68.1,22.5,28.5,46.9,53.1,50.8,76.7,6.8,"2149",77.2,49.2,43,29.9,48
"Walston, Blake","686796","2024",69.4,12.6,23.5,46.5,53.5,53.4,88,7.3,"343",87.4,46.6,43.4,22.1,44.9
"Kochanowicz, Jack","686799","2024",72.7,11.5,28.5,27.6,71.4,43,80.7,10.2,"859",88.5,57,40.9,15.2,53.7
"Jarvis, Bryce","686826","2024",70.1,15,25.7,41.3,57.9,48.8,83.2,9.4,"1006",84.5,51.2,40.1,21.8,48.4
"Varland, Louie","686973","2024",72.8,15.8,23.7,51,49,45,84.4,10,"901",84.2,55,38.7,23.2,50.7
"Blalock, Bradley","687134","2024",68.4,15.9,23.2,35.5,64.5,48.4,85.7,7.6,"552",84.1,51.6,45.5,20.6,46.6
"Kelly, Kevin","687330","2024",59.5,14.3,26.1,37,61.3,44.2,64.4,8.4,"1033",85.1,55.8,42.7,20.1,44.8
"Maldonado, Anthony","687424","2024",73.1,21.4,31.9,42.3,57.7,54.9,100,6.1,"297",78.6,45.1,41.8,28.7,50.5
"Spence, Mitch","687765","2024",70.8,12,31.7,44.6,55.2,51.6,82.7,7.5,"2481",87.3,48.4,42.6,22.5,50.6
"Herz, DJ","687792","2024",69.3,23.6,27.9,43.8,55.3,49.4,79.6,8.6,"1586",76.1,50.6,41.4,29.3,48.9
"Hodge, Porter","687863","2024",65.8,20,24.8,66.3,32.5,50.3,84.5,9,"642",79.5,49.7,38.2,32.8,45.2
"King, Bryan","687911","2024",67.2,16.2,24.1,51.1,48.9,45,78.6,10.1,"416",83.8,55,37,24.1,47.8
"Aguiar, Julian","687924","2024",72.8,15.7,25.2,27.7,70.8,48.7,78.4,9.6,"530",84.3,51.3,43.2,18.6,49.6
"Gasser, Robert","688107","2024",67.1,18.2,30.2,32.7,67.3,40.6,78.4,9.3,"399",81.8,59.4,40.9,21.6,52.1
"Roycroft, Chris","688297","2024",62.1,15,28.8,37.6,62.4,49.5,72.9,8.1,"596",84,50.5,46.8,22.1,45.6
"Knack, Landon","689017","2024",67,17.4,25.7,37.3,62.7,50.7,68.8,8.4,"1149",82.3,49.3,42.3,23.1,46
"Kerkering, Orion","689147","2024",61.4,19,27.9,49,51,47.8,66.7,7.7,"1087",80.2,52.2,44.1,27.8,45.4
"Brieske, Beau","689225","2024",69.3,18.3,29.5,36.2,63.3,52,88.2,6.6,"1152",81.7,48,45.1,23.9,48.6
"Thorpe, Drew","689672","2024",71.9,20,25.2,32.7,67.3,55.6,83,6.5,"721",79.6,44.4,41.7,23.9,45.9
"Ryan, River","689981","2024",70.8,9.8,23.8,63.9,36.1,51.2,60.7,9.5,"295",90.2,48.8,37.6,23.9,46.8
"Horn, Bailey","690544","2024",64.6,17.7,21.1,40.7,59.3,42.2,84.8,10.9,"303",82.3,57.8,40.9,22.1,46.2
"Joyce, Ben","690829","2024",70.3,24.5,25.9,43.1,56.9,46.4,80,8.3,"541",75.5,53.6,40.5,29,49.7
"Fitts, Richard","690916","2024",67.1,9.1,32,29.2,70.8,47.8,66.7,6.7,"314",89.1,52.2,44.9,15.2,50.3
"Harrison, Kyle","690986","2024",65.8,17.5,25.6,39.8,60.2,49,78.1,7.3,"2078",82.2,51,44.9,23.6,46.2
"Nicolas, Kyle","693312","2024",70.5,18.6,25.2,50.8,47.7,54.3,76.2,8.8,"950",81,45.7,38.9,28.2,45.9
"Woo, Bryan","693433","2024",70.2,16.8,29.6,46.2,53.3,41.7,79.2,9,"1716",83,58.3,45.8,23.6,53.3
"Elder, Bryce","693821","2024",60.9,12.5,29.8,47.9,52.1,54.4,73,4.3,"864",86.7,45.6,44.8,25.5,44
"Pfaadt, Brandon","694297","2024",67,17.1,29.6,46.4,53.3,47.5,77.9,7.8,"2793",82.8,52.5,44.3,25.4,49.3
"Shuster, Jared","694363","2024",72.4,15.5,25.7,42.7,56.7,53.7,72.8,8,"1290",84,46.3,40.9,23.4,47.3
"Roupp, Landen","694738","2024",57.5,17.4,26.7,40,60,53.6,76,8.3,"907",82.6,46.4,39.3,25.3,41
"Stone, Gavin","694813","2024",70.4,18,31.1,39.4,60,50.8,77.6,8.1,"2152",81.5,49.2,45.1,24.7,50.5
"Skenes, Paul","694973","2024",68.5,20.8,30.9,46.5,53.5,49.6,82.7,6.3,"2125",78.7,50.4,44.1,28.7,49.8
"Lowder, Rhett","695076","2024",70.1,18,23,26.8,73.2,49,72.2,7.2,"498",81.5,51,44,20.1,47
"Miller, Mason","695243","2024",66.9,29.1,37.4,60.3,39.7,49.3,77.8,7.9,"1024",70.9,50.7,43.3,40.1,52.3
"Black, Mason","696131","2024",68.1,11.4,27.4,28.9,71.1,49.5,75.6,6.2,"663",88.2,50.5,46.9,16.4,48
"Wicks, Jordan","696136","2024",72.2,15.3,31.7,38.8,59.9,54.3,80.4,6.6,"852",84.7,45.7,42.5,23.4,50.2
"Taylor, Troy","700187","2024",61.9,20.2,25.6,51.2,48.8,51.2,86.4,6.7,"328",79.8,48.8,39,29.6,43.3
"McGreevy, Michael","700241","2024",63.5,15.8,28.3,39.5,58.1,48.9,68.4,6.1,"311",84.2,51.1,43.1,22.9,46.3
"Povich, Cade","700249","2024",67.1,16.5,26.1,38.1,61.9,48.5,75.4,8.2,"1389",83.5,51.5,41.3,22.3,47.2
"Diaz, Yilber","700270","2024",66.1,12,20,47.8,52.2,49,72.5,8.5,"469",88,51,45.2,20.1,43.5
"Warren, Will","701542","2024",59.4,11.7,28.9,48.6,51.4,55.9,71.4,6.1,"458",88.3,44.1,38.9,25.8,42.4
"Festa, David","701581","2024",66.9,19.7,31.7,45.6,53.3,51.7,77.8,6.6,"1099",80.3,48.3,41.7,28.4,48.7
"Bivens, Spencer","702352","2024",65.8,15.7,23.5,28.2,71.8,47,83.1,9.2,"768",84,53,44.8,18.7,46
"Mazur, Adam","800049","2024",69.2,11.9,20.7,38.1,60.3,52.2,78.3,7.9,"584",88.1,47.8,42.5,18.4,43.8
"Matthews, Zebby","805673","2024",71.8,15.3,27.3,47.9,52.1,49.1,88.2,9.5,"717",83.6,50.9,40.4,24,49.9
"Birdsong, Hayden","806185","2024",63.1,18.3,25.9,52.5,47,55.1,74.5,7.3,"1388",80.9,44.9,41.9,29.8,42.6
"Yamamoto, Yoshinobu","808967","2024",64.2,17,31.7,48.2,51.3,48.9,73.4,7.4,"1469",83,51.1,47,27,48.3