Name,Team,IP,Stf+ FA,Stf+ SI,Stf+ FC,Stf+ FS,Stf+ SL,Stf+ CU,Stf+ CH,Stf+ KC,Stf+ FO,Stuff+,Location+,Pitching+,NameASCII,PlayerId,MLBAMID
"Emmanuel Clase","CLE",74.1,93.73166666666667,107.6,124.55738562091504,,156.06,,,,,130.62028542303776,100.79824668705409,127.69076452599393,"Emmanuel Clase",21032,661403
"Griffin Jax","MIN",71,94.98990476190477,112.08038095238093,,,107.58319587628867,134.56531250000006,118.92171428571429,,,107.76233940556088,118.12224352828372,127.26377756471716,"Griffin Jax",20253,643377
"Ryan Helsley","STL",66.1,115.65315533980583,,,,144.44523917995443,137.679649122807,,,,130.9854364640884,98.2596243093923,127.23876243093916,"Ryan Helsley",18138,664854
"Yennier Cano","BAL",60,91.33837837837834,125.42974951830439,,,118.65755725190836,,100.33708502024292,,,114.61952238805972,112.39474626865672,126.76443781094534,"Yennier Cano",25911,666974
"Jeremiah Estrada","SDP",61,111.31086642599278,,,131.63466666666665,96.41973684210524,,,,,111.86944558521562,113.11246406570845,124.95509240246408,"Jeremiah Estrada",22210,669093
"Adrian Morejon","SDP",63.2,111.07412244897962,117.99382585751981,,150.13654320987658,129.21874418604648,,,,,123.15688336520078,103.74915869980885,122.61435946462717,"Adrian Morejon",20039,670970
"Tyler Rogers","SFG",70.1,111.99,116.26614400000001,,,133.88951566951565,,,,,122.50680981595094,109.29094069529647,122.53149284253585,"Tyler Rogers",15541,643511
"Josh Hader","HOU",71,,113.96387254901954,,,114.43634615384622,,81.568,,,113.79104845814969,105.14588546255507,122.39689867841403,"Josh Hader",14212,623352
"A.J. Puk","- - -",71.1,110.4227833001988,96.2354802259887,,94.64666666666669,120.14753100643613,,90.5329411764706,,,113.1218578771081,109.4324080880848,120.44896193928993,"A.J. Puk",19343,640462
"Clay Holmes","NYY",63,,107.6793719008265,,,145.0685227272728,,,,,123.70958412098298,99.68463137996218,120.2327599243857,"Clay Holmes",13649,605280
"Yimi García","- - -",39,123.87256637168143,111.99470588235297,,,150.4610778673155,109.5604918032787,102.95355932203391,,,121.60038617713637,101.94560887096772,119.18850091963785,"Yimi Garcia",12095,554340
"Jhoan Duran","MIN",54.1,113.01086350974927,,,116.67357400722021,,145.50253061224493,,,,123.17608646188852,96.41183162684871,118.69208191126276,"Jhoan Duran",21029,661395
"Corbin Burnes","BAL",194.1,,89.44729613733908,110.41607116382505,,139.32054580896684,115.29401550387597,95.17577039274923,,,111.52258280361329,106.43025092004017,118.63492137838735,"Corbin Burnes",19361,669203
"Justin Martinez","ARI",72.2,110.65776119402986,127.84774436090231,,133.5508171206226,105.93999999999998,,,,,122.38478632478629,94.49119658119659,117.9503931623933,"Justin Martinez",24453,679885
"Mason Miller","OAK",65,123.70256965944267,,,106.24000000000001,137.72301675977656,,102.5694117647059,,,128.20224609374998,91.00681640625002,117.37248046874998,"Mason Miller",31757,695243
"Orion Kerkering","PHI",63,102.31624439648014,109.36545454545457,,,132.19657353656095,,,,,120.04273652574204,101.8086398246198,117.26520469626087,"Orion Kerkering",31776,689147
"Edwin Díaz","NYM",53.2,117.13052631578944,,,,122.10137299771168,,,,,119.5123903508772,94.47846491228067,117.17287280701753,"Edwin Diaz",14710,621242
"Jose A. Ferrer","WSN",32,104.47493670886074,120.03221428571425,,,144.82923076923078,,111.11780219780219,,,116.98953586497892,101.99704641350212,117.034388185654,"Jose A. Ferrer",24017,678606
"Stephen Kolek","SDP",46.2,101.65542857142857,109.87726984126985,100.3532,,107.695421686747,,101.80109090909089,,,106.01283887468026,111.5278260869565,116.874705882353,"Stephen Kolek",21487,663568
"Tanner Scott","- - -",72,114.71958038617701,,,,125.36505369978859,,,,,119.0311375395519,100.83854564145247,116.84873255281495,"Tanner Scott",17586,656945
"Tony Santillan","CIN",30,97.13519736842105,,,,117.31179487179485,,88.64000000000001,,,104.8979195932119,112.52008053080887,115.79919758572936,"Tony Santillan",19926,663574
"Tyson Miller","- - -",62,103.80449130261583,85.148125,,,121.24249894612596,130.01466666666667,71.85714285714286,,,110.97450943261475,106.42290186663858,115.5083136480502,"Tyson Miller",19976,668338
"Paul Skenes","PIT",133,105.23621103117507,99.78915422885571,,,136.29322674418606,111.32313043478263,103.85596491228068,,,109.74353440150806,109.83695570216776,115.2012441093308,"Paul Skenes",33677,694973
"Evan Phillips","LAD",54.2,111.00475903614463,101.97282608695652,97.60676691729324,,121.41953890489913,,,,,112.11008888888884,103.03977777777779,115.19828888888891,"Evan Phillips",17734,623465
"Caleb Thielbar","MIN",47.1,102.59873350923482,,,,123.1119863013699,116.32046082949306,,,,112.65501738122832,107.19499420625718,115.14389339513326,"Caleb Thielbar",10078,573204
"Aroldis Chapman","PIT",61.2,96.26621761658029,143.35513157894735,,128.30607407407413,114.81433333333332,,,,,117.75322094055014,103.38951197870458,115.10631765749774,"Aroldis Chapman",10233,547973
"Chris Roycroft","STL",34.1,96.92455958549222,118.63352517985612,,,114.13440000000003,,,,,110.5775170068027,107.23418367346937,115.09561224489798,"Chris Roycroft",31261,688297
"Kenley Jansen","BOS",54.2,,129.74724137931034,121.33511764705884,,104.23354838709676,,,,,120.66070440251573,98.07459119496843,115.09343396226419,"Kenley Jansen",3096,445276
"Steven Okert","MIN",35.1,91.71452054794523,105.375,,,115.34509589041097,,78.36857142857143,,,113.93822197777759,103.55965946790401,115.0398482233235,"Steven Okert",13580,595345
"Dedniel Núñez","NYM",35,101.6227467811159,105.27230769230769,,,119.29440329218106,140.78,113.09,,,110.5898367346939,106.21706122448978,115.03493877551021,"Dedniel Nunez",23055,673380
"Trevor Megill","MIL",46.1,116.71495798319326,,,,,,,136.00789473684213,,122.25939849624064,94.95175939849622,114.55936842105264,"Trevor Megill",17722,656730
"Michael Kopech","- - -",67.2,123.15017817371941,,124.3053333333333,,121.80512000000002,,,,,123.11009282793006,92.52703040157608,114.41957051050755,"Michael Kopech",17282,656629
"Garrett Crochet","CHW",146,106.91163551401867,111.2544,120.94300000000001,,139.42136170212768,,95.49464788732394,,,113.46610687022904,102.37985581000844,114.20446140797281,"Garrett Crochet",27463,676979
"Dylan Cease","SDP",189.1,103.0169596541787,,108.97473684210526,,112.31520202020204,,86.4407142857143,99.838406374502,,111.3961322834646,102.12466771653543,114.1660661417323,"Dylan Cease",18525,656302
"Ryan Thompson","ARI",66.1,116.4386,114.96750798722039,,,117.4772111553785,,,,,115.73506680369992,101.1216443987667,114.16201438848923,"Ryan Thompson",16647,657044
"Zack Wheeler","PHI",200,107.49334389857367,112.63341337907376,97.42890459363959,92.64624999999998,112.7551451187335,124.71790163934426,,,,108.7871907957814,105.22926174496637,113.55661233620962,"Zack Wheeler",10310,554430
"Collin Snider","SEA",41.2,111.4523021582734,91.16764705882353,103.2841818181818,,122.50850393700786,,,,,113.23408618127787,107.3110549777118,113.4519167904903,"Collin Snider",23307,676092
"Brendon Little","TOR",45.2,,119.65783375314862,94.16846153846154,,,,,118.05049773755655,,116.25861471861468,93.22357864357865,113.31483405483408,"Brendon Little",21574,663893
"Lucas Erceg","- - -",61.2,100.59890784982935,126.32910891089111,,,116.08530303030304,,96.91499999999998,,,109.68561879342691,104.86403534299501,113.17758031302056,"Lucas Erceg",19360,668674
"Zack Kelly","BOS",56.2,104.39486166445332,,97.07923444976073,,132.40876923076925,,109.6523,,,111.44373353036563,103.62819274121165,113.16326223972155,"Zack Kelly",20349,677161
"Greg Weissert","BOS",63.1,116.69455319148932,103.6066279069767,,,108.04163410301956,,94.42813186813186,,,108.73679060665363,108.0418786692759,113.00448140900198,"Greg Weissert",20375,669711
"Anthony Bender","MIA",53,83.35025641025639,103.7524361948956,,,127.93136465324382,,104.14,,,114.23471143756558,102.87974816369356,112.87788037775447,"Anthony Bender",19742,669622
"Grayson Rodriguez","BAL",116.2,106.99926773455378,107.95090909090911,,,107.56451178451177,97.639587628866,113.01473417721517,,,106.87431330472103,106.68749999999999,112.82019313304718,"Grayson Rodriguez",24492,680570
"Spencer Schwellenbach","ATL",123.2,102.0446630236794,98.1074418604651,99.8991167192429,112.05909090909091,113.34037333333332,101.31672727272726,,,,104.85658510638301,108.98622340425533,112.70260638297876,"Spencer Schwellenbach",31846,680885
"Justin Slaten","BOS",55.1,113.39873417721519,,94.25823529411761,,112.34760000000001,128.855,,,,107.19172839506173,103.11234567901232,112.42488888888887,"Justin Slaten",25648,686580
"Pete Fairbanks","TBR",45.1,115.37104972375688,,,,139.98244372990357,,110.34190476190476,,,126.179711815562,86.10100864553316,112.32850144092222,"Pete Fairbanks",17998,664126
"Tyler Glasnow","LAD",134,105.49672055427253,112.12511627906981,,,104.93389830508474,113.7791758241758,,,,107.47188375713544,102.16925791385573,112.1470160871822,"Tyler Glasnow",14374,607192
"Tarik Skubal","DET",192,103.34298800436206,111.1873076923077,,,108.60899038461541,,122.82851752021564,96.93830508474574,,110.60562431343833,102.02645917246426,112.07270596850972,"Tarik Skubal",22267,669373
"Ben Joyce","LAA",34.2,137.4455870445344,119.87172774869109,,,116.38707317073172,,139.3257142857143,,,128.12225508317928,87.73493530499076,112.0342329020333,"Ben Joyce",31461,690829
"José Alvarado","PHI",61.2,,106.88268211920534,132.8048780487805,,,133.71333333333334,,,,117.4013622902271,92.45932872655477,111.87002961500488,"Jose Alvarado",17780,621237
"Alex Vesia","LAD",66.1,115.41601731601726,,,,117.02168604651162,,93.17894736842105,,,114.7955226641998,98.47837187789088,111.85687326549498,"Alex Vesia",25007,681911
"Joe Ryan","MIN",135,107.31342886386899,99.66222222222221,,101.83947252747251,107.13616810877627,,,,,106.31152812344445,108.27666500746639,111.50715778994524,"Joe Ryan",21390,657746
"Robert Suarez","SDP",65,119.88927325581389,117.23577464788733,94.94,,,,106.69243697478987,,,117.80349206349207,95.57056084656087,111.45115343915343,"Robert Suarez",30115,663158
"Chris Sale","ATL",177.2,99.01176691729324,100.96297029702968,,,118.12844052863436,,93.92285024154589,,,106.11900355871886,109.63854804270467,111.4438007117437,"Chris Sale",10603,519242
"George Kirby","SEA",191,101.42617676266137,105.6431098430813,102.94181818181818,114.8946357615894,95.46663817663818,,,115.68748971193413,,103.55341455160743,109.51967512690356,111.27715736040611,"George Kirby",25436,669923
"Hunter Gaddis","CLE",74.2,96.6820873786408,,,,97.4012033195021,,116.34309392265195,,,100.281329588015,110.15513108614232,111.2432958801498,"Hunter Gaddis",25636,683769
"Cole Ragans","KCR",186.1,106.71043745203377,,96.37507082152975,,127.77062656641603,,109.80791891891892,101.62037151702786,,108.42342122186496,101.19405144694534,111.23211575562699,"Cole Ragans",21846,666142
"Luis García","- - -",59,87.33382591876209,99.02488322717622,130.05066666666667,101.54155688622755,119.07447777777779,,,,,103.01176257162307,107.43452915479834,110.95635837634569,"Luis Garcia",6984,472610
"Edwin Uceta","TBR",41.2,,,106.25286713286715,,108.10307692307691,118.75333333333333,96.96567685589521,,,107.39431137724547,104.52311377245508,110.94982035928143,"Edwin Uceta",20539,670955
"Ryan Walker","SFG",80,104.31333333333333,100.19550855935586,,,132.04864272004383,,,,,114.42255389991823,102.18852581968858,110.85182683740818,"Ryan Walker",20423,676254
"Cade Smith","CLE",75.1,102.36841191066998,,,112.83278008298754,111.82739495798319,,,,,105.51112068965519,106.93725862068968,110.7751206896552,"Cade Smith",27867,671922
"Bryan Woo","SEA",121.1,107.89606674612635,106.29862944162437,,,111.7048125,,86.99296296296298,,,106.31850117096026,108.17806791569089,110.74682669789227,"Bryan Woo",30279,693433
"Yusei Kikuchi","- - -",175.2,102.82160116448327,,,,102.07455604075692,97.58322097378276,99.924012345679,,,101.37381100159067,109.19579716932796,110.7441372265489,"Yusei Kikuchi",20633,579328
"Jesus Tinoco","- - -",40.2,103.31341463414635,96.39479999999999,78.58,,116.06486646884274,,88.81333333333333,,,106.92481051399764,105.92574912233322,110.67525618867585,"Jesus Tinoco",16300,622786
"Logan Gilbert","SEA",208.2,95.94846481876331,101.33555555555559,92.21389408099688,122.49700245700244,98.61829218106996,99.98250696378831,,,,100.5009514370664,106.86328377931943,110.63924017178726,"Logan Gilbert",22250,669302
"Jhony Brito","SDP",43.2,87.3794011976048,115.80091503267974,,,109.79365853658538,,109.72150234741788,93.99285714285715,,104.81160453808748,103.3886547811993,110.51205834683957,"Jhony Brito",25386,666745
"Trent Thornton","SEA",72.1,100.65789473684211,100.17523809523807,105.1628,,111.57585964912279,131.01838235294122,106.08857142857144,,,110.95772285966461,103.31684024713157,110.5073962930273,"Trent Thornton",17948,663423
"Matt Strahm","PHI",62.2,127.23294797687866,107.67726618705038,96.80785714285715,,120.38342541436465,,,,,119.43639240506329,96.6014556962026,110.40261603375528,"Matt Strahm",13799,621381
"Andrew Kittredge","STL",70.2,91.69603174603174,96.79511936339517,,,99.8825984251968,,,,,97.71332671300895,113.88617676266135,110.14428997020865,"Andrew Kittredge",12828,552640
"Framber Valdez","HOU",176.1,87.17333333333333,95.75441696113074,,,114.9370588235294,120.36042496679944,106.80134883720935,,,106.0524958677686,100.022479338843,110.03519834710742,"Framber Valdez",17295,664285
"Kris Bubic","KCR",30.1,103.45352657004833,103.66461538461537,149.26,,91.22072727272727,,91.63350649350647,,,97.27178494623658,114.98774193548384,110.00812903225804,"Kris Bubic",21455,663460
"Zach Pop","TOR",48.1,,105.82775735294115,92.15760869565217,,119.75636363636362,,,,,106.15830832196453,104.51811732605732,109.9266030013643,"Zach Pop",20185,647315
"Gerrit Cole","NYY",95,107.52383638928069,95.36000000000001,109.43359999999998,,112.93669642857144,,83.41442622950818,113.7988850174216,,108.75661659046376,100.52755062050947,109.63827563683866,"Gerrit Cole",13125,543037
"Angel Zerpa","KCR",53.2,80.77394871794873,116.70748792270531,,,118.67967741935485,152.04666666666668,92.52742268041237,,,107.50292682926832,100.80704135737014,109.43011664899261,"Angel Zerpa",22717,672582
"Nick Pivetta","BOS",145.2,103.12928509905254,,92.91211267605634,,122.1374129125427,79.08673521850898,,,,105.0847892671564,105.57170322366963,109.41730376383597,"Nick Pivetta",15454,601713
"Blake Treinen","LAD",46.2,78.19268292682929,103.47230158730157,89.51579831932773,,129.4600704225352,,,,,108.39450340136055,104.33208163265311,109.32938775510208,"Blake Treinen",12572,595014
"Aaron Nola","PHI",199.1,106.59497181510712,103.749018404908,93.64843537414966,,,,76.10964169381107,120.91277407054335,,106.5982510223341,104.21791758414598,109.3157470902799,"Aaron Nola",16149,605400
"Jeff Hoffman","PHI",66.1,109.60334190231363,115.21424999999999,,105.67663865546218,114.64542288557219,,,,,111.65200404858295,98.46609311740892,109.26888663967605,"Jeff Hoffman",17432,656546
"Andrew Nardi","MIA",49.2,102.85785843920144,,,,111.01068965517244,,95.80571428571429,,,105.9116814159292,105.73008849557523,109.18867256637168,"Andrew Nardi",25942,677053
"Andrés Muñoz","SEA",59.1,107.8583006535948,116.89086294416248,,,114.8504250559284,,,,,117.53614203454893,95.9646641074856,109.14988483685221,"Andres Munoz",20373,662253
"Jorge Alcala","MIN",58.1,101.00014563106798,113.22571428571429,,,123.18866666666666,,90.71775280898876,,,109.48380540540536,99.65007567567574,109.13742702702707,"Jorge Alcala",19459,660896
"Hunter Harvey","- - -",50.2,103.96519434628978,,,111.91342857142857,123.97714285714285,97.95904761904761,,,,106.09184141574313,104.93658710036661,109.12360428273031,"Hunter Harvey",15507,640451
"José Soriano","LAA",113,93.55755905511812,103.85310173697269,,119.471914893617,104.74610526315789,,,101.19573696145125,,102.95754070046067,104.92233578081205,109.05673535771231,"Jose Soriano",22100,667755
"Kevin Kelly","TBR",70.2,136.46173913043478,100.26245669291339,101.58160919540231,,136.56285714285715,,,,,111.28596491228066,106.71627680311882,108.91740740740745,"Kevin Kelly",25679,687330
"Anthony Banda","LAD",49.2,94.78029411764703,114.18000000000002,,,119.00831050228311,,90.91624999999999,,,105.80716705408825,103.1842664408752,108.89043272012032,"Anthony Banda",14706,607455
"Camilo Doval","SFG",59,,93.15551282051281,97.0715873015873,,123.02710951526029,,,,,109.84668508287292,95.98480662983422,108.72872928176794,"Camilo Doval",21992,666808
"Cristopher Sánchez","PHI",181.2,,93.99158610271904,87.83999999999999,,106.05822033898305,,117.67733466933869,,,104.48173194394538,103.4667624865253,108.72799856270211,"Cristopher Sanchez",20778,650911
"Logan Webb","SFG",204.2,89.1324705882353,105.4378386844166,89.65452380952381,,97.27985294117646,,109.062101010101,,,103.53575871819041,105.94231856738917,108.70242538485704,"Logan Webb",17995,657277
"David Robertson","TEX",72,,116.03411764705882,110.51283854166671,,94.38765432098766,,74.9504761904762,111.08604938271607,,109.05973553719015,99.26880991735533,108.58971900826444,"David Robertson",8241,502085
"Blake Snell","SFG",104,93.79444579780754,,,,99.10921348314606,107.17856832971802,101.4075884244373,,,99.14377765173005,106.1889619965967,108.5733182076007,"Blake Snell",13543,605483
"Nick Martinez","CIN",142.1,90.34071278825996,92.22561497326203,86.87150812064964,,104.23153846153845,89.96703557312254,122.18208695652173,,,97.65987986635317,112.2505088289032,108.46465679428962,"Nick Martinez",12730,607259
"Luis Castillo","SEA",175.1,101.49223300970873,106.54569744597248,,,116.16767973856211,,97.74277915632753,,,105.19114670549693,105.74227884965418,108.27286494357479,"Luis Castillo",15689,622491
"Tyler Ferguson","OAK",51.1,112.77487341772152,107.78636871508375,108.69961165048545,,126.29154228855728,,100.42899999999999,,,114.16268948655262,97.35860635696822,108.21745721271392,"Tyler Ferguson",19481,621053
"Kyle Leahy","STL",48.2,87.73155844155842,,,,107.9873624288425,93.0690909090909,82.804375,,,93.21536690647486,109.36782733812952,108.2000287769784,"Kyle Leahy",24763,681517
"Bryce Miller","SEA",180.1,108.7699655765921,102.76782978723404,92.41714285714284,112.73330490405117,97.45802414928652,,,104.80786885245902,,105.66274881516594,102.33908858913597,108.17693765949693,"Bryce Miller",29837,682243
"Jared Jones","PIT",121.2,101.82012738853504,,,,106.2702102102102,88.80674157303372,96.74587301587299,,,101.82213643574826,104.88075092543627,108.16722369116864,"Jared Jones",27863,683003
"Ryan Pepiot","TBR",130,108.2459375,,101.68453124999999,,100.76377358490564,100.4062068965517,109.2643650793651,,,106.59149929939282,101.02667912190567,108.03886034563287,"Ryan Pepiot",26221,686752
"Dylan Lee","ATL",59.2,100.2844210526316,,,,111.87480851063827,,87.50211538461541,,,105.06527549824153,103.69516998827666,107.88070339976558,"Dylan Lee",19996,669276
"Elvis Peguero","MIL",51.1,,105.92019559902202,,,110.51279236276847,76.48,,,,108.20169286577995,98.90031438935912,107.78805320435305,"Elvis Peguero",21652,665625
"Chris Martin","BOS",44.1,98.46617647058825,99.70032258064515,100.31264214046826,108.18046511627908,140.29999999999998,,,,,101.09068912710565,111.63246554364476,107.74297090352219,"Chris Martin",11847,455119
"Seranthony Domínguez","- - -",58.2,114.2558732154081,111.69151003258449,,,125.3730910132712,,82.27499999999999,,,117.89610265868428,90.74208844014422,107.73156462865624,"Seranthony Dominguez",19249,622554
"Cole Sands","MIN",71.1,95.56975308641977,98.44492063492066,97.91350877192984,107.85141414141417,,111.94122699386506,,,,100.98621527777766,107.26147569444451,107.6772395833333,"Cole Sands",21461,663485
"Michael Grove","LAD",51,95.27714285714286,99.37395539059011,98.19335880933227,,98.43274731327783,,,104.1023088455772,,98.90928507692949,107.21582287453613,107.65803794354335,"Michael Grove",23221,675627
"Keegan Akin","BAL",78.2,108.14615835777124,,,,104.30523690773066,,95.84210526315789,,,105.6582799325464,104.10091062394595,107.55998313659357,"Keegan Akin",19362,669211
"Josh Winckowski","BOS",76,100.54126984126985,110.95621103117507,103.66077981651374,,110.44193939393938,,92.39647798742136,,,105.44052456112766,100.61982390918385,107.4465272752867,"Josh Winckowski",22387,670174
"Nick Mears","- - -",57.2,106.93898657502163,,,,113.25386632737846,103.36486581920903,,,,107.69073813524626,100.01636189086962,107.39867412396498,"Nick Mears",25376,683232
"Hunter Greene","CIN",150.1,105.5183615819209,,,108.52252336448599,123.80288288288286,111.06755555555556,,,,112.20583072100312,96.20376175548586,107.2813009404389,"Hunter Greene",22182,668881
"Michael Wacha","KCR",166.2,88.20838187702265,89.19909319899243,80.10459459459457,,91.33383333333335,89.90349056603776,123.95423122765196,,,99.36512959381045,105.5332224371374,107.19987620889748,"Michael Wacha",14078,608379
"Paul Sewald","ARI",39.2,118.02053191489362,,,,111.54698795180724,,88.85499999999999,,,115.24611464968152,93.91757961783438,107.14054140127392,"Paul Sewald",13892,623149
"Tim Hill","- - -",67,94.34837320243363,116.99119139784948,,,94.42588235294119,,,,,110.04745675800781,100.23669950350983,107.10267842173027,"Tim Hill",16814,657612
"Spencer Bivens","SFG",48.2,75.68680851063831,97.0190502793296,93.24815789473683,,125.92590163934426,,90.18576923076922,,,101.56920160624027,104.12910494427167,107.0921724784539,"Spencer Bivens",30226,702352
"Pierce Johnson","ATL",56.1,87.8505882352941,,94.0328205128205,,,114.1478963414634,,,,106.93803278688526,102.6617923497268,107.08834972677597,"Pierce Johnson",13435,572955
"Emilio Pagán","CIN",38,109.19517647058822,,97.27093167701865,94.79033707865169,,,,,,103.71366129127533,107.18171705357672,107.05444361746116,"Emilio Pagan",14771,641941
"Joe Jiménez","ATL",68.2,109.60274353876743,,,,102.92462962962962,,87.38000000000001,,,105.34923643054283,103.38086476540936,107.04991720331184,"Joe Jimenez",15761,641729
"Craig Kimbrel","BAL",52.1,115.62240506329114,,,,106.80170212765957,,72.53600000000002,94.41107913669069,,108.83162162162165,97.94178794178794,107.00299376299381,"Craig Kimbrel",6655,518886
"Matt Bowman","- - -",30.2,83.91333333333334,102.60601036269432,86.85673469387754,85.69893333333333,111.94609374999999,,,,,99.24181086519114,104.82925553319919,106.95585513078471,"Matt Bowman",13528,621199
"Hoby Milner","MIL",64.2,94.3388340807175,97.1322754491018,,,106.12157434402333,,88.65790209790211,,,98.33462833847273,111.4617880767641,106.75771996027808,"Hoby Milner",13346,571948
"Patrick Sandoval","LAA",79.2,88.94770562770562,94.27370517928286,,,122.0464265927978,95.57923076923079,114.06239608801958,,,104.39930362116989,98.79224233983288,106.71718662952644,"Patrick Sandoval",19447,663776
"Carlos Rodón","NYY",175,101.6159503592423,,93.79119266055048,,124.36509316770186,102.50645914396888,115.40039999999999,,,109.09202711426728,97.30552614590057,106.68164622336992,"Carlos Rodon",16137,607074
"Pablo López","MIN",185.1,93.64484349258649,106.46785388127856,,,92.46113496932514,99.74684563758389,87.38110183639397,,,93.64889038332214,113.27292535305992,106.60843981170136,"Pablo Lopez",17085,641154
"José Ruiz","PHI",51,102.17296803652968,94.23154639175256,,,87.76137931034482,116.30231003039516,93.76518518518517,,,105.21900867410162,102.27135068153659,106.33499380421316,"Jose Ruiz",14552,614179
"Carlos Estévez","- - -",55,101.12167330677289,,,,118.81012987012987,98.46,83.30847058823528,,,104.21619842856668,103.2004847082736,106.2907469798298,"Carlos Estevez",14542,608032
"Kyle Bradish","BAL",39.1,94.26681818181818,94.52371747211896,,,109.01452736318407,98.49741379310345,,,,99.51557206537888,107.59655274888559,106.12933135215454,"Kyle Bradish",24586,680694
"Brandon Pfaadt","ARI",181.2,97.8111468381565,96.05796774193551,,80.3,121.41407601572743,94.35324324324326,81.09661341853032,,,101.71494971264364,106.54836206896553,106.072183908046,"Brandon Pfaadt",27782,694297
"Chris Paddack","MIN",88.1,88.68130990415335,,,,90.87496124031007,92.03585858585858,101.53873015873016,,,92.83675190048378,112.52920525224607,106.04930200414653,"Chris Paddack",20099,663978
"Hunter Strickland","LAA",73.1,94.87436314363146,100.18807692307692,125.18049382716053,,108.31151020408167,,76.13267605633804,,,104.6128027681661,102.16740484429066,106.04313148788921,"Hunter Strickland",7836,519326
"Ryne Stanek","- - -",55.1,101.93846416382253,97.13499999999999,,132.3288995215311,114.12296296296297,,,,,110.3809565755523,93.69830638598292,106.03866907117671,"Ryne Stanek",15947,592773
"Shota Imanaga","CHC",173.1,104.46148588410104,76.88481481481482,83.83666666666666,85.75170670037929,115.22884422110552,80.20547619047622,97.66059999999999,,,97.85664591439688,109.19628793774316,106.03376653696498,"Shota Imanaga",33829,684007
"Jared Koenig","MIL",62,152.25333333333333,101.31323024054983,111.81453124999999,,,143.2603007518797,90.80799999999998,,,109.32661652952866,99.47364470026756,105.92455409442806,"Jared Koenig",27517,657649
"Brayan Bello","BOS",162.1,88.00992248062018,103.71596700274979,,,95.07571052631577,,89.18490410958904,,,96.6256414048059,107.40155268022176,105.8861072088725,"Brayan Bello",23920,678394
"Nate Pearson","- - -",66.1,101.9628368606702,114.63000000000001,,126.78,111.25950046435938,134.85782076441456,,,,109.78485837387824,96.79483940277083,105.73629670685291,"Nate Pearson",20160,663878
"Garrett Cleavinger","TBR",60,105.52752000000001,119.0017391304348,109.84227272727273,,122.26989247311829,,,,,113.9699802761341,93.59814595660747,105.73538461538463,"Garrett Cleavinger",17897,664076
"Carmen Mlodzinski","PIT",50.2,97.77165217391304,,97.5179190751445,,122.41480535342545,,101.07333333333334,,,106.17155349285689,101.06095793437197,105.7154350280418,"Carmen Mlodzinski",27572,669387
"Ryan Pressly","HOU",56.2,94.40315112540195,102.0505882352941,,,107.66364312267658,116.33321739130437,101.15999999999998,,,104.49463362068974,99.85849137931035,105.68439655172418,"Ryan Pressly",7005,519151
"John King","STL",60,92.23166666666667,103.80302419354842,,,120.41425742574259,,82.62580086580087,,,99.6760384153661,106.5003361344538,105.53238895558219,"John King",22051,667463
"Chad Green","TOR",53.1,99.73718253968255,,83.3,,108.94012121212123,,,,,103.23835125448024,104.18781362007174,105.48654719235363,"Chad Green",15552,643338
"Ranger Suárez","PHI",150.2,85.7598657718121,101.24246498599439,96.62036231884058,,71.86,103.68308370044052,98.42849462365592,,,97.6204259094942,109.08042590949424,105.45591836734692,"Ranger Suarez",17277,624133
"Sonny Gray","STL",166.1,89.8264983164983,99.33203619909501,83.07678733031673,,122.13424000000002,80.4505507246377,79.44301886792451,,,94.88589567327136,105.81520420541848,105.43472705216335,"Sonny Gray",12768,543243
"Bryan Hudson","MIL",62.1,97.22645962732918,,91.87333333333336,,109.44648148148147,,,,,98.79133261105092,108.96777898158183,105.36483206933913,"Bryan Hudson",19924,663542
"Aaron Bummer","ATL",55.1,100.48350515463918,103.54489690721654,102.06326530612243,,122.8057985257985,134.37363636363636,82.53636363636362,,,111.69761316872425,99.1174691358025,105.33080246913579,"Aaron Bummer",16258,607481
"David Bednar","PIT",57.2,112.92929577464793,,,109.77461224489797,,104.02755980861247,,,,110.3526594700687,95.8415309126594,105.29660451422961,"David Bednar",19569,670280
"A.J. Minter","ATL",34.1,105.54963855421688,,113.09077777777777,,,,95.17673913043478,,,106.3189210019268,100.08077071290947,105.28369942196538,"A.J. Minter",18655,621345
"Cam Booser","BOS",42.2,111.61263157894734,,103.25520325203252,,110.47402439024387,,,,,108.35953757225425,97.81745664739886,105.1256647398844,"Cam Booser",16061,592155
"Slade Cecconi","ARI",77,91.67988716502117,,,,99.75421221864953,100.09931034482759,98.82522292993632,,,95.1693722555798,112.46632996019824,105.0873410785434,"Slade Cecconi",27500,677944
"Tanner Houck","BOS",178.2,,103.11995480225987,86.1895,89.4657142857143,108.72818744473918,,,,,101.79378854625556,104.94916299559472,104.9848384728341,"Tanner Houck",19879,656557
"Joel Payamps","MIL",59,107.63364864864872,91.0275581395349,,,107.38116022099445,,81.41333333333333,,,102.37903910614521,104.68176536312845,104.7800670391062,"Joel Payamps",14332,606303
"Raisel Iglesias","ATL",69.1,99.73219696969701,102.28737967914438,,,122.99812500000006,,90.17164912280704,,,103.24661551577152,101.84995737425398,104.76460358056262,"Raisel Iglesias",17130,628452
"Jason Foley","DET",60,94.11805555555556,102.66062240663902,,,107.03693950177939,,78.58204081632653,,,102.02818594104309,105.07321995464847,104.72879818594103,"Jason Foley",19531,671345
"Luke Jackson","- - -",53,86.34302405498282,,83.3075,,110.72524921772981,103.62403100775191,,,,101.71345746457489,101.51669861369565,104.70838006687077,"Luke Jackson",11752,592426
"MacKenzie Gore","WSN",166.1,103.11076644538319,,,,101.5332942898975,107.14808873720135,98.08274368231045,,,102.6320523138833,100.08093226022802,104.56832327297118,"MacKenzie Gore",22201,669022
"Kyle Finnegan","WSN",63.2,101.7149514563107,,,104.84675958188153,124.31864406779661,,,,,103.81416430594895,104.37888574126539,104.40523135033045,"Kyle Finnegan",15009,640448
"Yoshinobu Yamamoto","LAD",90,83.45217241379308,98.83238095238096,89.00871794871796,109.41210374639773,114.18734693877552,91.5452121212121,,,,93.46394644115574,109.29157152924599,104.34617336152218,"Yoshinobu Yamamoto",33825,808967
"Daniel Hudson","LAD",63,100.455991902834,98.4068,,,100.95869674185461,,85.66648648648649,,,104.02446494464944,104.05983394833943,104.33725092250923,"Daniel Hudson",7146,543339
"Zach Eflin","- - -",165.1,90.55384267316394,95.0963249015136,95.20424231951675,,118.57033787330552,115.27707954383463,81.85485458612975,,,99.85417565729523,108.08458952322822,104.32818276369022,"Zach Eflin",13774,621107
"Kevin Ginkel","ARI",70,83.68908794788273,93.1448695652174,,,107.99235164835166,,,,,93.96566101694917,110.39169491525423,104.23086440677965,"Kevin Ginkel",19876,656464
"Nestor Cortes","NYY",174.1,107.41899841017486,119.3115,101.9386449184442,,108.61747569808745,,95.4802181818182,,,105.15306877616874,99.73419797216691,104.22587678099974,"Nestor Cortes",17874,641482
"Luke Weaver","NYY",84,107.61334346504557,,92.14077669902913,,,,99.54015873015874,85.54705882352941,,101.61327917282127,98.84175775480061,104.19682422451997,"Luke Weaver",16918,596133
"Justin Wilson","CIN",46.2,103.15133663366335,,96.17857142857143,98.17777777777779,124.10888888888887,,,,,106.7246134969325,98.86898159509195,104.06353374233126,"Justin Wilson",4301,458677
"Tanner Banks","- - -",72.1,95.02384860675036,100.17272727272727,,,102.47895833333335,126.15451428571431,95.60102677307975,,,102.65811851744373,101.41676950163523,103.94755472437028,"Tanner Banks",16990,621383
"Hunter Brown","HOU",170,104.0437337227776,110.7213961257413,100.32095312360751,,97.48283783783785,,88.73192566760616,102.86317413905137,,102.16148508723646,101.01785132269225,103.9319172013502,"Hunter Brown",25880,686613
"James McArthur","KCR",56.2,79.28938271604936,96.19496894409936,,,91.1841237113402,122.45052631578949,,,,102.45155210643013,101.27552106430161,103.89476718403542,"James McArthur",21527,663704
"Justin Steele","CHC",134.2,96.0234646962233,100.4097247706422,,,121.55726973684209,118.00818181818181,89.13194029850744,,,104.11178553861286,100.88872602065908,103.8323069355632,"Justin Steele",17312,657006
"Jack Flaherty","- - -",162,102.67850862091657,83.36979332273448,,,93.36311043404199,,82.64369714285712,108.44929454685101,,100.28302356847888,103.6439365119012,103.74306183922806,"Jack Flaherty",17479,656427
"Robert Garcia","WSN",59.2,102.30736000000002,,,,114.10172185430461,,94.71450847457628,,,101.83432518597232,106.01113708820398,103.67185972369822,"Robert Garcia",23363,676395
"Jakob Junis","- - -",67,101.79787234042553,83.16322580645162,84.3,,110.77461358313818,,71.53468354430379,,,96.58904669984754,112.65265902161241,103.6248229755179,"Jakob Junis",13619,596001
"Randy Rodríguez","SFG",52.1,108.05933788361895,99.47741379310345,,,107.92118407494145,,94.54135435992578,,,106.64601347065755,95.418012624966,103.57786402488749,"Randy Rodriguez",23974,678495
"Steven Matz","STL",44.1,,88.5211086474501,,,90.18653846153846,104.3175438596491,101.92938144329895,,,93.29059087167292,111.2048384097076,103.49838089575901,"Steven Matz",13361,571927
"Kutter Crawford","BOS",183.2,105.06226890756305,,95.32911504424777,101.8396694214876,105.08835249042144,,,78.10633663366337,,99.75271306818192,104.22772017045462,103.46754261363641,"Kutter Crawford",20531,676710
"Max Fried","ATL",174.1,102.58042128603103,105.4722196796339,104.44630872483224,,107.65040685224834,104.01827586206898,91.03246684350134,,,102.5717937545389,98.27666666666664,103.31889615105302,"Max Fried",13743,608331
"Reed Garrett","NYM",57.1,107.09068322981365,111.68478632478632,108.68542222222223,118.57621621621624,112.78712041884816,,,,,115.53566600397612,85.30421471172966,103.27395626242551,"Reed Garrett",16866,657585
"Mitch Spence","OAK",151.1,,89.03812672176308,95.63747454175152,,102.06269135802471,116.68260869565216,80.08814814814815,,,99.14465168036287,103.26085398994675,103.25376414227897,"Mitch Spence",27707,687765
"JoJo Romero","STL",59,85.17296703296705,108.16295264623957,,,121.77070512820515,,88.87961783439488,,,107.19899233296823,96.26558598028478,103.25204819277113,"JoJo Romero",19574,668941
"Taj Bradley","TBR",138,108.44188087774293,,106.89003875968993,109.88344155844158,,97.90078048780488,,,,107.52808045474417,93.1379711412331,103.2354088325317,"Taj Bradley",22543,671737
"Jordan Wicks","CHC",46,101.06837696335077,95.43142857142858,108.00833333333333,,114.05324324324323,93.45846153846153,104.80509090909092,,,102.06944745271065,99.97974602587189,103.10918044757507,"Jordan Wicks",30094,696136
"Mike Baumann","- - -",58.1,101.77247113163972,102.74,,,92.19204724409447,,90.925,122.3612324929972,,106.15538894095594,93.85030927835054,103.0883411433927,"Mike Baumann",20206,657508
"Sean Hjelle","SFG",80.2,,93.12935338345862,80.00656250000002,,,,,110.91197115384618,,97.9278762541806,106.31749163879599,103.03921404682279,"Sean Hjelle",21481,663546
"Casey Mize","DET",102.1,93.09212735166425,104.6525,,102.83919753086418,95.66560483870968,,,95.25940298507464,,96.66887436389477,106.20195487500575,103.01224945149227,"Casey Mize",20492,663554
"Gavin Williams","CLE",76,100.03150568181819,,103.3059756097561,,101.3865806451613,96.72767527675278,87.14756756756756,,,99.26002945508098,103.44533136966129,102.96692194403538,"Gavin Williams",30122,668909
"Luis Gil","NYY",151.2,107.10988452655889,,,,117.38173913043482,,94.65340267459136,,,106.67754372623571,92.11804562737642,102.85971102661597,"Luis Gil",21052,661563
"Bailey Ober","MIN",178.2,94.92062256809338,,90.52764258555136,,94.13322884012538,88.29548387096774,93.02941919191917,,,93.34024544440317,109.07808850873934,102.82313127556715,"Bailey Ober",21224,641927
"Tayler Scott","HOU",68.2,105.33118788972354,102.0078125,,94.21863961722487,103.12336359190654,,,,,102.18892435052562,100.58996668663654,102.8173996514351,"Tayler Scott",13652,605463
"Nathan Eovaldi","TEX",170.2,96.4320326864147,,95.07211340206185,106.16881188118813,96.44229885057474,103.45532033426184,,,,100.18245319067638,103.9232556362247,102.76962934658009,"Nathan Eovaldi",9132,543135
"Erik Miller","SFG",67.1,88.41865206979128,,,,131.35017482517475,,100.59459424724602,,,99.53410198728596,103.092442552404,102.70675689840883,"Erik Miller",26252,669062
"Brant Hurter","DET",45.1,86.64869565217391,106.65895384615386,,,120.73565656565654,,80.81131578947368,,,106.51480736020304,100.28480261524456,102.58633987144471,"Brant Hurter",30133,676428
"Joe Musgrove","SDP",99.2,97.11077777777777,90.19064516129032,106.17324137931035,,113.20618279569895,119.09451807228918,79.5718918918919,,,105.9213545266068,97.9856530753283,102.56789219073946,"Joe Musgrove",12970,605397
"Christian Scott","NYM",47.1,99.27942307692307,,,96.69000000000001,109.33996539792386,,,,,102.51783439490445,100.37212738853505,102.54935031847134,"Christian Scott",30107,681035
"Gregory Soto","- - -",53,99.34595006477964,109.3750020219085,91.01142857142857,,124.08056582817713,,,,,113.23884117393061,92.75027832859824,102.45608967571418,"Gregory Soto",19677,642397
"David Festa","MIN",64.1,99.31601809954753,,,,99.64292263610315,,91.83668831168832,,,97.3167688567853,102.50101868133923,102.37514834867208,"David Festa",30056,701581
"Jason Adam","- - -",73.2,102.3979106101827,,,,116.55923216461834,,103.13457851239671,,,107.01542370529582,93.4286168781095,102.32052590436867,"Jason Adam",11861,592094
"Cionel Pérez","BAL",53.2,89.87856459330143,110.53909090909092,,,104.61858024691358,,,,,103.2561960326721,99.2908518086348,102.31775962660444,"Cionel Perez",19614,672335
"Zack Littell","TBR",156.1,89.61089253187615,84.57222826086957,,108.6073611111111,100.37188508064516,,,,,93.73731916632605,107.99151614221495,102.30768287699226,"Zack Littell",15823,641793
"Kevin Gausman","TOR",181,99.31791143423662,96.1252564102564,,94.76673618352447,93.52418410041841,,,,,97.13630434782608,103.98572230014022,102.16625525946705,"Kevin Gausman",14107,592332
"Will Vest","DET",70.1,90.4946518987342,113.36924137931035,,,105.55225806451612,,106.12928571428576,,,98.235440140845,105.54751760563383,102.0124647887324,"Will Vest",19769,676684
"Gavin Stone","LAD",140.1,93.91691729323307,107.67995884773663,84.85060869565217,,99.03995833333332,80.83692307692307,94.59158813263525,,,96.90690298507464,102.91628731343283,101.93085820895527,"Gavin Stone",27792,694813
"Bowden Francis","TOR",103.2,101.68962500000002,82.22444444444444,,101.64682926829269,87.0962237762238,105.06671378091875,,,,100.40630841756068,102.46118870042696,101.88718880348732,"Bowden Francis",20548,670102
"Clarke Schmidt","NYY",85.1,,87.04655737704918,103.67426326129667,,109.7981967213115,,89.26444444444445,121.04022641509435,,104.8099380591879,98.28912594631801,101.87731589814177,"Clarke Schmidt",19899,657376
"Jake Cousins","NYY",38,109.36666666666667,99.24958139534883,,,120.23456264775415,,,,,113.14809968847355,91.17900311526476,101.77560747663553,"Jake Cousins",21620,664776
"Ryne Nelson","ARI",150.2,104.17454138702463,,87.62375565610861,,101.85732258064517,89.43080291970801,100.27966386554621,,,99.78124941370291,103.29124457238896,101.7109761454915,"Ryne Nelson",26253,669194
"Matthew Liberatore","STL",86,88.50682291666665,101.15696750902525,101.43758620689655,,124.29711229946523,154.7018181818182,81.03333333333333,,,106.59810959656244,95.22440069830694,101.69849556126185,"Matthew Liberatore",22294,669461
"Luis Severino","NYM",182,100.83521951219511,101.70567039106145,97.22695278969955,,124.49379925650558,,97.56129032258065,,,107.53346995484542,96.12334838485579,101.69779784647447,"Luis Severino",15890,622663
"Paul Blackburn","- - -",75.1,82.23830508474576,87.34424242424244,92.06786516853931,,95.41336633663366,94.27284552845528,84.24611872146117,,,88.93625842985367,108.80407360820735,101.67138880456413,"Paul Blackburn",14739,621112
"Calvin Faucher","MIA",53.2,,90.06853658536585,112.16457446808506,,120.24470588235292,98.15013953488375,,,,102.326517311609,99.60920570264766,101.66810590631364,"Calvin Faucher",20116,676534
"Frankie Montas","- - -",150.2,98.42877434135168,99.29690476190476,103.87569105691053,110.92691511387163,118.7668327402135,,,,,104.09022028281858,97.14154638462692,101.63250798427094,"Frankie Montas",14309,593423
"Reid Detmers","LAA",87.1,97.34831275720163,,,,120.65338199513381,93.6444933920705,95.43531531531534,,,102.04095176848877,99.82096463022508,101.60872025723476,"Reid Detmers",27468,672282
"Colin Holderman","PIT",51.1,108.10333333333334,101.79696428571427,102.2,,123.18809756097565,,,,,112.10144522144526,90.00517482517486,101.59254079254086,"Colin Holderman",22361,670059
"J.T. Ginn","OAK",34,82.66,96.12372623574144,,,88.81597484276729,,83.43333333333332,,,91.54626782519806,108.02089155805434,101.44755745804582,"J.T. Ginn",27889,669372
"Tyler Alexander","TBR",107.2,106.18494623655914,89.28694063926939,97.55577358490567,,115.4796584448716,,83.4067543859649,,,100.17080597042647,105.33105484583241,101.44682015505633,"Tyler Alexander",17735,641302
"Shawn Armstrong","- - -",66.2,100.87545426579163,102.14812632590163,97.48384898027979,,119.76001292824823,,,,,103.49874499551422,103.18616646932682,101.40059932124532,"Shawn Armstrong",12857,542888
"Justin Verlander","HOU",90.1,99.46694408322494,,,,126.35232786885246,116.47335260115607,116.21712499999998,,,110.06789107029768,92.60531982267257,101.37025965801142,"Justin Verlander",8700,434378
"Carlos Hernández","KCR",30,103.32831683168318,,,90.4659375,114.73592920353984,,,114.75375,,105.79242857142856,96.26642857142862,101.37007142857145,"Carlos Hernandez",22713,672578
"Erick Fedde","- - -",177.1,75.53999999999999,79.88047138047138,89.33449678800856,,108.431217838765,,79.57105485232069,,,88.59188208584264,111.01086759657137,101.36736217239405,"Erick Fedde",17425,607200
"Cody Bradford","TEX",76.1,79.72895765472312,,78.8725,,86.0429268292683,102.87439999999998,92.6829906542056,,,86.63504341488151,115.25565258135198,101.31865348978987,"Cody Bradford",27597,674003
"Brent Suter","CIN",65.2,102.09835616438355,102.88537037037038,,,92.37568862275445,,94.0189108910891,,,99.13269843264689,101.85267802533856,101.30292620453982,"Brent Suter",13942,608718
"Jesús Luzardo","MIA",66.2,90.39831381733022,88.29844444444443,,,118.5691772151899,89.22,90.50056451612905,,,98.44323774283073,100.86588344125809,101.25861239592967,"Jesus Luzardo",19959,666200
"Burch Smith","- - -",56.1,109.5605357142857,78.7,97.55791666666669,,116.97180722891567,88.75756097560976,77.07714285714287,,,103.52473088618237,97.51158581829903,101.16297324221179,"Burch Smith",12784,572143
"Luis L. Ortiz","PIT",135.2,98.30986062717768,104.44213768115942,92.13445497630333,,108.93311304347824,,89.388,,,101.43935927717428,99.71709549347527,101.15575638437659,"Luis L. Ortiz",27646,682847
"Manuel Rodríguez","TBR",37.2,97.00264705882353,109.70994652406418,,,111.03819935691317,,,,,107.21923333333336,94.72079999999998,101.12389999999994,"Manuel Rodriguez",20794,655889
"Yohan Ramírez","- - -",45,85.0803470754052,108.84129870129871,,,125.47737556561086,95.65941747572818,,,,107.93786762704197,94.45730832550508,101.08548559736454,"Yohan Ramirez",19444,670990
"Drew Smyly","CHC",58.2,,91.67905737704918,83.29176470588236,,,,,122.91611336032386,,106.6686053412463,96.78880316518297,101.0793669634025,"Drew Smyly",11760,592767
"Joey Estes","OAK",127.2,88.37927480916031,72.34441176470588,98.37571428571428,,119.72795212073899,,83.00800000000001,,,98.66987966190032,107.05480274617587,101.03590225198971,"Joey Estes",26257,683155
"Derek Law","WSN",90,91.23279569892476,80.87776119402987,90.38822393822393,,113.10671532846712,108.59404255319151,98.62028985507247,,,97.46924778761058,103.42157817109145,100.99529498525074,"Derek Law",13133,571882
"Jorge López","- - -",53,85.80600000000001,102.27972508591066,,,110.23121621621623,,102.30638297872342,110.96490566037738,,101.60311999720979,99.99408715972307,100.92893047102525,"Jorge Lopez",14527,605347
"Freddy Peralta","MIL",173.2,100.60682808716706,,,,106.20180722891568,96.73289719626166,87.59402985074625,,,99.2410495049505,102.76582178217825,100.73407920792081,"Freddy Peralta",18679,642547
"Spencer Turnbull","PHI",54.1,87.40225705329154,82.3529203539823,,,116.16498976974715,107.94463414634146,85.57265306122449,,,101.37606356708737,99.67556196429483,100.70990340926545,"Spencer Turnbull",16207,605513
"Bryan Abreu","HOU",78.1,100.90756388415672,,,,114.17109118086694,,105.476,,,107.9167434471803,92.30779984114375,100.69059571088164,"Bryan Abreu",16609,650556
"Max Scherzer","TEX",43.1,100.65129251700681,,105.35073170731708,,100.9745945945946,97.73827956989247,92.80408602150537,,,99.49798798798797,102.94714714714718,100.58123123123121,"Max Scherzer",3137,453286
"Aaron Civale","- - -",161,96.0366917293233,80.70986132511555,102.25861910241657,76.00592592592592,138.24093558462297,140.42630331753554,,,,107.81142330242096,95.34791110014127,100.57061564891278,"Aaron Civale",19479,650644
"Austin Voth","SEA",61,102.43584415584414,,98.0099088145897,,100.61799999999998,111.20999999999995,,,,102.18429599177806,99.55066803699901,100.56160328879749,"Austin Voth",15047,608723
"Phil Maton","- - -",64,,65.60582388059701,87.89651941535776,,90.34624759048985,140.97454384969424,,,,102.16556788127453,93.9563268471763,100.55303650300561,"Phil Maton",18064,664208
"Scott Alexander","OAK",38.2,,98.37517808219178,,,105.64859374999999,,94.11342465753425,,,99.45271758436945,99.71914742451155,100.53346358792186,"Scott Alexander",10591,518397
"Adam Ottavino","NYM",56,117.8729166666667,104.87964705882352,95.42471698113205,,120.06781308411212,,89.19439999999999,,,109.3454728370221,95.5685915492958,100.53317907444662,"Adam Ottavino",1247,493603
"Lucas Sims","- - -",49.1,99.88453237410071,,97.85547445255473,87.43,131.08139863026227,102.60000000000001,,,,114.7447133304727,86.38968933705213,100.5145129085318,"Lucas Sims",13470,608371
"Joe Mantiply","ARI",59.2,87.1815789473684,106.07335135135133,,,,106.94582608695652,104.92122270742358,,,105.18897548063455,97.3002561842502,100.49204552935768,"Joe Mantiply",14857,573009
"Andrew Heaney","TEX",160,97.42288011695906,108.53105263157896,86.38,,93.05810526315788,82.53191919191921,91.31049676025916,,,94.77993443222793,107.12127864255154,100.42632577177706,"Andrew Heaney",15423,571760
"Jack Kochanowicz","LAA",65.1,88.7732075471698,95.28379421221864,,,,108.81822784810126,92.42538461538462,,,97.27859976662778,103.58627771295211,100.35089848308051,"Jack Kochanowicz",27688,686799
"Jacob Barnes","WSN",66,102.7922580645161,,93.58247723132966,,97.20634146341463,,,,,98.03883512544806,101.65426523297491,100.30682795698922,"Jacob Barnes",12323,606930
"Wandy Peralta","SDP",38.1,87.20549019607843,94.0525321888412,,,111.32166666666669,,102.4609638554217,,,98.76692832764506,96.21532423208187,100.2334470989761,"Wandy Peralta",14295,593974
"Beau Brieske","DET",67.2,101.25646431061689,101.6449479992949,,,110.67185929648241,,103.47035639770067,,,103.56679468450079,96.83358281751359,100.2105507756808,"Beau Brieske",26079,689225
"Jack Leiter","TEX",35.2,107.11850144092217,,75.07000000000001,,101.26102564102565,97.0678947368421,91.60358974358974,,,102.80608384221962,97.39432764100268,100.16114449068772,"Jack Leiter",30146,683004
"Bryan Hoeing","- - -",53.2,80.89446808510637,95.07979746835444,,100.56409937888199,100.236312849162,,,,,96.54697281556476,103.16819869374,100.1154383601576,"Bryan Hoeing",26304,663773
"Alexis Díaz","CIN",56.1,98.86168717047448,,,,102.47756690997565,,,,,100.42100307062435,96.44092118730804,100.08171954964178,"Alexis Diaz",21132,664747
"Jonathan Cannon","CHW",124.1,98.7620080321285,92.7718309859155,86.54835897435898,,116.84253393665159,,85.60601583113457,,,96.23397681743074,103.30642555142936,100.05866562649074,"Jonathan Cannon",31730,686563
"Landen Roupp","SFG",50.1,87.13549019607842,97.45220708446867,,,92.24,114.98150000000001,83.73670588235294,,,103.43260771775083,98.08660985497413,100.00775445678907,"Landen Roupp",30076,694738
"Yu Darvish","SDP",81.2,109.04214285714286,94.97797979797977,92.0852,93.5108256880734,98.09272930648767,85.73134020618555,,91.46031746031746,,96.36431472081219,103.55233502538076,99.98365482233503,"Yu Darvish",13074,506433
"Andre Pallante","STL",121.1,94.33501419809176,107.27827806824438,,,89.86347040109415,,,104.16703825136612,,97.26569793833724,101.08713593295575,99.92645873446251,"Andre Pallante",26108,669467
"José Leclerc","TEX",66.2,102.16357142857144,86.60776470588237,109.81650793650793,,127.02226221079688,,78.48829268292684,,,107.89399163179914,91.13653556485359,99.82587447698747,"Jose Leclerc",14524,600917
"Keaton Winn","SFG",55.1,85.03962790697675,99.49617283950617,,113.58900000000003,107.99606837606837,,,,,102.67776173285199,94.61034897713597,99.80274368231048,"Keaton Winn",23499,676775
"Tylor Megill","NYM",78,100.1926645768025,112.95074626865673,90.14258064516129,120.6806,109.97844609665428,94.12448598130842,116.46799999999999,,,102.64860563078345,95.15923341959922,99.77822815303317,"Tylor Megill",21318,656731
"Shane Baz","TBR",79.1,97.4316955017301,,,,104.44894941634239,114.40526315789474,82.60016129032257,,,100.91020781379886,97.8606982543641,99.7395344970906,"Shane Baz",22264,669358
"Victor Vodnik","COL",73.2,93.78329177057356,,,,111.54574803149605,,112.89209302325581,,,100.44425098039217,98.26508235294116,99.67469803921563,"Victor Vodnik",24614,680767
"Ryan Weathers","MIA",86.2,95.21180035650625,89.64245614035084,,,120.77323340471092,,101.33542234332425,,,101.2660610361959,98.50536550745205,99.62945351312986,"Ryan Weathers",23796,677960
"Génesis Cabrera","TOR",62.2,117.46147368421056,102.16224137931034,123.10083950617286,,,91.6,86.81772151898733,,,110.74265107212466,89.03152046783626,99.62512670565302,"Genesis Cabrera",17490,650893
"Michel Otañez","OAK",34,123.54696356275304,117.43757009345792,,,122.06153846153845,,,,,121.85956666666665,80.45999999999997,99.55933333333329,"Michel Otanez",22533,671305
"Brock Burke","- - -",34,94.98728476821192,113.22148148148148,,,103.33395973154364,,105.18969072164946,,,99.72747826086957,99.84086956521739,99.45488695652175,"Brock Burke",17968,656271
"Hunter Stratton","PIT",37.2,105.98663414634149,102.28,103.56711538461538,,121.10977099236642,,,,,108.7708137432188,92.74716094032544,99.44810126582276,"Hunter Stratton",23455,676702
"Ian Hamilton","NYY",37.2,88.83122302158273,102.38236111111112,,,111.82416666666664,,,,,104.46449111470113,96.95399030694668,99.41418416801292,"Ian Hamilton",19261,641656
"Hayden Wesneski","CHC",67.2,85.07198979591837,102.35383333333333,81.94442105263157,,109.12321100917431,,91.75437499999998,,,96.70083652447869,102.22386961594681,99.38757561832577,"Hayden Wesneski",27581,669713
"Nick Lodolo","CIN",115.1,95.15052369077307,102.64445344129555,,,,124.93874263261297,95.01045751633987,,,104.22280947255112,98.95854682454251,99.38165769644779,"Nick Lodolo",26378,666157
"Ross Stripling","OAK",85.1,74.77678832116788,83.08715025906736,85.41731481481482,,103.23769230769231,,102.4062761506276,83.3940170940171,,87.06719243042495,113.12449812296795,99.36887355732706,"Ross Stripling",13273,548389
"Clayton Kershaw","LAD",30,91.78282485875705,88.84666666666665,,90.23090909090911,103.37463636363637,107.5621951219512,76.45142857142856,,,99.12083499005963,96.95892644135189,99.30882703777334,"Clayton Kershaw",2036,477132
"Justin Lawrence","COL",59.2,,94.75720634920636,,,127.00936363636363,,,,,108.10061224489792,94.42391465677179,99.2817625231911,"Justin Lawrence",17639,664875
"Dylan Floro","- - -",68.2,87.93180124223599,93.08267489711935,,,92.25036496350367,,84.89463917525774,,,93.21673277578653,106.545755405627,99.22744013399864,"Dylan Floro",13394,571670
"Michael Tonkin","- - -",79.1,102.076472350417,98.38279003589882,,,112.61597647486865,,,,,105.69410182512843,98.57955858989533,99.10776110370512,"Michael Tonkin",10315,543859
"Tyler Holton","DET",94.1,96.67480392156864,105.80429001666026,96.30333333333333,,113.37497584541065,113.67999999999999,87.12189723320158,,,99.582893435942,101.14009537213508,99.07409936925042,"Tyler Holton",26231,663947
"Michael King","SDP",173.2,99.61877192982455,97.81804320203301,,,108.5767689822294,,77.89163059163059,,,96.73502152080341,102.19426111908177,99.0666642754663,"Michael King",19853,650633
"Tim Mayza","- - -",42.2,91.54666666666667,99.40460601811274,,,99.08627404580153,,,,,99.29548592505692,98.64696370860165,99.04905413877252,"Tim Mayza",15042,641835
"Michael Kelly","OAK",31.1,75.27840000000002,90.19,,,114.89793570219963,,,,,106.29871244635197,96.88866952789704,99.01922746781118,"Michael Kelly",12791,547184
"Keegan Thompson","CHC",30.1,96.01770833333335,88.6222222222222,97.84222222222222,,112.79783783783785,118.24536585365853,83.90833333333335,,,102.05648598130838,94.90785046728975,99.00571962616822,"Keegan Thompson",19795,624522
"John Schreiber","KCR",51.2,96.18401826484018,104.42551724137931,84.76337837837839,,112.36464730290457,,75.87527272727273,,,99.60428731762066,102.22525252525253,98.96873176206518,"John Schreiber",20020,670167
"Jacob Latz","TEX",43.2,107.705905707196,,,,100.8188172043011,87.06682926829268,95.44456521739134,,,102.32024600246002,94.63576875768763,98.93687576875773,"Jacob Latz",21306,656641
"Cooper Criswell","BOS",99.1,,92.75773512476007,85.50066420664207,,114.88161517356555,,84.1364705882353,,,96.2855758317275,103.06234816825558,98.85994560242798,"Cooper Criswell",24975,681867
"Randy Vásquez","SDP",98,103.09916666666665,100.30792452830187,100.35714285714288,,115.99668639053256,106.42831325301206,83.46590476190477,,,101.78066706372846,97.37561643835613,98.77478260869557,"Randy Vasquez",24719,681190
"Jameson Taillon","CHC",165.1,80.87262585034013,79.66346863468632,91.4264308681672,,117.51241558441556,98.22961538461537,76.58245283018869,,,91.44597171717176,107.56751515151515,98.75871515151512,"Jameson Taillon",11674,592791
"Davis Daniel","LAA",30.1,83.27926229508196,,,,113.70859504132231,93.85641025641026,83.60115384615384,,,91.38649504950494,109.41952475247525,98.73960396039604,"Davis Daniel",27582,669721
"Jake Irvin","WSN",187.2,98.95819601040762,103.43339743589743,89.09577889447235,,123.31333333333333,102.22333683105981,80.68796296296297,,,99.67630971993404,101.5577726523888,98.68262932454692,"Jake Irvin",21504,663623
"Zac Gallen","ARI",148,95.61452976704055,104.24,95.88493506493508,,93.12045871559634,,83.9560113960114,88.67487031700286,,91.8556646706587,103.6982754491018,98.63055489021957,"Zac Gallen",19291,668678
"Tim Herrin","CLE",65.2,88.75802469135802,113.50831999999997,,,98.06848708487087,112.68748571428569,,,,102.8943002028399,98.11971602434082,98.61174442190672,"Tim Herrin",25139,682120
"Kenta Maeda","DET",112.1,85.80904545454544,87.0677142857143,96.73374999999999,97.34360655737706,94.70670269011441,92.88516129032259,,,,92.83864167003122,104.63092555603802,98.55461394113453,"Kenta Maeda",18498,628317
"Will Smith","KCR",41.1,76.71589743589743,,,,111.88996677740866,91.04860759493671,88.97244897959183,,,95.85523238380809,101.7333133433283,98.54020989505244,"Will Smith",8048,519293
"Louie Varland","MIN",49.2,100.34323759791124,97.81,99.23255999999999,,,,92.72255319148937,107.36671428571428,,100.30181588684127,97.44285874390366,98.53491538148063,"Louie Varland",27691,686973
"Ryan Yarbrough","- - -",98.2,89.83854573340771,88.59744370616464,101.81896434108528,,,135.8687677040021,100.2771914893617,,,104.98434757856097,95.77643567089679,98.45826424500419,"Ryan Yarbrough",16502,642232
"Tyler Kinley","COL",64,69.76931937172776,66.6,,,110.20240331491713,,91.31649999999999,,,95.99012302284713,98.69119507908611,98.41782073813708,"Tyler Kinley",18297,641755
"Caleb Ferguson","- - -",54.1,96.33285740582158,115.7117391304348,104.82466457776864,,119.33000000000001,95.6217012802276,,,,100.40795917188953,100.7973026658579,98.38737427441703,"Caleb Ferguson",19349,657571
"John Brebbia","- - -",55.1,102.60412631578947,,,,93.50299029126214,,89.78666666666665,,,97.84515678959775,103.90359433324818,98.37664882605121,"John Brebbia",12777,605154
"Joe Kelly","LAD",32,99.54148148148145,111.52451612903226,,,111.5935593220339,,99.15894736842104,121.73734693877552,,109.59185185185189,90.79929629629635,98.33366666666666,"Joe Kelly",9761,523260
"Spencer Arrighetti","HOU",145,101.4306134371957,,92.30329268292682,,111.77315220868708,115.19025948103793,80.86455813953489,,,101.74453121703044,96.03806930344872,98.30152817504046,"Spencer Arrighetti",29921,681293
"Walker Buehler","LAD",75.1,96.63690721649483,96.09275229357799,95.69467625899283,,110.75988095238097,,80.00405797101449,95.194921875,,96.48423741547708,100.24414725770094,98.22166791885806,"Walker Buehler",19374,621111
"Reynaldo López","ATL",135.2,90.84178540772534,,,,107.20583870967744,99.76270491803278,95.50913580246915,,,96.87264086354938,103.19132700648436,98.1521197957749,"Reynaldo Lopez",16400,625643
"Zebby Matthews","MIN",37.2,96.13061889250815,,93.11637931034483,,105.35903225806453,105.62470588235296,89.75719298245613,,,98.21851123595506,99.10797752808992,97.9907865168539,"Zebby Matthews",31827,805673
"Danny Young","NYM",37.2,,117.83173913043478,93.08666666666666,,118.4277363896848,,,,,118.05376119402989,84.58931343283587,97.89226865671641,"Danny Young",18439,664849
"Simeon Woods Richardson","MIN",133.2,76.71504329004327,,,,94.5905027932961,90.18807511737089,107.08140271493211,,,89.4018094405595,106.48503496503497,97.87236013986013,"Simeon Woods Richardson",24494,680573
"Seth Lugo","KCR",206.2,94.69571045576406,89.99649913344886,97.80141176470589,87.62999999999998,104.292645631068,106.82096932515337,77.95351851851852,,,96.96480800258149,100.16541464988711,97.81102936431107,"Seth Lugo",12447,607625
"Austin Gomber","COL",165,80.22981571290013,81.38,,,96.49011709601876,,107.22507751937982,100.76056537102477,,93.040955011839,103.4392107340174,97.78807419100241,"Austin Gomber",16561,596295
"Tanner Bibee","CLE",173.2,87.87482619240099,114.12666666666668,,,106.76301038062284,104.77366666666668,105.10406249999998,,,98.62044257112751,101.41697225149284,97.7782156656129,"Tanner Bibee",30134,676440
"Bobby Miller","LAD",56,96.78776942355891,106.57118881118882,,,107.61881188118814,100.1717,110.9215238095238,,,102.61634285714287,92.25091428571429,97.70944761904761,"Bobby Miller",27483,676272
"Patrick Corbin","WSN",174.2,81.13031963470318,87.64773797338793,101.4445487364621,,99.3732056451613,71.06680851063831,96.04226804123712,,,93.8176821651631,102.36500346981263,97.68360860513533,"Patrick Corbin",9323,571578
"Buck Farmer","CIN",71,79.60598290598291,92.64260563380279,,,112.54742014742015,,98.10546938775511,,,98.13851237957732,100.74961496265192,97.67715383033742,"Buck Farmer",14814,571656
"Dennis Santana","- - -",71.2,109.64033492522306,96.93164864864863,100.84518867924528,,109.98080120698977,,85.88825806451614,,,104.28815723143467,93.08432240812681,97.62722988690533,"Dennis Santana",17878,642701
"Colin Poche","TBR",37.1,95.07091891891893,,,,93.51132947976879,,,,,94.5868148148148,98.66725925925925,97.61814814814814,"Colin Poche",19403,621363
"Ryan Fernandez","STL",66.2,95.62908333333334,109.212,91.3279674796748,,104.83312390924954,,,,,99.7029898648649,95.63141891891892,97.49831081081078,"Ryan Fernandez",24862,681676
"Dean Kremer","BAL",129.2,104.12863309352515,89.33670731707316,102.65187999999999,93.31995,,86.57435483870965,,,,97.56028650646951,98.78975970425141,97.45861367837344,"Dean Kremer",19350,665152
"Chase Anderson","- - -",58.1,83.17695364238412,85.62705882352942,95.76959302325578,,100.11376623376623,82.15414634146343,89.09411003236245,,,91.80908976544502,103.54762019766059,97.42027671586371,"Chase Anderson",6895,502624
"Sam Moll","CIN",37.2,104.97518987341772,95.94528089887639,,,111.98928104575164,,100.91714285714288,,,103.663961352657,97.84341384863127,97.30521739130438,"Sam Moll",14874,594580
"Yuki Matsui","SDP",62.2,96.96912529550826,,,104.72260869565221,104.82022099447512,91.8275,,,,101.81011718749996,93.07572265624997,97.18857421874993,"Yuki Matsui",33826,673513
"Trevor Richards","- - -",65.1,85.70396288438435,,,,,,112.03925051897696,,,99.8171965444839,97.72381852564538,97.15889146542762,"Trevor Richards",19309,670950
"Porter Hodge","CHC",43,98.01608142493639,,,113.6075,108.53344398340246,,,,,102.15601880877742,93.46423197492163,97.09695924764891,"Porter Hodge",26413,687863
"Graham Ashcraft","CIN",77.1,,79.55324675324675,93.3551166407465,,122.11794392523363,,101.5195,,,100.38554144884245,95.9035997012696,97.07992531740105,"Graham Ashcraft",27552,668933
"Cristian Javier","HOU",34.2,99.21267857142855,,,,111.00952380952383,,91.14104575163398,98.09359999999998,,100.46899824253077,93.28949033391913,96.9333567662566,"Cristian Javier",17606,664299
"Ronel Blanco","HOU",167.1,86.36341939591142,,,,85.98960240963855,92.86387596899223,99.79922454893897,,,89.80174288240656,103.2997978112341,96.72672731277984,"Ronel Blanco",19407,669854
"Eli Morgan","CLE",42,79.69107692307689,,,,98.87278969957082,,114.97908496732026,,,94.9827950310559,105.82223602484471,96.69118012422359,"Eli Morgan",20203,669212
"Brennan Bernardino","BOS",51,,108.9598,91.97666666666669,,88.97418880723573,107.36609271523179,,,,105.06994907489712,96.99985875733218,96.67936773243866,"Brennan Bernardino",16835,657514
"Joe Ross","MIL",74,94.34750000000001,86.75684931506851,,,93.92912751677852,104.14399999999998,76.47,,,90.14024959632174,105.8332759517228,96.66391656859794,"Joe Ross",12972,605452
"Kirby Yates","TEX",61.2,102.46243589743588,,,88.94518891687655,85.06666666666666,,,,,97.13513671875,101.74056640625001,96.61748046874997,"Kirby Yates",9073,489446
"Enyel De Los Santos","- - -",64,85.55747413481707,,,,106.52866151085499,,82.20361024033437,,,94.31708369786406,104.33995773234517,96.54439130155045,"Enyel De Los Santos",18403,660853
"Seth Martinez","HOU",52.2,94.97041825095057,92.82011976047907,,,119.7573387096774,,81.2406611570248,,,100.19016311166877,97.85771643663736,96.5189711417817,"Seth Martinez",21045,661527
"Jordan Hicks","SFG",109.2,86.40943396226415,94.17767857142857,,112.10016085790885,117.36225053078557,,,,,102.74774622816535,94.1970781321105,96.47722585500756,"Jordan Hicks",19618,663855
"Austin Adams","OAK",41.1,92.47624999999998,95.1157894736842,,,101.72346801346802,,,,,99.74308379888272,96.14708379888263,96.4229944134078,"Austin Adams",13801,613534
"Richard Lovelady","- - -",34.1,96.23980769230772,110.57160220994474,,,103.87218106995887,,,,,104.61252535373093,91.20748899046987,96.34457857012733,"Richard Lovelady",19337,663992
"Huascar Brazobán","- - -",51.2,88.81530612244897,103.94950226244345,104.17491071428572,,,,112.59992248062017,,,103.2071020525297,89.60497111410841,96.31845366029701,"Huascar Brazoban",6107,623211
"Landon Knack","LAD",69,91.48695488721805,,,,108.15959301743854,87.66935483870968,92.53604790419165,,,94.78977341235304,102.29307453916682,96.30396931309029,"Landon Knack",27487,689017
"Mitch Keller","PIT",178,94.6780831408776,94.1922807017544,95.97828080229228,,112.1534047109208,91.26065693430655,90.60818181818182,,,99.28206120295467,97.36498065423841,96.26865283151601,"Mitch Keller",17594,656605
"JT Chargois","- - -",36.1,73.14,86.81801369863014,,,107.56701754385965,,59.94,,,95.47826086956519,100.53943289224951,96.24158790170132,"JT Chargois",13767,608638
"Kyle Muller","OAK",49.1,85.23612403100776,,,,108.00871508379889,106.94803921568628,94.21368421052632,,,94.58618585298193,101.71511789181693,96.23742024965324,"Kyle Muller",20167,666205
"José Berríos","TOR",192.1,87.22070175438594,89.30252631578949,88.83797979797984,,,98.84385572139306,83.33400437636762,,,90.64886832740211,104.84941637010675,96.21814234875447,"Jose Berrios",14168,621244
"Kyle Freeland","COL",113.1,90.25469273743015,80.97783410138248,,,80.17592039800995,,71.6985123966942,115.20288288288286,,87.84122448979595,106.8414285714286,96.0772902494331,"Kyle Freeland",16256,607536
"Braxton Garrett","MIA",37,80.72506024096386,96.47224489795917,83.76481481481481,,99.76448717948719,77.1046153846154,92.66630136986304,,,92.6015332197615,102.11267461669505,96.02776831345827,"Braxton Garrett",21844,666129
"Justin Anderson","CHW",53.1,106.2912987012987,106.33985401459854,95.15211267605632,,107.4755348837209,,,,,105.95483050847456,89.24180084745764,95.93853813559323,"Justin Anderson",16201,605121
"Justin Wrobleski","LAD",36.1,98.46051428571428,92.84,117.03038961038962,,120.45918367346938,98.48957746478872,88.66000000000001,,,102.1384791420113,94.60324796583065,95.86029938413367,"Justin Wrobleski",31204,680736
"Bryse Wilson","MIL",104.2,101.47012145748988,100.71262357414447,90.45783595113437,,,99.93859649122807,75.58492753623187,,,96.11128649675844,101.01172682004025,95.77965617402965,"Bryse Wilson",19990,669060
"Sam Long","KCR",42.2,94.4765925925926,,,91.488,115.95592592592591,93.99987179487177,,,,100.63670014347203,95.03601147776185,95.76665710186514,"Sam Long",25379,669674
"Trevor Rogers","- - -",124.1,93.253661971831,84.85899628252788,,,96.80367965367967,,93.27373358348967,,,91.98269934841419,100.13550790114671,95.74565670318943,"Trevor Rogers",22286,669432
"Jonathan Hernández","- - -",43.1,,96.75756756756756,,,109.14992000000001,,85.31844444444445,,,101.4932250151601,94.12489377862607,95.62838413064802,"Jonathan Hernandez",17464,642546
"Jacob Webb","BAL",56.2,100.83363855421685,,,,96.59549618320608,,95.26630350194552,,,98.06356223175966,98.07763948497849,95.54768240343347,"Jacob Webb",19274,657097
"David Peterson","NYM",121,84.56778225806451,95.49806896551722,,,108.84260869565219,93.4160839160839,91.8014332247557,,,94.2598174006445,98.00524167561763,95.54638023630508,"David Peterson",20302,656849
"Rhett Lowder","CIN",30.2,86.53294117647059,89.53720930232559,,,94.67573529411764,,94.8540206185567,,,91.14837022132798,102.6156941649899,95.4413682092555,"Rhett Lowder",33876,695076
"Xzavion Curry","- - -",42.2,81.83791139240508,,,99.82000000000001,101.24509090909092,105.93348314606739,91.14222222222222,,,92.12424701103406,105.25160546196182,95.41897504282366,"Xzavion Curry",25595,675540
"Eduardo Rodriguez","ARI",50,88.94241469816272,98.15151515151516,99.52610778443112,,105.0238596491228,,84.7188717948718,,,91.78092807424596,103.28802784222741,95.39201856148492,"Eduardo Rodriguez",13164,593958
"Kody Funderburk","MIN",34.2,,117.45767441860465,98.98442105263157,,116.65849056603773,,95.21416666666666,,,108.25414860681111,86.31879256965946,95.32315789473684,"Kody Funderburk",24993,681892
"Josh Fleming","PIT",31.1,99.44,110.33890547263682,82.28823529411765,,,102.27151515151515,89.57549999999999,,,96.4287581653244,96.06456000148832,95.3222402442413,"Josh Fleming",20418,676596
"José Ureña","TEX",109,93.55261261261262,94.96564673157164,,,100.24036605657238,,77.1820668693009,,,93.35260951455034,99.58504300086123,95.29431892054161,"Jose Urena",11589,570632
"Miles Mikolas","STL",171.2,83.12575596816976,88.58859424920125,,,113.79181489515545,97.18585987261147,83.70632034632037,,,91.67766839378235,108.07404145077722,95.27307920059212,"Miles Mikolas",9803,571945
"Max Meyer","MIA",57,82.03160104986877,96.17699999999999,,,102.86517766497464,,89.43745664739885,,,92.10997929606623,98.1903933747412,95.22844720496897,"Max Meyer",27474,676974
"Rafael Montero","HOU",38.1,96.6895512820513,110.04150943396228,,,101.1732,,87.3826923076923,,,98.01196454948307,95.88939438700146,95.22531757754805,"Rafael Montero",12760,606160
"Edward Cabrera","MIA",96.1,88.64551578947368,102.79,,,110.87310810810811,105.39531914893617,97.79193043478261,,,98.52743648960737,94.77315242494227,95.21461893764436,"Edward Cabrera",21690,665795
"Tobias Myers","MIL",138,100.4617633410673,87.24199999999999,87.94323886639675,,91.59924611973393,90.96340909090911,111.62114285714284,,,96.56716189643879,98.44129203188737,95.18499702341538,"Tobias Myers",22191,668964
"T.J. McFarland","OAK",56.2,82.93599999999999,87.89665024630543,69.42,,86.62267912772583,,76.38563106796116,,,85.92503631961262,110.50213075060532,95.16883777239713,"T.J. McFarland",3237,519008
"Davis Martin","CHW",50,90.73173228346458,,86.96025641025642,,100.82803347280334,94.31911764705882,101.25531428571429,,,95.11199150798292,97.70923626004638,95.09514178635646,"Davis Martin",21448,663436
"Tyler Anderson","LAA",179.1,93.27306759098788,91.82041237113404,105.43748148148148,,112.03473684210527,75.67999999999999,96.55308687615528,,,96.92608126721765,97.65589531680432,95.01380165289255,"Tyler Anderson",12880,542881
"Nick Sandlin","CLE",57.2,101.0637837837838,99.79608695652172,,86.15383458646617,110.35713467048714,,,,,100.23102027209436,93.17637552459571,94.99317428438204,"Nick Sandlin",20517,680704
"Charlie Morton","ATL",165.1,83.58178660049627,99.44724637681158,86.84465753424658,,,117.46267117497887,85.540325732899,,,99.94616216216215,96.76443243243246,94.84448288288289,"Charlie Morton",4676,450203
"Cade Povich","BAL",79.2,97.87565371024735,98.82103448275862,98.57557692307692,,110.39044444444444,96.94404411764705,76.32238410596027,,,97.09087617668355,97.91348298334542,94.57146994931212,"Cade Povich",30055,700249
"Colin Rea","MIL",167.2,100.95440313111548,90.08264242424242,92.45052427184467,79.75525862068966,102.17459340659343,99.08857142857141,,,,94.19468596838637,100.82802456640489,94.45143189232112,"Colin Rea",12317,607067
"Bryce Elder","ATL",49.2,71.11927272727273,80.3678804347826,,,108.0070588235294,,91.35859649122808,,,89.31986078886312,102.10164733178652,94.36893271461716,"Bryce Elder",27779,693821
"Dillon Tate","- - -",36.2,,98.31097178683385,,,124.36812182741114,,78.69511741249448,,,104.28251860272164,90.66596436901007,94.32919108375962,"Dillon Tate",17796,622253
"Kyle Gibson","STL",169.2,70.61344262295083,86.20035616438354,79.50380789022297,,101.90273204903676,93.45866108786609,77.73294545454547,,,85.71371658733067,102.31565726839986,94.28794580739651,"Kyle Gibson",10123,502043
"JP Sears","OAK",180.2,88.35500963391137,73.42629139072847,,,118.74082730093072,,75.40349726775959,,,94.20482807017547,102.15967017543862,94.20292631578944,"JP Sears",23429,676664
"Sixto Sánchez","MIA",35.2,85.17243243243244,97.93933333333334,106.80549763033174,,,,83.50758974358975,,,92.53336584199195,100.15218808960698,94.1160622890702,"Sixto Sanchez",19680,664350
"Alex Faedo","DET",57.1,94.05564971751411,93.0822222222222,,,100.97854636591478,,93.58429999999997,,,96.65863991468588,98.83410009245628,94.076615465143,"Alex Faedo",19874,656412
"Jon Gray","TEX",102.2,84.63044444444445,,,,98.28320675105485,89.07243243243244,82.9798260869565,,,90.70206456633493,103.09743620372525,93.96951387815972,"Jon Gray",14916,592351
"Anthony Molina","COL",59.2,72.62406149174417,,,,99.43349822714084,120.99074626865674,106.55714153112669,,,89.70744580542922,102.7291540111077,93.76776700581368,"Anthony Molina",26952,683627
"Fernando Cruz","CIN",66.2,84.49903485254691,,81.22797250859107,121.20549266247379,,,,,,99.06588593646413,92.13929322688563,93.75493243779385,"Fernando Cruz",7048,518585
"Carson Spiers","CIN",90.2,98.95995698924732,89.52117647058824,88.50766129032259,,104.4316261038358,,69.42297872340426,,,94.35452801488194,100.74847714910013,93.73680681822482,"Carson Spiers",27685,686730
"Keider Montero","DET",98.1,88.44861842105263,100.68,,,102.3481683168317,,93.68853503184712,96.07341614906831,,94.9799692544197,98.72952268484782,93.63559615480598,"Keider Montero",22630,672456
"Brad Keller","- - -",41.1,87.946,84.46432432432434,,,114.47546195478242,90.73454545454545,86.7880412371134,,,95.88960620864351,95.99257650951196,93.59561957196028,"Brad Keller",15734,641745
"Cole Irvin","- - -",111,86.5281974248927,94.6203677918087,99.70997686898593,,119.21168079096047,98.2016591928251,84.79227252724496,,,94.11625460085224,99.55519772263467,93.56178250617009,"Cole Irvin",19244,608344
"Chris Bassitt","TOR",171,89.66330827067668,97.6024398340249,93.25159519725558,89.68551181102362,105.91077151335311,97.12824691358024,80.72573248407643,,,96.5400880758808,98.4943970189701,93.51925474254739,"Chris Bassitt",12304,605135
"Sean Manaea","NYM",181.2,102.32886904761904,97.79316358024691,89.57156398104266,,108.36595744680855,,83.57205882352942,,,99.48926526388408,95.6146878233874,93.50687133494311,"Sean Manaea",15873,640455
"Thyago Vieira","- - -",38,102.13865030674847,91.94925170068028,,,99.99939163498098,,97.74999999999999,,,97.20766049997106,96.85408031741733,93.50579544965463,"Thyago Vieira",14510,600986
"Griffin Canning","LAA",171.2,77.78181649675626,87.61357142857142,,,106.73439767779392,85.54870129870132,92.09129411764705,,,89.46795895334935,99.7390454466462,93.50189899186118,"Griffin Canning",19867,656288
"Kyle Hendricks","CHC",130.2,79.15239852398525,86.80179419525068,,,,88.47698924731183,89.99293833131802,,,87.28707302416649,106.7205601725579,93.49399606113707,"Kyle Hendricks",12049,543294
"Bailey Falter","PIT",142.1,96.97950248756219,100.3329010238908,,66.75833333333334,92.22615044247786,91.05423948220064,,,,95.32165611300537,97.7380126643936,93.49345348270828,"Bailey Falter",20070,663559
"Merrill Kelly","ARI",73.2,96.40223214285713,88.77580838323352,90.14613240418117,,97.1783582089552,101.40818181818184,80.69807531380752,,,90.89165202108964,100.03376098418278,93.388927943761,"Merrill Kelly",11156,518876
"Trevor Williams","WSN",66.2,86.7083204134367,81.93441860465117,,,97.13401084010839,,80.9882681564246,,,90.00278145695367,102.94270577105011,93.22677388836328,"Trevor Williams",16977,592866
"Javier Assad","CHC",147,86.86238805970147,99.47585446527009,82.9765265082267,,110.25002832861192,105.36027210884356,98.3659829059829,,,95.8938924050633,94.98333069620254,93.19628955696204,"Javier Assad",21741,665871
"Jesse Chavez","ATL",63.1,,83.66241992882561,95.09737335834896,,113.85058823529413,114.9657534246575,71.60985714285714,,,90.53080924855493,104.963506743738,93.14497109826586,"Jesse Chavez",5448,445926
"Jeffrey Springs","TBR",33,86.29765690376568,59.36,84.9323076923077,,103.10398496240602,,103.05608938547486,,,92.92287744227353,98.93378330373002,93.03026642984013,"Jeffrey Springs",17677,605488
"Taylor Rogers","SFG",60,,95.05796672828096,,,115.0675255623722,,,,,104.55468871595332,93.76782101167315,92.9900389105058,"Taylor Rogers",13449,573124
"Ryan Feltner","COL",162.1,83.69926393270244,96.4796951219512,,,97.19328316086549,103.7223846153846,92.27108179419524,,,90.91026100506431,101.35725749902605,92.95948578106737,"Ryan Feltner",21446,663372
"Tyler Phillips","PHI",36.2,85.61000000000001,84.12388888888889,,,103.89633136094675,96.74481927710843,84.57631578947368,,,92.03700698644971,102.8462658812964,92.91652500066034,"Tyler Phillips",20629,663969
"Mark Leiter Jr.","- - -",58,,84.16368524590163,75.97832611832612,96.57666666666665,84.62089567604667,79.07364609716785,,,,87.22650553940035,101.9405173688786,92.84571114936848,"Mark Leiter Jr.",15551,643410
"Adam Mazur","SDP",33.2,80.27379912663756,97.00166666666667,,,115.03715736040608,103.34054054054054,85.23433333333332,,,96.1557804459691,93.21574614065183,92.84545454545453,"Adam Mazur",31900,800049
"Kyle Tyler","MIA",31.2,81.6689156626506,,97.73223076923077,,77.12738461538461,79.00412121212122,70.8,,,87.44980299409355,100.31971718322414,92.82562191210889,"Kyle Tyler",22092,667725
"Lance Lynn","STL",117.1,102.73106957424714,85.07847507331378,102.14136563876652,,121.36230769230768,103.55732283464566,76.08859375,,,98.26741506646975,95.07302806499261,92.57283111767602,"Lance Lynn",2520,458681
"Reese Olson","DET",112.1,73.96898617511519,98.91488126649077,,,97.55060194174759,100.25446428571429,99.58760290556901,,,92.82890948745916,99.4578844056707,92.35500545256265,"Reese Olson",24968,681857
"Mason Black","SFG",36.1,102.39342723004697,95.15576719576718,,,98.25292964569368,,75.49066666666667,,,98.05153287342681,98.00444240041541,92.24553984620331,"Mason Black",30171,696131
"Shelby Miller","DET",55.2,94.62352705410822,,,91.46500000000002,79.40589595375724,,,,,90.81482381530986,101.1976184690158,92.24167679222354,"Shelby Miller",10197,571946
"Héctor Neris","- - -",59.1,88.20967880085654,87.90222222222222,,105.20874692874693,92.45142857142858,,,,,96.80085513289818,98.67212339632258,92.21559894688144,"Hector Neris",11804,593576
"Declan Cronin","MIA",70.1,101.09822784810125,87.22390134529151,,,95.05328290468984,,,,,92.42903934126257,98.35848124428182,91.9929917657823,"Declan Cronin",25645,686539
"Albert Suárez","BAL",133.2,83.74676812891671,,95.91284403669724,,,99.92547297297301,80.23953246753246,,,87.64298655995634,103.18543925126674,91.94539720545701,"Albert Suarez",6175,544150
"Grant Holmes","ATL",68.1,79.7974345549738,,87.74904761904762,,104.08234567901235,101.42972972972974,72.55666666666667,,,92.72939786768234,98.60808162637957,91.94415037188098,"Grant Holmes",16944,656550
"Brent Honeywell","- - -",37.2,74.32907894736843,80.19955555555555,,,114.58140845070423,,134.01999999999998,,,94.29534260249552,99.62009982174688,91.91161293608353,"Brent Honeywell",16466,641703
"Daniel Lynch IV","KCR",43.1,79.00275555555554,104.25174603174604,93.47333333333334,,102.26341176470588,,94.428,90.32270270270268,,91.79826941594527,98.23533631105582,91.87226380057983,"Daniel Lynch IV",21537,663738
"Matt Waldron","SDP",146.2,84.20202150537634,82.41637393767705,82.97819905213271,,95.98654320987654,,,,,90.93187557783124,101.25858134269258,91.85084485055461,"Matt Waldron",25550,663362
"Tanner Gordon","COL",34.1,81.49695945945946,110.02,,,102.03259259259258,100.67407407407407,95.1853448275862,,,90.76539101497502,103.59620632279534,91.81084858569052,"Tanner Gordon",27669,685299
"Mitchell Parker","WSN",151,88.09565068493151,,,94.81781659388642,106.27169491525424,85.71612546125459,,,,90.6229549248748,101.26986644407341,91.76254590984975,"Mitchell Parker",27636,680730
"Martín Pérez","- - -",135,80.48551724137931,87.17095057034221,83.23544147843941,,99.42,83.65270967741934,88.64223552894211,,,85.76211782117682,103.96886402686647,91.70102794703419,"Martin Perez",6902,527048
"Steven Wilson","CHW",34.2,95.73854838709676,,125.71333333333332,,115.23862068965518,,95.39519999999999,,,106.05003225806453,85.7351935483871,91.48419354838708,"Steven Wilson",20353,621051
"Joey Cantillo","CLE",38.2,89.41210374639769,,,,79.88333333333334,99.3738888888889,108.86510204081634,,,95.50013532190275,95.77294992805052,91.3713765517914,"Joey Cantillo",23335,676282
"Adam Oller","MIA",42.1,98.65008219178083,,,,103.48666666666668,88.79356401384084,78.34359999999998,,,93.61810734463278,93.95522598870058,91.2697175141243,"Adam Oller",20132,670124
"Joey Wentz","- - -",67.1,85.31191964285715,,102.35125,,,101.50830188679245,93.06880341880341,,,94.26173914102951,96.19588620164487,91.08386665854398,"Joey Wentz",19962,666214
"Ryan Burr","TOR",32.2,87.76684444444443,,,,87.66968115942026,,,,,87.70803508771931,101.1796842105263,91.08287719298245,"Ryan Burr",17536,621114
"Ben Brown","CHC",55.1,84.54315789473685,,,,,,80.00857142857144,123.56825082508252,,98.4254074433642,92.97800298435888,90.9975197641061,"Ben Brown",23590,676962
"Robbie Ray","SFG",30.2,108.23839464882944,,,,93.82274725274725,,,108.16141176470589,,103.6737699115044,87.90237168141594,90.99150442477875,"Robbie Ray",11486,592662
"Adrian Houser","NYM",69.1,81.53039340776185,96.14140301050838,,,85.36097000245881,74.39553287981859,86.20641522988507,,,88.663725021869,100.91431958663901,90.96598826075792,"Adrian Houser",12718,605288
"Jordan Leasure","CHW",31.1,97.66805970149254,,,,98.7686956521739,98.388125,,,,98.05341681574238,91.52393559928448,90.90669051878352,"Jordan Leasure",29950,673929
"Jared Shuster","CHW",73.1,79.76772727272726,87.33000000000001,,,90.47438692098095,,84.31440633245381,,,84.48201750481516,103.09944233687924,90.78504138677333,"Jared Shuster",27472,694363
"Kyle Harrison","SFG",124.1,88.61353923205343,,,,96.10000000000001,90.23601642710473,87.06580487804877,,,88.70250602409638,102.6170795180723,90.78371084337348,"Kyle Harrison",27758,690986
"Andrew Abbott","CIN",138,88.42536429143314,,,,124.06640973630833,88.71837037037035,88.31501312335958,,,94.79763237193286,96.76039603960399,90.6908222126561,"Andrew Abbott",29911,671096
"Quinn Priester","- - -",49.2,80.62034188034188,93.508,,,94.47911504424778,91.25796610169492,80.93409523809524,,,89.95782579307253,99.77718257439231,90.623581869918,"Quinn Priester",25977,682990
"Matthew Boyd","CLE",39.2,86.32750000000001,91.37794117647059,,,104.8644827586207,101.18518518518519,87.00297142857143,,,91.44655688622753,102.9656886227545,90.485,"Matthew Boyd",15440,571510
"Jake Diekman","NYM",32,100.04190735694824,39.6,,,113.58095238095238,,84.79263157894738,,,102.30091525423727,92.65644067796607,90.4310847457627,"Jake Diekman",5003,518617
"Yariel Rodríguez","TOR",86.2,87.83043902439026,88.71271604938272,,99.25777777777778,105.9104245283019,92.78292993630573,,,,94.64314457028647,92.95762824783475,90.40158560959367,"Yariel Rodriguez",33838,684320
"Erik Swanson","TOR",39.1,83.36576576576576,,,111.28757281553398,84.55906249999998,,,,,92.21593373493975,97.7114156626506,90.39210843373499,"Erik Swanson",16587,657024
"Jose Quintana","NYM",170.1,86.44987301587301,91.80301568154405,,,,95.27292861907941,85.01890566037737,,,88.70363103953144,98.6908418740849,90.3661713030747,"Jose Quintana",11423,500779
"Hogan Harris","OAK",72.1,95.75847730600293,,,,89.82542857142857,95.58431578947369,97.73219999999999,,,95.39029620502166,96.0180932691996,90.36528773068292,"Hogan Harris",21520,663687
"Angel Chivilli","COL",31.2,,69.84850467289719,,,104.32148936170213,,90.26458536585365,,,84.33079922027287,102.74506822612086,90.23840155945422,"Angel Chivilli",26790,683409
"Brady Singer","KCR",179.2,84.2011343283582,87.58001631321369,,,96.26504143044045,,68.74436363636364,,,89.0343870314083,99.4722661263087,90.15521783181353,"Brady Singer",25377,663903
"DL Hall","MIL",43,82.12192090395479,,,,100.62964285714285,89.22692307692307,87.048125,,,87.22194224579601,101.91560340924991,90.06736427164205,"DL Hall",22207,669084
"Emerson Hancock","SEA",60.2,83.1289425981873,89.28079470198675,,,95.98419161676647,,85.5051401869159,,,87.5901480750247,101.0157749259625,90.0528134254689,"Emerson Hancock",27470,676106
"Yonny Chirinos","MIA",30,78.07176470588236,95.10183006535948,,100.3242105263158,107.1410945273632,,,,,97.7605436893204,95.30784466019419,90.01328155339803,"Yonny Chirinos",16401,630023
"José Suarez","LAA",52.1,99.92984771573605,93.81218390804597,100.864,,108.54654355225783,93.64,95.87622950819673,,,100.33516973395317,88.03061378828436,90.00382243628609,"Jose Suarez",19911,660761
"Chris Stratton","KCR",58.1,87.5430971128609,94.81793103448275,,,90.48562211981569,100.93181818181813,88.7581818181818,,,91.95373615307152,95.21510574018129,89.97013091641493,"Chris Stratton",13761,608717
"DJ Herz","WSN",88.2,98.49427906976744,,,,100.066338028169,,101.40570694087404,86.42603773584904,,99.06583227445994,92.4218297331639,89.91912325285898,"DJ Herz",26389,687792
"Luis Medina","OAK",40,87.73633986928105,112.44485436893206,,,109.07502762430939,119.40383561643837,98.6540350877193,,,100.69810848400557,89.87557719054242,89.77646731571627,"Luis Medina",21649,665622
"Julian Aguiar","CIN",31.2,,74.75328671328671,,,124.83347368421052,94.56040816326531,75.98179999999999,,,85.722797731569,105.21765595463138,89.7527032136106,"Julian Aguiar",30031,687924
"Alec Marsh","KCR",129,90.73937421777222,96.4123745819398,,,105.28259272930332,100.66816901408453,85.42212962962961,,,95.14329955135348,95.71621804614092,89.72420194956143,"Alec Marsh",27451,679525
"Carson Fulmer","LAA",86.2,96.84203488372094,91.70108882521491,,,92.8858858858859,88.87951219512196,81.56901763224181,,,90.05109581275661,95.4264726298658,89.68956288548127,"Carson Fulmer",18311,608334
"Roansy Contreras","- - -",68.1,90.88499999999999,94.0748623853211,,,104.4833171795696,90.20554455445544,85.27292035398231,,,94.84772175802884,93.7133487139462,89.61947831985782,"Roansy Contreras",22810,672710
"Andrew Chafin","- - -",56.1,85.14756211180124,93.36360686511131,,,108.36424151874888,,,,,98.87406328229225,87.20287340589817,89.60060392164584,"Andrew Chafin",12988,605177
"Joe Boyle","OAK",47.2,96.27919298245612,,,,141.73651463963964,108.03555555555556,,,,106.4804362527105,79.84895586019333,89.33394325407032,"Joe Boyle",29608,671212
"Jalen Beeks","- - -",70,90.06078063067567,,107.98969260533664,,,116.44907407407408,94.10360218044278,,,94.41259571363534,92.12023774798423,89.18644753389621,"Jalen Beeks",17192,656222
"Osvaldo Bido","OAK",63.1,106.67475961538463,108.22704761904762,117.02927152317879,,112.4756053811659,,79.38546583850932,,,104.8474692727805,82.26103660168816,89.04431288584917,"Osvaldo Bido",23150,674370
"Jordan Weems","WSN",41.2,93.77636363636364,,,117.252,109.119765625,130.56333333333333,,,,100.06473324213405,88.89737346101231,88.78683994528046,"Jordan Weems",13190,607179
"Matt Moore","LAA",48.1,86.48272300469483,,121.33999999999999,,,,124.51522388059702,107.02440000000003,,102.38424028268548,86.72617196702001,88.7605653710247,"Matt Moore",1890,519043
"Michael Lorenzen","- - -",130.1,83.70514084507043,99.15760180995476,88.64267942583731,,100.83955926781552,81.01341463414634,90.59277353689568,,,90.80878321079223,95.30162104761807,88.44390862510805,"Michael Lorenzen",14843,547179
"Marcus Stroman","NYY",154.2,82.6,85.01487702942805,89.2742330521712,72.43568541807866,97.15947812615615,98.82376732414735,,,,88.12399432051492,97.25188462695402,88.40390148874606,"Marcus Stroman",13431,573186
"Tanner Rainey","WSN",51,104.85639639639635,,,,104.45484615384613,,83.07384615384616,,,104.44364217252395,84.92922257720984,88.39122470713525,"Tanner Rainey",17610,663432
"Scott Barlow","CLE",55,87.49521531100481,86.2833576642336,,,108.46017353579175,118.96483720930236,,,,103.25883168316828,86.73964356435641,88.25831683168316,"Scott Barlow",14993,605130
"Nick Anderson","KCR",35.2,72.56263565891476,72.29812080536914,,,,109.4527969348659,88.48647058823529,,,91.34683870967741,99.76599999999999,88.21864516129025,"Nick Anderson",18337,623433
"Jake Woodford","- - -",35,85.10125000000001,86.26888221180798,85.36444209039547,,105.48207413147358,,74.66748387096774,,,90.93056136420213,97.57709248195171,87.85875298730396,"Jake Woodford",18674,663765
"Alex Wood","OAK",39.1,,91.52957020057308,,,94.76,,78.2434319526627,,,89.71333333333335,101.04326639892906,87.64618473895582,"Alex Wood",13781,622072
"Valente Bellozo","MIA",68.2,72.30420537897311,,96.08700361010831,,124.43150442477877,88.15328467153284,83.65822784810126,,,87.26604395604397,98.28335164835164,87.55710622710626,"Valente Bellozo",23899,678368
"Michael Soroka","CHW",79.2,95.81871794871795,93.36216906318081,,,97.22049335863379,,92.09514285714285,,,95.43009902875673,91.49063672848905,87.54833347767577,"Michael Soroka",18383,647336
"Jordan Montgomery","ARI",117,79.22646706586828,90.16591596638658,,,112.62352941176471,105.55426644182124,90.21029490616618,,,93.39726610774933,92.99529697759671,87.4466305648129,"Jordan Montgomery",16511,656756
"Hayden Birdsong","SFG",72,79.86575121163166,,,,107.05145098039213,114.76517374517374,114.33450980392158,,,97.78540579710146,88.6525652173913,87.4273043478261,"Hayden Birdsong",31635,806185
"Roddery Muñoz","MIA",82.2,99.6119799498747,100.68106194690264,95.22685714285716,,106.74965986394558,,77.24260869565218,,,98.2677967881569,88.36809944593828,87.37646905356699,"Roddery Munoz",25311,682610
"Jake Bird","COL",40,90.50800000000001,87.71979729729729,98.62318181818183,,117.05803108808288,124.77000000000004,82.2,,,103.68308868501528,87.99562691131496,87.21498470948015,"Jake Bird",21267,656234
"Carlos Carrasco","CLE",103.2,80.14613636363636,87.145,,,93.82736020806243,100.50403508771929,85.29033419023135,,,86.3059678379988,97.61468731387735,87.16304943418699,"Carlos Carrasco",6632,471911
"James Paxton","- - -",100.1,82.1836344314559,91.29082352941177,109.21811320754716,,,,111.49232142857144,93.37326885880077,,88.7886290693916,98.30926816512984,86.92903433139392,"James Paxton",11828,572020
"Tayler Saucedo","SEA",38.2,81.19250000000002,106.12647887323944,,,107.76740331491713,106.86941176470589,75.94367346938773,,,98.67098228663444,87.30818035426735,86.9002898550725,"Tayler Saucedo",17888,642048
"Chad Kuhl","CHW",53.1,105.51640449438203,91.48026431718061,83.88637362637364,,115.54646691027204,,85.18854838709676,,,96.99997361925334,87.1726520915061,86.7156552430908,"Chad Kuhl",14975,641771
"Taijuan Walker","PHI",83.2,87.97732256693583,85.87819848154595,87.23471216097987,85.12978703748725,105.14147359913792,88.97524098671727,,,,89.87761730202254,93.4134857637672,86.70952988474943,"Taijuan Walker",11836,592836
"Shawn Dubin","HOU",45.1,90.4267571010501,,97.97128211833933,,110.20686733556298,99.50357030636295,98.00013046116504,,,96.13046094168004,86.15156895398609,86.67650120385231,"Shawn Dubin",24977,681869
"Pedro Avila","- - -",82.2,85.6828057553957,88.39760048080534,,,89.15773213660009,82.04350877192984,97.07057692307693,,,88.3328950902798,96.52357116712876,86.63910370017564,"Pedro Avila",18864,658648
"Tommy Henry","ARI",38.1,79.95085427135679,86.30879999999999,,,108.70217391304347,90.50817073170732,81.96563106796117,,,85.78279334984617,100.3952761548013,86.22641963686392,"Tommy Henry",26285,674072
"Chris Flexen","CHW",160,73.05092664092665,80.24,87.50879781420764,,91.58344262295081,76.50467836257309,101.75136363636365,,,83.42643735290436,100.59502481844038,86.10988872828251,"Chris Flexen",13896,623167
"Scott McGough","ARI",32.2,86.49251908396947,84.83636363636363,,94.34231213872833,100.89289473684211,,,,,90.47773748123002,93.40937030750146,86.0710646993537,"Scott McGough",12056,543518
"Dane Dunning","TEX",95,86.44625,89.02808176100629,81.64748427672956,,87.32237373737375,,75.07829383886256,89.53265822784809,96.28,85.45092406201344,98.50902775036731,86.06663695370919,"Dane Dunning",19409,641540
"Bryce Jarvis","ARI",59.1,84.41291066282422,102.82453333333335,101.84203124999999,,111.6110924369748,106.63,97.13299270072994,,,97.69453093812379,88.85890219560885,86.0429740518962,"Bryce Jarvis",27477,686826
"Cal Quantrill","COL",148.1,,77.438640776699,92.50105571847509,84.79094763092272,,103.63531914893613,73.82565217391304,,,85.08553979511427,96.58388494877853,85.77717100078799,"Cal Quantrill",19312,615698
"Tommy Kahnle","NYY",42.2,88.65289855072463,83.88000000000002,,,94.5328205128205,,91.34198852772467,,,90.95977415307405,90.29528230865743,85.45661229611044,"Tommy Kahnle",11384,592454
"Drew Thorpe","CHW",44.1,71.29396551724139,,88.83139999999997,,97.98628099173555,,91.9621875,,,84.40856745479833,96.76297635605005,85.21574408901253,"Drew Thorpe",31967,689672
"Peter Lambert","COL",61.1,82.42435000000002,99.375,94.492,,94.28246153846153,105.57552666666665,101.32792307692307,,,93.17024695035,90.13202659784898,84.9096640425263,"Peter Lambert",17969,663567
"Bradley Blalock","- - -",30.2,78.18986547085201,,91.22444444444444,87.99443037974683,97.57916666666667,110.7651851851852,,,,88.06962609105115,93.22095835067869,84.61174458995582,"Bradley Blalock",26419,687134
"José Buttó","NYM",74,97.9416103896104,85.85565836298933,,,93.82231080139373,,87.67249070631968,,,92.0337876941149,87.74810970849492,83.91365836094734,"Jose Butto",23313,676130
"Ben Lively","CLE",151,75.01724867724867,86.17107604017217,,,97.50534908700325,90.68824644549761,70.43477064220184,,,83.74097375105842,102.50330228619816,83.75283657917018,"Ben Lively",14932,594902
"Logan Allen","CLE",97.1,85.46605459057072,,95.36617283950619,,99.79621794871795,,85.89111842105264,,,89.68216444981866,95.26970979443766,83.74944377267232,"Logan Allen",27589,671106
"Kyle Nicolas","PIT",54.2,95.42070450097846,,,,120.97578431372553,115.8257819905213,,,,105.67726086956519,77.91047826086957,83.71863043478263,"Kyle Nicolas",27775,693312
"Darren McCaughan","- - -",42,82.43424460431655,81.94231111111111,,,100.68878228782286,,82.7906329113924,,,89.25628851540617,96.46749533146593,83.69768207282914,"Darren McCaughan",20038,670766
"Marco Gonzales","PIT",33.2,82.46651162790697,76.5368,84.14892307692308,,,82.42581818181819,83.6811510791367,,,82.63856880733942,99.42590825688075,80.71614678899084,"Marco Gonzales",15467,594835
"Ty Blach","COL",71.1,65.85437340153454,78.53478260869566,85.01045161290324,,70.58,79.45129032258063,73.13237410071943,,,73.83570394136314,108.28226860606603,80.06630597972509,"Ty Blach",14361,621389
"Dakota Hudson","COL",89,77.62568720379149,85.97049040511727,101.52,,86.73023529411765,96.58933852140079,82.92481751824818,,,86.62267515923571,90.0723425336164,80.05620665251237,"Dakota Hudson",19206,641712
"Triston McKenzie","CLE",75.2,86.93390922401171,,,,92.9312408759124,99.27965417867435,,,,91.48725308641978,82.31922839506173,76.70938271604939,"Triston McKenzie",18000,663474
"Nick Nastrini","CHW",35.2,98.14336336336336,,,,90.27909774436093,80.71746031746032,85.49305555555557,,,92.54704002756125,71.91740832231899,71.77779439242842,"Nick Nastrini",29833,680897